-46.32099915 41.80199814 465.73999023
-46.32099915 41.18099976 465.73999023
-46.32099915 40.56100082 465.73999023
-46.32199860 39.94100189 465.75000000
-46.32199860 39.32099915 465.75000000
-46.32300186 38.70000076 465.76000977
-45.72399902 10.78600025 465.97000122
-45.72399902 11.40699959 465.97000122
-45.72399902 12.02799988 465.97000122
-45.72399902 12.64900017 465.97000122
-45.72399902 13.27000046 465.97000122
-45.72399902 13.89000034 465.97000122
-45.72399902 14.51000023 465.97000122
-45.72299957 15.13000011 465.95999146
-45.72299957 15.75100040 465.95999146
-45.72299957 16.37199974 465.95999146
-45.72200012 16.99300003 465.95999146
-45.72200012 17.61400032 465.95999146
-45.72299957 18.23500061 465.95999146
-45.72299957 18.85600090 465.95999146
-45.72200012 19.47699928 465.95999146
-45.72200012 20.09600067 465.95999146
-45.72200012 20.71599960 465.95001221
-45.72100067 21.33600044 465.95001221
-45.72200012 21.95700073 465.95001221
-45.72100067 22.57799911 465.94000244
-45.72100067 23.19899940 465.94000244
-45.72100067 23.81900024 465.94000244
-45.72000122 24.44000053 465.94000244
-45.72000122 25.06100082 465.94000244
-45.72000122 25.68099976 465.92999268
-45.72000122 26.30200005 465.92999268
-45.72000122 26.92300034 465.92999268
-45.72000122 27.54400063 465.92999268
-45.72000122 28.16399956 465.92999268
-45.72000122 28.78499985 465.92999268
-45.71900177 29.40500069 465.92001343
-45.71900177 30.02599907 465.92001343
-45.71900177 30.64599991 465.92001343
-45.71799850 31.26600075 465.91000366
-45.71699905 31.88599968 465.89999390
-45.71699905 32.50600052 465.89999390
-45.71599960 33.12699890 465.89001465
-45.71599960 33.74800110 465.89001465
-45.71599960 34.36800003 465.89001465
-45.71500015 34.98799896 465.88000488
-45.71500015 35.60900116 465.88000488
-45.71500015 36.22999954 465.88000488
-45.71500015 36.84999847 465.88000488
-45.71500015 37.47000122 465.88000488
-45.71400070 38.09000015 465.88000488
-45.71400070 38.70999908 465.88000488
-45.71400070 39.33100128 465.86999512
-45.71400070 39.95100021 465.86999512
-45.71300125 40.57099915 465.85998535
-45.71300125 41.19200134 465.85998535
-45.71300125 41.81200027 465.85998535
-45.71300125 42.43299866 465.85998535
-45.10499954 42.44300079 465.98001099
-45.10499954 41.82300186 465.98001099
-45.10499954 41.20199966 465.98001099
-45.10499954 40.58200073 465.98999023
-45.10499954 39.96200180 465.98999023
-45.10599899 39.34099960 465.98999023
-45.10599899 38.72000122 466.00000000
-45.10599899 38.09999847 466.00000000
-45.10699844 37.47900009 466.00000000
-45.10699844 36.85900116 466.00000000
-45.10699844 36.23799896 466.01000977
-45.10800171 35.61800003 466.01000977
-45.10699844 34.99700165 466.01000977
-45.10800171 34.37699890 466.01000977
-45.10800171 33.75600052 466.01998901
-45.10800171 33.13600159 466.01998901
-45.10900116 32.51499939 466.02999878
-45.10900116 31.89500046 466.02999878
-45.11000061 31.27400017 466.02999878
-45.11000061 30.65399933 466.04000854
-45.11100006 30.03400040 466.04000854
-45.11100006 29.41300011 466.04000854
-45.11199951 28.79299927 466.04998779
-45.11199951 28.17200089 466.04998779
-45.11199951 27.55100060 466.04998779
-45.11199951 26.93000031 466.05999756
-45.11199951 26.30900002 466.04998779
-45.11199951 25.68799973 466.05999756
-45.11199951 25.06699944 466.05999756
-45.11199951 24.44599915 466.05999756
-45.11199951 23.82500076 466.05999756
-45.11199951 23.20499992 466.05999756
-45.11299896 22.58399963 466.05999756
-45.11299896 21.96299934 466.07000732
-45.11299896 21.34199905 466.07000732
-45.11299896 20.72100067 466.07000732
-45.11399841 20.10099983 466.07998657
-45.11399841 19.48100090 466.07998657
-45.11399841 18.86000061 466.07998657
-45.11399841 18.23900032 466.07998657
-45.11399841 17.61800003 466.07998657
-45.11399841 16.99699974 466.07998657
-45.11399841 16.37599945 466.07998657
-45.11500168 15.75500011 466.07998657
-45.11500168 15.13399982 466.08999634
-45.11600113 14.51399994 466.08999634
-45.11600113 13.89400005 466.08999634
-45.11500168 13.27299976 466.08999634
-45.11500168 12.65200043 466.08999634
-45.11500168 12.03100014 466.08999634
-45.11500168 11.40999985 466.08999634
-45.11500168 10.78899956 466.08999634
-45.11600113 10.16899967 466.08999634
-45.11500168 9.54800034 466.08999634
-45.11500168 8.92720032 466.08999634
-45.11500168 8.30659962 466.08999634
-45.11500168 7.68599987 466.08999634
-45.11600113 7.06529999 466.08999634
-45.11600113 6.44460011 466.10000610
-45.11600113 5.82340002 466.08999634
-45.11500168 5.20279980 466.08999634
-45.11500168 4.58190012 466.07998657
-45.11500168 3.96070004 466.08999634
-45.11600113 3.34010005 466.08999634
-45.11600113 2.71849990 466.10000610
-45.11700058 2.09840012 466.10998535
-45.11600113 1.47780001 466.10000610
-45.11600113 0.85766000 466.10000610
-45.11600113 0.23728000 466.10000610
-45.11600113 -0.38466001 466.10000610
-45.11700058 -1.00520003 466.10000610
-45.11600113 -1.62590003 466.10000610
-45.11600113 -2.24629998 466.10000610
-45.11600113 -2.86780000 466.10000610
-45.11600113 -3.48830009 466.10000610
-45.11600113 -4.10949993 466.10000610
-45.11500168 -4.73059988 466.08999634
-45.11500168 -5.35099983 466.08999634
-45.11500168 -5.97160006 466.08999634
-45.11600113 -6.59229994 466.10000610
-45.11600113 -7.21339989 466.10000610
-45.11600113 -7.83379984 466.10000610
-45.11500168 -8.45460033 466.08999634
-45.11500168 -9.07540035 466.08999634
-45.11399841 -9.69659996 466.07998657
-45.11399841 -10.93799973 466.07998657
-45.11399841 -11.55900002 466.07998657
-45.11399841 -12.18000031 466.07998657
-45.11399841 -12.80000019 466.07998657
-45.11500168 -13.42000008 466.08999634
-45.11399841 -14.04100037 466.07998657
-45.11299896 -14.66199970 466.07000732
-45.11399841 -15.28299999 466.07000732
-45.11399841 -15.90400028 466.07000732
-45.11399841 -16.52400017 466.07998657
-44.49700165 -44.45600128 466.10998535
-44.49599838 -43.83499908 466.10000610
-44.49599838 -43.21500015 466.10998535
-44.49599838 -42.59500122 466.10000610
-44.49499893 -41.97499847 466.10000610
-44.49599838 -40.73300171 466.10998535
-44.49700165 -40.11299896 466.10998535
-44.49800110 -39.49200058 466.11999512
-44.49800110 -38.87200165 466.11999512
-44.49800110 -38.25199890 466.11999512
-44.49800110 -37.63100052 466.11999512
-44.49800110 -37.01100159 466.11999512
-44.49800110 -36.38899994 466.11999512
-44.49800110 -35.77000046 466.11999512
-44.49800110 -35.14899826 466.13000488
-44.50000000 -34.52899933 466.14999390
-44.50099945 -33.90900040 466.14999390
-44.50099945 -33.28900146 466.14999390
-44.50099945 -32.66799927 466.14999390
-44.50099945 -32.04700089 466.14999390
-44.50099945 -31.42600060 466.16000366
-44.50099945 -30.80599976 466.16000366
-44.50099945 -29.56399918 466.14999390
-44.50099945 -28.94300079 466.14999390
-44.50099945 -28.32200050 466.16000366
-44.50199890 -27.70199966 466.16000366
-44.50199890 -27.08099937 466.17001343
-44.50199890 -26.46100044 466.17001343
-44.50299835 -25.84000015 466.17001343
-44.50299835 -25.21999931 466.17001343
-44.50299835 -24.59900093 466.17999268
-44.50299835 -23.97699928 466.17999268
-44.50299835 -23.35799980 466.17999268
-44.50400162 -22.73699951 466.17999268
-44.50400162 -22.11599922 466.19000244
-44.50400162 -21.49500084 466.19000244
-44.50400162 -20.87400055 466.19000244
-44.50400162 -20.25399971 466.19000244
-44.50400162 -19.63199997 466.19000244
-44.50500107 -19.01199913 466.19000244
-44.50500107 -18.39100075 466.20001221
-44.50500107 -17.77099991 466.20001221
-44.50500107 -17.14900017 466.20001221
-44.50600052 -16.52899933 466.20001221
-44.50500107 -15.90799999 466.20001221
-44.50500107 -15.28699970 466.20001221
-44.50500107 -14.66600037 466.20001221
-44.50500107 -14.04399967 466.20001221
-44.50600052 -13.42399979 466.20001221
-44.50500107 -12.80300045 466.20001221
-44.50500107 -12.18200016 466.20001221
-44.50500107 -11.56099987 466.20001221
-44.50500107 -10.93999958 466.20001221
-44.50600052 -9.07779980 466.20001221
-44.50600052 -8.45670033 466.20001221
-44.50600052 -7.83549976 466.20999146
-44.50699997 -7.21509981 466.22000122
-44.50699997 -6.59410000 466.22000122
-44.50699997 -5.97310019 466.20999146
-44.50699997 -5.35260010 466.20999146
-44.50699997 -4.73220015 466.22000122
-44.50699997 -4.11089993 466.22000122
-44.50799942 -3.49020004 466.22000122
-44.50799942 -2.86919999 466.22000122
-44.50600052 -2.24740005 466.20999146
-44.50699997 -1.62699997 466.22000122
-44.50799942 -1.00549996 466.22000122
-44.50699997 -0.38501000 466.22000122
-44.50799942 0.23652001 466.22000122
-44.50699997 0.85756999 466.22000122
-44.50799942 1.47839999 466.22000122
-44.50799942 2.09899998 466.23001099
-44.50699997 2.71939993 466.22000122
-44.50699997 3.34080005 466.22000122
-44.50600052 3.96149993 466.20999146
-44.50600052 4.58290005 466.20001221
-44.50600052 5.20359993 466.20999146
-44.50699997 5.82469988 466.22000122
-44.50699997 6.44570017 466.22000122
-44.50699997 7.06680012 466.22000122
-44.50699997 7.68760014 466.20999146
-44.50600052 8.30840015 466.20999146
-44.50699997 8.92930031 466.20999146
-44.50699997 9.55029964 466.20999146
-44.50699997 10.17099953 466.20999146
-44.50699997 10.79199982 466.20999146
-44.50699997 11.41300011 466.20999146
-44.50699997 12.03400040 466.20999146
-44.50699997 12.65499973 466.22000122
-44.50699997 13.27600002 466.22000122
-44.50699997 13.89700031 466.20999146
-44.50600052 14.51799965 466.20999146
-44.50600052 15.13899994 466.20999146
-44.50600052 15.76000023 466.20999146
-44.50600052 16.38100052 466.20999146
-44.50600052 17.00200081 466.20999146
-44.50600052 17.62299919 466.20999146
-44.50600052 18.24399948 466.20999146
-44.50600052 18.86499977 466.20001221
-44.50600052 20.10600090 466.20001221
-44.50500107 20.72800064 466.20001221
-44.50500107 21.34799957 466.20001221
-44.50500107 21.96899986 466.19000244
-44.50500107 22.59000015 466.19000244
-44.50500107 23.21100044 466.19000244
-44.50500107 23.83200073 466.19000244
-44.50400162 24.45299911 466.19000244
-44.50400162 25.07399940 466.19000244
-44.50400162 25.69499969 466.19000244
-44.50400162 26.31599998 466.17999268
-44.50400162 26.93700027 466.17999268
-44.50299835 27.55800056 466.17999268
-44.50299835 28.17900085 466.17999268
-44.50299835 28.79999924 466.17999268
-44.50199890 29.42000008 466.17001343
-44.50299835 30.04100037 466.17001343
-44.50199890 30.66200066 466.17001343
-44.50199890 31.28199959 466.16000366
-44.50099945 31.90299988 466.16000366
-44.50000000 32.52399826 466.14999390
-44.50000000 33.14400101 466.14001465
-44.50000000 33.76499939 466.14999390
-44.50000000 34.38600159 466.14001465
-44.50000000 35.00699997 466.14001465
-44.50000000 35.62799835 466.14001465
-44.49800110 36.24700165 466.13000488
-44.49800110 36.86800003 466.11999512
-44.49800110 37.48899841 466.11999512
-44.49800110 38.11000061 466.11999512
-44.49700165 38.72999954 466.11999512
-44.49700165 39.35100174 466.10998535
-44.49700165 39.97200012 466.10998535
-44.49700165 40.59299850 466.10998535
-44.49599838 41.21300125 466.10000610
-44.49599838 41.83300018 466.10000610
-44.49599838 42.45399857 466.10000610
-44.49599838 43.07600021 466.10000610
-43.88800049 43.70800018 466.23001099
-43.88700104 43.08700180 466.22000122
-43.88700104 42.46599960 466.22000122
-43.88800049 41.84400177 466.23001099
-43.88800049 41.22399902 466.23001099
-43.88899994 40.60400009 466.23999023
-43.88899994 39.98300171 466.23999023
-43.88800049 39.36199951 466.23001099
-43.88800049 38.74000168 466.23999023
-43.88899994 38.11899948 466.23999023
-43.88899994 37.49800110 466.23999023
-43.88899994 36.87699890 466.23999023
-43.88999939 36.25600052 466.25000000
-43.89099884 35.63600159 466.26000977
-43.89199829 35.01599884 466.26998901
-43.89300156 34.39500046 466.27999878
-43.89300156 33.77500153 466.27999878
-43.89300156 33.15399933 466.27999878
-43.89300156 32.53300095 466.27999878
-43.89300156 31.91200066 466.27999878
-43.89300156 31.29100037 466.27999878
-43.89300156 30.67000008 466.29000854
-43.89300156 30.04899979 466.29000854
-43.89300156 29.42799950 466.29000854
-43.89400101 28.80699921 466.29000854
-43.89400101 28.18600082 466.29998779
-43.89400101 27.56500053 466.29998779
-43.89500046 26.94400024 466.29998779
-43.89500046 26.32299995 466.29998779
-43.89500046 25.70100021 466.30999756
-43.89500046 25.07999992 466.30999756
-43.89500046 24.45899963 466.30999756
-43.89599991 23.83799934 466.30999756
-43.89599991 23.21699905 466.30999756
-43.89599991 22.59600067 466.32000732
-43.89599991 21.97500038 466.32000732
-43.89599991 21.35300064 466.32000732
-43.89599991 20.73299980 466.32000732
-43.89699936 20.11100006 466.32998657
-43.89699936 19.49099922 466.32998657
-43.89699936 18.87000084 466.32998657
-43.89699936 18.24900055 466.32998657
-43.89699936 17.62800026 466.32998657
-43.89799881 17.00600052 466.32998657
-43.89799881 16.38500023 466.33999634
-43.89799881 15.76399994 466.33999634
-43.89799881 15.14299965 466.33999634
-43.89799881 14.52200031 466.33999634
-43.89899826 13.90100002 466.33999634
-43.89899826 13.27999973 466.33999634
-43.89799881 12.65900040 466.33999634
-43.89799881 12.03699970 466.33999634
-43.89799881 11.41600037 466.33999634
-43.89799881 10.79500008 466.33999634
-43.89799881 10.17399979 466.33999634
-43.89799881 9.55249977 466.33999634
-43.89799881 8.93169975 466.33999634
-43.89799881 8.31029987 466.33999634
-43.89799881 7.68919992 466.33999634
-43.89899826 7.06839991 466.33999634
-43.89899826 6.44719982 466.33999634
-43.89899826 5.82590008 466.33999634
-43.89799881 5.20499992 466.33999634
-43.89699936 4.58409977 466.32998657
-43.89799881 3.96280003 466.33999634
-43.89799881 3.34170008 466.33999634
-43.89799881 2.72040009 466.33999634
-43.89899826 2.09960008 466.35000610
-43.89799881 1.47880006 466.33999634
-43.89799881 0.85764003 466.33999634
-43.89799881 0.23642001 466.33999634
-43.89799881 -0.38512000 466.33999634
-43.89799881 -1.00580001 466.33999634
-43.89799881 -1.62759995 466.33999634
-43.89799881 -2.24839997 466.32998657
-43.89799881 -2.87010002 466.33999634
-43.89799881 -3.49079990 466.33999634
-43.89899826 -4.11170006 466.35000610
-43.89899826 -4.73330021 466.35000610
-43.89899826 -5.35410023 466.35000610
-43.89899826 -5.97480011 466.35000610
-43.89799881 -6.59569979 466.33999634
-43.89699936 -7.21680021 466.32998657
-43.89699936 -7.83790016 466.32998657
-43.89699936 -8.45919991 466.32998657
-43.89699936 -9.08030033 466.32998657
-43.89699936 -10.94400024 466.32000732
-43.89599991 -11.56400013 466.32000732
-43.89599991 -12.18500042 466.32000732
-43.89599991 -12.80599976 466.32000732
-43.89699936 -13.42700005 466.32000732
-43.89699936 -14.04899979 466.32998657
-43.89699936 -14.67000008 466.32998657
-43.89699936 -15.29100037 466.32998657
-43.89699936 -15.91199970 466.32000732
-43.89599991 -16.53199959 466.32000732
-43.89599991 -17.15399933 466.32000732
-43.89500046 -17.77499962 466.30999756
-43.89599991 -18.39599991 466.32000732
-43.89599991 -19.01700020 466.32000732
-43.89500046 -19.63800049 466.30999756
-43.89500046 -20.26000023 466.30999756
-43.89500046 -20.87999916 466.30999756
-43.89500046 -21.50099945 466.29998779
-43.89500046 -22.12199974 466.30999756
-43.89400101 -22.74300003 466.29998779
-43.89400101 -23.36300087 466.29998779
-43.89400101 -23.98399925 466.29998779
-43.89400101 -24.60499954 466.29998779
-43.89300156 -25.22599983 466.29000854
-43.89300156 -25.84700012 466.29000854
-43.89300156 -26.46800041 466.29000854
-43.89300156 -27.08900070 466.29000854
-43.89300156 -27.70899963 466.29000854
-43.89199829 -28.32999992 466.27999878
-43.89199829 -28.95100021 466.27999878
-43.89199829 -29.57099915 466.26998901
-43.89099884 -30.19199944 466.26998901
-43.89199829 -30.81399918 466.27999878
-43.89199829 -31.43400002 466.27999878
-43.89199829 -32.05599976 466.27999878
-43.89199829 -32.67599869 466.27999878
-43.89199829 -33.29700089 466.26998901
-43.89099884 -33.91699982 466.26998901
-43.88999939 -34.53699875 466.26000977
-43.88999939 -35.15900040 466.25000000
-43.88899994 -36.39899826 466.23999023
-43.88899994 -37.02000046 466.23999023
-43.88899994 -37.64099884 466.23999023
-43.88899994 -38.26100159 466.23999023
-43.88899994 -38.88299942 466.23999023
-43.88899994 -39.50299835 466.25000000
-43.88899994 -40.12400055 466.23999023
-43.88800049 -40.74399948 466.23001099
-43.88600159 -41.98500061 466.22000122
-43.88700104 -42.60599899 466.22000122
-43.88700104 -43.22700119 466.23001099
-43.88700104 -43.84700012 466.23001099
-43.88700104 -44.46599960 466.22000122
-43.88700104 -45.08700180 466.22000122
-43.88499832 -45.70700073 466.20001221
-43.88600159 -46.32899857 466.20999146
-43.88600159 -47.56999969 466.20999146
-43.88600159 -48.19100189 466.20999146
-43.88600159 -48.81200027 466.20999146
-43.88499832 -49.43299866 466.20999146
-43.88499832 -50.05300140 466.20001221
-43.88600159 -51.29600143 466.20999146
-43.27600098 -50.06600189 466.32000732
-43.27600098 -49.44499969 466.32000732
-43.27600098 -48.82400131 466.32000732
-43.27600098 -48.20299911 466.32000732
-43.27600098 -47.58200073 466.32998657
-43.27600098 -46.96200180 466.32998657
-43.27700043 -46.34099960 466.32998657
-43.27600098 -45.72000122 466.32998657
-43.27700043 -45.09700012 466.32998657
-43.27700043 -44.47700119 466.32998657
-43.27799988 -43.85800171 466.33999634
-43.27799988 -43.23699951 466.33999634
-43.27799988 -42.61700058 466.33999634
-43.27700043 -41.99599838 466.32998657
-43.27700043 -41.37500000 466.33999634
-43.27899933 -40.75500107 466.35000610
-43.27899933 -40.13399887 466.35998535
-43.27899933 -39.51300049 466.35998535
-43.27999878 -38.89300156 466.35998535
-43.27899933 -38.27099991 466.35998535
-43.27999878 -37.65100098 466.36999512
-43.27999878 -37.02999878 466.36999512
-43.27999878 -36.40800095 466.36999512
-43.28099823 -35.78799820 466.36999512
-43.28099823 -35.16799927 466.38000488
-43.28200150 -34.54700089 466.39001465
-43.28200150 -33.92699814 466.39001465
-43.28300095 -33.30599976 466.39999390
-43.28300095 -32.68500137 466.39999390
-43.28300095 -32.06399918 466.39999390
-43.28300095 -31.44300079 466.39999390
-43.28300095 -30.82200050 466.39999390
-43.28300095 -30.20000076 466.39999390
-43.28300095 -29.57999992 466.39999390
-43.28400040 -28.95899963 466.41000366
-43.28400040 -28.33799934 466.41000366
-43.28499985 -27.71800041 466.42001343
-43.28400040 -27.09600067 466.41000366
-43.28400040 -26.47500038 466.41000366
-43.28400040 -25.85400009 466.41000366
-43.28400040 -25.23299980 466.41000366
-43.28400040 -24.61199951 466.41000366
-43.28499985 -23.98999977 466.42001343
-43.28499985 -23.36899948 466.42001343
-43.28599930 -22.74799919 466.42999268
-43.28699875 -22.12800026 466.44000244
-43.28699875 -21.50699997 466.44000244
-43.28699875 -20.88599968 466.44000244
-43.28599930 -20.26600075 466.44000244
-43.28599930 -19.64299965 466.42999268
-43.28699875 -19.02199936 466.44000244
-43.28699875 -18.40099907 466.44000244
-43.28599930 -17.78000069 466.44000244
-43.28699875 -17.15800095 466.44000244
-43.28699875 -16.53599930 466.44000244
-43.28799820 -15.91600037 466.45001221
-43.28799820 -15.29500008 466.45001221
-43.28799820 -14.67399979 466.45001221
-43.28799820 -14.05300045 466.45001221
-43.28799820 -13.43200016 466.45001221
-43.28799820 -12.81000042 466.45001221
-43.28699875 -12.18799973 466.45001221
-43.28699875 -11.56700039 466.45001221
-43.28799820 -10.94699955 466.45001221
-43.28799820 -10.32499981 466.45001221
-43.28799820 -9.70419979 466.45999146
-43.28900146 -9.08360004 466.45999146
-43.28900146 -8.46269989 466.45999146
-43.28900146 -7.84049988 466.45999146
-43.28799820 -7.21899986 466.45001221
-43.28799820 -6.59749985 466.45999146
-43.28900146 -5.97590017 466.45999146
-43.28900146 -5.35510015 466.45999146
-43.28900146 -4.73409986 466.47000122
-43.28900146 -4.11310005 466.47000122
-43.28900146 -3.49140000 466.47000122
-43.28900146 -2.87059999 466.47000122
-43.28900146 -2.24869990 466.45999146
-43.28900146 -1.62769997 466.45999146
-43.28900146 -1.00610006 466.45999146
-43.28900146 -0.38538000 466.47000122
-43.28900146 0.23613000 466.45999146
-43.28900146 0.85719001 466.45999146
-43.28900146 1.47870004 466.45999146
-43.28900146 2.09990001 466.45999146
-43.28900146 2.72129989 466.45999146
-43.28900146 3.34220004 466.45999146
-43.28900146 3.96390009 466.45999146
-43.28900146 4.58519983 466.45999146
-43.28900146 5.20639992 466.45999146
-43.28900146 5.82740021 466.45999146
-43.28900146 6.44890022 466.45999146
-43.28900146 7.07009983 466.47000122
-43.28900146 7.69110012 466.45999146
-43.28900146 8.31219959 466.45999146
-43.28900146 8.93389988 466.45999146
-43.28799820 9.55480003 466.45999146
-43.28799820 10.17599964 466.45001221
-43.28799820 10.79800034 466.45001221
-43.28799820 11.41899967 466.45999146
-43.28799820 12.03999996 466.45999146
-43.28900146 12.66199970 466.45999146
-43.28900146 13.28299999 466.45999146
-43.28900146 13.90400028 466.45999146
-43.28900146 14.52600002 466.45999146
-43.28799820 15.14700031 466.45999146
-43.28799820 15.76799965 466.45999146
-43.28799820 16.38899994 466.45999146
-43.28799820 17.01000023 466.45999146
-43.28799820 17.63299942 466.45001221
-43.28799820 18.25300026 466.45001221
-43.28799820 18.87400055 466.45001221
-43.28799820 19.49500084 466.45001221
-43.28799820 20.11599922 466.45001221
-43.28699875 20.73800087 466.45001221
-43.28699875 21.35899925 466.44000244
-43.28699875 21.98100090 466.44000244
-43.28699875 22.60199928 466.44000244
-43.28699875 23.22299957 466.44000244
-43.28699875 23.84499931 466.44000244
-43.28699875 24.46599960 466.44000244
-43.28699875 25.08699989 466.44000244
-43.28699875 25.70899963 466.44000244
-43.28599930 26.32999992 466.42999268
-43.28599930 26.95199966 466.42999268
-43.28599930 27.57200050 466.42999268
-43.28599930 28.19300079 466.42999268
-43.28499985 29.43600082 466.42001343
-43.28499985 30.05699921 466.42001343
-43.28499985 30.67900085 466.42001343
-43.28400040 31.29899979 466.41000366
-43.28400040 31.92099953 466.41000366
-43.28400040 32.54199982 466.41000366
-43.28400040 33.16299820 466.41000366
-43.28400040 33.78499985 466.41000366
-43.28400040 34.40499878 466.39999390
-43.28300095 35.02600098 466.39001465
-43.28200150 35.64599991 466.39001465
-43.28099823 36.26599884 466.38000488
-43.28099823 36.88700104 466.36999512
-43.27999878 37.50799942 466.36999512
-43.27999878 38.12900162 466.35998535
-43.27899933 38.75000000 466.35998535
-43.27899933 39.37200165 466.35998535
-43.27999878 39.99300003 466.35998535
-43.27999878 40.61500168 466.35998535
-43.27899933 41.23500061 466.35000610
-43.27799988 41.85499954 466.35000610
-43.27799988 42.47700119 466.33999634
-43.27799988 43.09799957 466.33999634
-43.27799988 43.72000122 466.35000610
-43.27799988 44.34099960 466.35000610
-42.66899872 44.97399902 466.47000122
-42.66899872 44.35200119 466.47000122
-42.66899872 43.73099899 466.47000122
-42.66899872 43.10900116 466.47000122
-42.66899872 42.48799896 466.47000122
-42.66899872 41.86700058 466.47000122
-42.66999817 41.24599838 466.48001099
-42.66999817 40.62500000 466.48001099
-42.66999817 40.00400162 466.48001099
-42.66999817 39.38199997 466.48001099
-42.66999817 38.76100159 466.48001099
-42.66999817 38.13899994 466.48999023
-42.67100143 37.51800156 466.48999023
-42.67100143 36.89699936 466.50000000
-42.67200089 36.27600098 466.50000000
-42.67300034 35.65499878 466.51000977
-42.67300034 35.03499985 466.51998901
-42.67399979 34.41299820 466.51998901
-42.67399979 33.79299927 466.52999878
-42.67399979 33.17200089 466.52999878
-42.67499924 32.55099869 466.52999878
-42.67399979 31.92900085 466.52999878
-42.67499924 31.30800056 466.54000854
-42.67599869 30.68700027 466.54000854
-42.67599869 30.06500053 466.54000854
-42.67599869 29.44400024 466.54000854
-42.67599869 28.82200050 466.54000854
-42.67599869 28.20100021 466.54998779
-42.67699814 27.57999992 466.55999756
-42.67699814 26.95899963 466.55999756
-42.67699814 26.33699989 466.55999756
-42.67699814 25.71599960 466.55999756
-42.67699814 25.09399986 466.55999756
-42.67699814 24.47299957 466.55999756
-42.67800140 23.85199928 466.55999756
-42.67800140 23.22999954 466.55999756
-42.67800140 22.60899925 466.57000732
-42.67800140 21.98699951 466.57000732
-42.67800140 21.36499977 466.57000732
-42.67800140 20.74300003 466.57000732
-42.67800140 20.12199974 466.57000732
-42.67900085 19.50099945 466.57998657
-42.67900085 18.87999916 466.57998657
-42.67900085 18.25799942 466.57998657
-42.67900085 17.63800049 466.57998657
-42.67900085 17.01600075 466.57998657
-42.67900085 16.39399910 466.57998657
-42.67900085 15.77200031 466.57998657
-42.67900085 15.15100002 466.57998657
-42.67900085 14.52900028 466.57998657
-42.67900085 13.90799999 466.57998657
-42.68000031 13.28699970 466.58999634
-42.68000031 12.66600037 466.58999634
-42.68000031 12.04300022 466.58999634
-42.67900085 11.42199993 466.57998657
-42.67900085 10.80099964 466.57998657
-42.67900085 10.17899990 466.57998657
-42.67900085 9.55770016 466.57998657
-42.67900085 8.93669987 466.57998657
-42.68000031 8.31480026 466.58999634
-42.68000031 7.69320011 466.58999634
-42.68000031 7.07189989 466.58999634
-42.68000031 6.45039988 466.58999634
-42.68000031 5.82889986 466.58999634
-42.67900085 5.20749998 466.58999634
-42.67900085 4.58610010 466.58999634
-42.68000031 3.96449995 466.58999634
-42.68000031 3.34270000 466.58999634
-42.68000031 -0.38538000 466.58999634
-42.68000031 -1.00650001 466.58999634
-42.68000031 -1.62820005 466.58999634
-42.68000031 -2.24979997 466.58999634
-42.67900085 -2.87089992 466.58999634
-42.67900085 -3.49250007 466.58999634
-42.68000031 -4.11420012 466.58999634
-42.67900085 -4.73549986 466.57998657
-42.67900085 -5.35629988 466.57998657
-42.67800140 -5.97760010 466.57998657
-42.67800140 -6.59940004 466.57000732
-42.67900085 -7.84310007 466.57998657
-42.67900085 -8.46459961 466.57998657
-42.67900085 -9.08549976 466.57998657
-42.67900085 -9.70650005 466.57998657
-42.67800140 -10.94999981 466.57000732
-42.67800140 -11.56999969 466.57000732
-42.67800140 -12.19200039 466.57998657
-42.67900085 -12.81400013 466.57998657
-42.67800140 -13.43500042 466.57000732
-42.67800140 -14.05700016 466.57000732
-42.67800140 -14.67800045 466.57000732
-42.67800140 -15.29899979 466.57000732
-42.67699814 -15.92000008 466.55999756
-42.67699814 -16.54000092 466.54998779
-42.67599869 -17.16300011 466.54998779
-42.67599869 -17.78400040 466.54998779
-42.67699814 -18.40600014 466.55999756
-42.67699814 -19.02799988 466.55999756
-42.67800140 -19.64999962 466.57000732
-42.67699814 -20.27099991 466.55999756
-42.67699814 -20.89100075 466.55999756
-42.67699814 -21.51199913 466.54998779
-42.67599869 -22.13299942 466.54998779
-42.67599869 -22.75499916 466.54998779
-42.67599869 -23.37599945 466.54000854
-42.67499924 -23.99699974 466.54000854
-42.67499924 -24.61800003 466.52999878
-42.67399979 -25.23900032 466.52999878
-42.67399979 -26.48100090 466.51998901
-42.67399979 -27.10300064 466.52999878
-42.67399979 -27.72500038 466.51998901
-42.67399979 -28.34499931 466.52999878
-42.67399979 -28.96599960 466.52999878
-42.67399979 -29.58699989 466.51998901
-42.67300034 -30.20700073 466.51998901
-42.67300034 -30.82999992 466.51998901
-42.67399979 -31.45199966 466.52999878
-42.67399979 -32.07199860 466.52999878
-42.67399979 -32.69300079 466.51998901
-42.67300034 -33.31399918 466.51000977
-42.67200089 -33.93500137 466.51000977
-42.67300034 -34.55599976 466.51000977
-42.67200089 -35.17699814 466.50000000
-42.67200089 -35.79800034 466.50000000
-42.67100143 -36.41799927 466.50000000
-42.67100143 -37.04000092 466.48999023
-42.67100143 -37.66099930 466.48999023
-42.66999817 -38.28200150 466.48001099
-42.66999817 -39.52399826 466.48001099
-42.66999817 -40.14500046 466.48001099
-42.66999817 -40.76599884 466.48001099
-42.66799927 -41.38600159 466.45999146
-42.66799927 -42.00799942 466.45999146
-42.66899872 -42.63000107 466.47000122
-42.66799927 -43.24800110 466.47000122
-42.66799927 -43.86999893 466.47000122
-42.66799927 -44.48899841 466.45999146
-42.66699982 -45.10900116 466.45001221
-42.66600037 -45.73199844 466.44000244
-42.66699982 -46.35300064 466.45001221
-42.66699982 -46.97399902 466.45001221
-42.66699982 -47.59500122 466.45001221
-42.66600037 -48.21599960 466.44000244
-42.66600037 -48.83700180 466.44000244
-42.66600037 -49.45700073 466.44000244
-42.66600037 -50.07899857 466.44000244
-42.66500092 -50.69900131 466.42999268
-42.05599976 -50.71200180 466.54998779
-42.05599976 -50.09199905 466.55999756
-42.05599976 -49.47100067 466.55999756
-42.05699921 -48.84999847 466.57000732
-42.05699921 -48.22900009 466.57000732
-42.05699921 -47.60800171 466.57000732
-42.05699921 -46.98699951 466.57000732
-42.05699921 -46.36600113 466.57000732
-42.05699921 -45.74399948 466.57000732
-42.05699921 -45.12200165 466.57000732
-42.05699921 -44.50099945 466.57000732
-42.05799866 -43.88000107 466.57998657
-42.05899811 -43.25999832 466.58999634
-42.05899811 -42.64099884 466.58999634
-42.05899811 -42.01900101 466.58999634
-42.05899811 -41.39699936 466.58999634
-42.05899811 -40.77600098 466.58999634
-42.06000137 -40.15499878 466.60000610
-42.06000137 -39.53499985 466.60000610
-42.06000137 -38.91299820 466.60000610
-42.06000137 -38.29199982 466.60998535
-42.06100082 -37.67100143 466.60998535
-42.06100082 -37.04999924 466.61999512
-42.06200027 -36.42800140 466.61999512
-42.06200027 -35.80699921 466.61999512
-42.06200027 -35.18600082 466.61999512
-42.06200027 -34.56499863 466.61999512
-42.06200027 -33.94400024 466.61999512
-42.06200027 -33.32199860 466.63000488
-42.06299973 -32.70199966 466.64001465
-42.06399918 -32.08100128 466.64999390
-42.06399918 -31.45999908 466.64001465
-42.06299973 -30.83900070 466.64001465
-42.06399918 -30.21599960 466.64001465
-42.06399918 -29.59499931 466.64001465
-42.06399918 -28.97400093 466.64999390
-42.06499863 -28.35400009 466.64999390
-42.06499863 -27.73299980 466.64999390
-42.06499863 -25.86700058 466.64999390
-42.06499863 -25.24600029 466.66000366
-42.06499863 -24.62500000 466.66000366
-42.06600189 -24.00300026 466.67001343
-42.06600189 -23.38199997 466.67001343
-42.06600189 -22.76000023 466.67001343
-42.06600189 -22.13899994 466.67001343
-42.06700134 -21.51700020 466.67999268
-42.06800079 -20.89699936 466.69000244
-42.06800079 -20.27599907 466.69000244
-42.06800079 -19.65500069 466.69000244
-42.06800079 -19.03300095 466.69000244
-42.06700134 -18.41099930 466.67999268
-42.06700134 -17.78899956 466.67999268
-42.06600189 -17.16699982 466.67001343
-42.06700134 -15.92399979 466.67999268
-42.06800079 -15.30300045 466.69000244
-42.06800079 -14.68200016 466.69000244
-42.06800079 -14.06099987 466.70001221
-42.06800079 -13.43900013 466.70001221
-42.06900024 -12.81799984 466.70001221
-42.06900024 -12.19600010 466.70001221
-42.06900024 -11.57400036 466.70001221
-42.06900024 -10.95199966 466.70001221
-42.06900024 -9.70909977 466.70001221
-42.06900024 -9.08759975 466.70001221
-42.06900024 -8.46669960 466.70001221
-42.06900024 -7.84509993 466.70001221
-42.06800079 -7.22329998 466.70001221
-42.06900024 -6.60109997 466.70001221
-42.06900024 -5.97949982 466.70001221
-42.06900024 -5.35799980 466.70999146
-42.06999969 -4.73619986 466.70999146
-42.06999969 -4.11569977 466.72000122
-42.06999969 -3.49370003 466.72000122
-42.06999969 -2.87220001 466.70999146
-42.06999969 -2.25099993 466.72000122
-42.06999969 -1.62849998 466.70999146
-42.06999969 -1.00720000 466.70999146
-42.06999969 -0.38572001 466.70999146
-42.06900024 0.23582000 466.70001221
-42.06999969 2.10080004 466.70999146
-42.06999969 2.72239995 466.72000122
-42.06999969 3.34410000 466.72000122
-42.06999969 3.96589994 466.72000122
-42.06999969 4.58750010 466.70999146
-42.06999969 5.20909977 466.70999146
-42.06999969 5.83069992 466.70999146
-42.06999969 6.45230007 466.70999146
-42.06999969 7.07380009 466.70999146
-42.06999969 7.69530010 466.70999146
-42.06999969 8.31680012 466.70999146
-42.06999969 8.93859959 466.70999146
-42.06999969 9.56029987 466.70999146
-42.06900024 10.18200016 466.70001221
-42.06900024 10.80300045 466.70999146
-42.06999969 11.42500019 466.70999146
-42.06999969 12.04699993 466.70999146
-42.06999969 12.66899967 466.70999146
-42.06900024 13.28999996 466.70999146
-42.06900024 13.91100025 466.70001221
-42.06900024 14.53299999 466.70001221
-42.06900024 15.15499973 466.70001221
-42.06900024 15.77600002 466.70001221
-42.06900024 16.39800072 466.70001221
-42.06900024 17.02000046 466.70001221
-42.06900024 17.64200020 466.70001221
-42.06900024 18.26300049 466.70001221
-42.06900024 18.88500023 466.70001221
-42.06900024 19.50600052 466.70001221
-42.06800079 20.12800026 466.69000244
-42.06900024 20.75000000 466.70001221
-42.06900024 21.37100029 466.70001221
-42.06900024 21.99300003 466.70001221
-42.06800079 22.61400032 466.69000244
-42.06800079 23.23600006 466.69000244
-42.06800079 23.85799980 466.67999268
-42.06700134 24.47999954 466.67999268
-42.06700134 25.10099983 466.67999268
-42.06800079 25.72299957 466.67999268
-42.06700134 26.34499931 466.67999268
-42.06700134 26.96599960 466.67999268
-42.06700134 27.58699989 466.67999268
-42.06600189 28.20800018 466.67001343
-42.06600189 28.82900047 466.67001343
-42.06600189 29.45100021 466.67001343
-42.06600189 30.07299995 466.67001343
-42.06600189 30.69400024 466.66000366
-42.06499863 31.31599998 466.66000366
-42.06499863 31.93700027 466.64999390
-42.06499863 32.55899811 466.64999390
-42.06399918 33.18000031 466.64999390
-42.06399918 33.80199814 466.64999390
-42.06399918 34.42200089 466.64999390
-42.06399918 35.04399872 466.64001465
-42.06299973 35.66500092 466.64001465
-42.06200027 36.28599930 466.63000488
-42.06200027 36.90700150 466.61999512
-42.06100082 37.52799988 466.61999512
-42.06100082 38.15000153 466.60998535
-42.06100082 38.77099991 466.60998535
-42.06000137 39.39199829 466.60998535
-42.06000137 40.01399994 466.60000610
-42.06000137 40.63499832 466.60000610
-42.06000137 41.25600052 466.60000610
-42.05899811 41.87799835 466.60000610
-42.05899811 42.49900055 466.58999634
-42.05899811 43.12099838 466.58999634
-42.05899811 43.74200058 466.58999634
-42.05899811 44.36399841 466.58999634
-42.05899811 44.98500061 466.58999634
-41.44900131 44.99700165 466.70999146
-41.44900131 44.37500000 466.70999146
-41.44900131 43.75299835 466.70999146
-41.44900131 43.13100052 466.70999146
-41.44900131 42.50999832 466.70999146
-41.44900131 41.88899994 466.72000122
-41.45000076 41.26699829 466.72000122
-41.45000076 40.64599991 466.73001099
-41.45000076 40.02399826 466.73001099
-41.45000076 39.40200043 466.73001099
-41.45100021 38.78099823 466.73001099
-41.45100021 38.15999985 466.73999023
-41.45199966 37.53900146 466.75000000
-41.45299911 36.91699982 466.75000000
-41.45299911 36.29600143 466.76000977
-41.45299911 35.67399979 466.76000977
-41.45399857 35.05300140 466.76000977
-41.45399857 34.43199921 466.76998901
-41.45399857 33.81100082 466.76998901
-41.45399857 33.18899918 466.77999878
-41.45500183 32.56800079 466.77999878
-41.45500183 31.94499969 466.77999878
-41.45500183 31.32399940 466.77999878
-41.45600128 30.70299911 466.79000854
-41.45600128 30.08099937 466.79000854
-41.45700073 29.45999908 466.79998779
-41.45600128 28.83799934 466.79998779
-41.45600128 28.21599960 466.79998779
-41.45700073 27.59399986 466.79998779
-41.45700073 26.97299957 466.80999756
-41.45700073 26.35199928 466.80999756
-41.45800018 25.72999954 466.80999756
-41.45800018 25.10799980 466.80999756
-41.45700073 24.48600006 466.80999756
-41.45800018 23.86400032 466.80999756
-41.45800018 23.24300003 466.80999756
-41.45800018 22.62000084 466.82000732
-41.45899963 21.99900055 466.82000732
-41.45899963 21.37700081 466.82000732
-41.45800018 20.75600052 466.82000732
-41.45800018 20.13400078 466.82000732
-41.45800018 19.51099968 466.82000732
-41.45800018 18.88999939 466.82000732
-41.45800018 18.26799965 466.82000732
-41.45899963 17.64599991 466.82000732
-41.45899963 17.02400017 466.82000732
-41.45899963 16.40299988 466.82000732
-41.45899963 15.77999973 466.82000732
-41.45899963 15.15900040 466.82000732
-41.45899963 14.53600025 466.82000732
-41.45899963 13.91399956 466.82000732
-41.45899963 13.29300022 466.82998657
-41.45899963 12.67099953 466.82998657
-41.45999908 12.05000019 466.82998657
-41.45999908 11.42800045 466.82998657
-41.45899963 10.80599976 466.82998657
-41.45899963 10.18500042 466.82998657
-41.45899963 9.56289959 466.82998657
-41.45899963 8.94089985 466.82998657
-41.45999908 8.31929970 466.82998657
-41.45999908 7.69729996 466.83999634
-41.45999908 7.07560015 466.83999634
-41.45999908 6.45410013 466.83999634
-41.45999908 5.83249998 466.83999634
-41.45999908 5.21040010 466.83999634
-41.45999908 4.58869982 466.83999634
-41.45999908 3.96679997 466.83999634
-41.45999908 3.34470010 466.83999634
-41.45999908 2.72340012 466.83999634
-41.45999908 2.10159993 466.82998657
-41.45899963 0.23582000 466.82998657
-41.45899963 -0.38552999 466.82998657
-41.45899963 -1.00730002 466.82998657
-41.45899963 -1.62880003 466.82998657
-41.45999908 -2.25180006 466.83999634
-41.45999908 -2.87299991 466.83999634
-41.45999908 -3.49440002 466.82998657
-41.45899963 -4.11609983 466.82998657
-41.45899963 -4.73699999 466.82998657
-41.45899963 -5.35979986 466.82998657
-41.45800018 -5.98159981 466.82000732
-41.45800018 -6.60279989 466.82000732
-41.45800018 -7.22550011 466.82000732
-41.45800018 -7.84740019 466.82000732
-41.45899963 -8.46949959 466.82000732
-41.45899963 -9.09039974 466.82000732
-41.45800018 -9.71160030 466.82000732
-41.45800018 -10.33300018 466.82000732
-41.45800018 -10.95499992 466.82000732
-41.45800018 -11.57699966 466.82000732
-41.45800018 -12.19900036 466.82000732
-41.45800018 -12.82100010 466.82000732
-41.45800018 -13.44299984 466.82000732
-41.45800018 -14.06400013 466.82000732
-41.45800018 -15.30700016 466.80999756
-41.45800018 -15.92899990 466.80999756
-41.45700073 -16.54999924 466.80999756
-41.45800018 -17.17300034 466.82000732
-41.45800018 -17.79400063 466.80999756
-41.45800018 -18.41699982 466.82000732
-41.45800018 -19.03800011 466.82000732
-41.45700073 -19.65999985 466.80999756
-41.45700073 -20.28000069 466.80999756
-41.45600128 -20.90099907 466.79998779
-41.45600128 -21.52199936 466.79000854
-41.45700073 -22.14500046 466.80999756
-41.45700073 -22.76600075 466.79998779
-41.45700073 -23.38899994 466.79998779
-41.45600128 -24.01000023 466.79000854
-41.45500183 -24.63100052 466.77999878
-41.45500183 -25.25300026 466.77999878
-41.45399857 -25.87400055 466.77999878
-41.45399857 -26.49600029 466.77999878
-41.45500183 -27.11700058 466.77999878
-41.45399857 -27.73999977 466.76998901
-41.45399857 -28.36000061 466.76998901
-41.45399857 -28.98200035 466.76998901
-41.45399857 -29.60300064 466.76998901
-41.45500183 -30.22500038 466.77999878
-41.45399857 -30.84700012 466.76998901
-41.45500183 -31.46899986 466.77999878
-41.45399857 -32.09000015 466.76998901
-41.45399857 -32.71099854 466.76998901
-41.45299911 -33.33200073 466.76000977
-41.45199966 -33.95299911 466.75000000
-41.45199966 -34.57400131 466.75000000
-41.45100021 -35.19499969 466.73999023
-41.45199966 -35.81700134 466.73999023
-41.45199966 -36.43799973 466.73999023
-41.45100021 -37.06000137 466.73999023
-41.45100021 -37.68099976 466.73999023
-41.45100021 -38.30300140 466.73999023
-41.45000076 -38.92300034 466.73001099
-41.45000076 -39.54499817 466.73001099
-41.45000076 -40.16600037 466.72000122
-41.44900131 -40.78599930 466.72000122
-41.44900131 -41.40700150 466.70999146
-41.44900131 -42.02999878 466.70999146
-41.44900131 -42.65100098 466.70999146
-41.44800186 -43.27000046 466.70999146
-41.44800186 -43.89199829 466.70001221
-41.44699860 -45.13399887 466.69000244
-41.44699860 -45.75699997 466.69000244
-41.44699860 -46.37799835 466.70001221
-41.44699860 -46.99900055 466.69000244
-41.44699860 -47.61999893 466.69000244
-41.44699860 -48.24100113 466.69000244
-41.44699860 -48.86299896 466.69000244
-41.44599915 -49.48300171 466.67999268
-41.44599915 -50.10400009 466.67999268
-41.44499969 -50.72399902 466.67001343
-40.83599854 -50.73899841 466.79998779
-40.83599854 -50.11800003 466.80999756
-40.83700180 -49.49700165 466.80999756
-40.83700180 -48.87599945 466.82000732
-40.83700180 -48.25400162 466.82000732
-40.83700180 -47.63299942 466.82000732
-40.83700180 -47.01200104 466.82000732
-40.83700180 -46.38999939 466.82000732
-40.83700180 -45.76900101 466.82000732
-40.83700180 -45.14799881 466.82000732
-40.83700180 -43.90499878 466.82000732
-40.83800125 -43.28400040 466.82998657
-40.83900070 -42.66199875 466.83999634
-40.83800125 -42.04100037 466.83999634
-40.83800125 -41.41899872 466.82998657
-40.83900070 -40.79700089 466.83999634
-40.83900070 -40.17599869 466.83999634
-40.84000015 -39.55500031 466.85000610
-40.84000015 -38.93299866 466.85000610
-40.84000015 -38.31299973 466.85998535
-40.84000015 -37.69100189 466.85998535
-40.84099960 -37.06900024 466.85998535
-40.84099960 -36.44800186 466.85998535
-40.84099960 -35.82600021 466.85998535
-40.84000015 -35.20399857 466.85998535
-40.84199905 -34.58300018 466.86999512
-40.84199905 -33.96200180 466.86999512
-40.84199905 -33.34099960 466.88000488
-40.84299850 -32.72000122 466.89001465
-40.84299850 -32.09799957 466.89001465
-40.84400177 -31.47699928 466.89999390
-40.84400177 -30.85600090 466.89999390
-40.84400177 -30.23299980 466.89001465
-40.84299850 -29.61100006 466.89001465
-40.84299850 -28.98900032 466.89001465
-40.84299850 -28.36700058 466.89001465
-40.84299850 -27.74699974 466.89001465
-40.84400177 -27.12400055 466.89999390
-40.84400177 -26.50399971 466.89999390
-40.84400177 -25.88100052 466.89999390
-40.84400177 -25.25900078 466.89999390
-40.84400177 -24.63800049 466.89999390
-40.84500122 -24.01600075 466.91000366
-40.84600067 -23.39500046 466.92999268
-40.84600067 -22.77400017 466.92001343
-40.84600067 -22.15099907 466.92001343
-40.84600067 -21.52799988 466.92001343
-40.84600067 -20.90699959 466.92001343
-40.84600067 -20.28499985 466.92001343
-40.84600067 -19.66500092 466.92999268
-40.84700012 -19.04199982 466.92999268
-40.84700012 -18.42099953 466.94000244
-40.84700012 -17.79899979 466.94000244
-40.84799957 -17.17700005 466.94000244
-40.84700012 -16.55500031 466.92999268
-40.84700012 -15.93400002 466.92999268
-40.84700012 -15.31200027 466.92999268
-40.84700012 -14.68999958 466.94000244
-40.84700012 -12.82400036 466.92999268
-40.84799957 -9.71479988 466.94000244
-40.84799957 -9.09319973 466.94000244
-40.84799957 -8.47130013 466.94000244
-40.84799957 -7.22739983 466.94000244
-40.84799957 -6.60459995 466.94000244
-40.84799957 -5.98339987 466.95001221
-40.84899902 -5.36140013 466.95001221
-40.84799957 -4.73869991 466.95001221
-40.84799957 -4.11709976 466.95001221
-40.84899902 -3.49530005 466.95001221
-40.84899902 -2.87380004 466.95999146
-40.84899902 -2.25139999 466.95999146
-40.84899902 -1.62950003 466.95001221
-40.84899902 -1.00759995 466.95001221
-40.84899902 2.10209990 466.95999146
-40.84899902 2.72410011 466.95999146
-40.84899902 3.34570003 466.95999146
-40.84999847 3.96810007 466.95999146
-40.84999847 4.59000015 466.95999146
-40.84899902 5.21169996 466.95999146
-40.84999847 5.83409977 466.95999146
-40.84899902 6.45569992 466.95999146
-40.84899902 7.07760000 466.95999146
-40.84899902 7.69939995 466.95999146
-40.84899902 8.32120037 466.95999146
-40.84899902 9.56519985 466.95999146
-40.84899902 10.18700027 466.95001221
-40.84899902 10.80900002 466.95001221
-40.84899902 11.43099976 466.95999146
-40.84899902 12.05300045 466.95999146
-40.84899902 12.67500019 466.95999146
-40.84899902 13.29699993 466.95999146
-40.84899902 13.91800022 466.95001221
-40.84799957 14.53999996 466.95001221
-40.84799957 15.16199970 466.95001221
-40.84799957 15.78400040 466.94000244
-40.84799957 16.40699959 466.94000244
-40.84799957 17.02899933 466.94000244
-40.84799957 17.65099907 466.94000244
-40.84799957 18.27300072 466.94000244
-40.84899902 18.89500046 466.95001221
-40.84899902 19.51700020 466.95001221
-40.84799957 20.13899994 466.95001221
-40.84899902 20.76099968 466.95001221
-40.84799957 21.38400078 466.94000244
-40.84799957 22.00499916 466.95001221
-40.84799957 22.62599945 466.95001221
-40.84799957 23.24900055 466.94000244
-40.84799957 23.87100029 466.94000244
-40.84700012 24.49300003 466.94000244
-40.84700012 25.11400032 466.92999268
-40.84700012 25.73699951 466.92999268
-40.84700012 26.35799980 466.92999268
-40.84600067 26.97900009 466.92999268
-40.84600067 27.60099983 466.92001343
-40.84600067 28.22299957 466.92001343
-40.84600067 28.84499931 466.92001343
-40.84600067 29.46699905 466.92001343
-40.84500122 30.08900070 466.91000366
-40.84500122 30.70999908 466.91000366
-40.84400177 31.33200073 466.89999390
-40.84400177 31.95299911 466.89999390
-40.84400177 32.57500076 466.89999390
-40.84400177 33.19699860 466.89999390
-40.84400177 33.81900024 466.89001465
-40.84299850 34.43999863 466.89001465
-40.84299850 35.06200027 466.89001465
-40.84299850 35.68399811 466.88000488
-40.84299850 36.30599976 466.88000488
-40.84199905 36.92699814 466.88000488
-40.84199905 37.54899979 466.86999512
-40.84099960 38.16999817 466.85998535
-40.84099960 38.79100037 466.85998535
-40.84000015 39.41299820 466.85000610
-40.84000015 40.03499985 466.85000610
-40.84000015 40.65599823 466.85000610
-40.84000015 41.27799988 466.85000610
-40.83900070 41.90000153 466.85000610
-40.83900070 42.52099991 466.83999634
-40.83900070 43.14300156 466.83999634
-40.83800125 43.76399994 466.82998657
-40.83900070 44.38600159 466.82998657
-40.83900070 45.00799942 466.83999634
-40.22800064 45.02099991 466.95999146
-40.22800064 44.39799881 466.95999146
-40.22800064 43.77600098 466.95999146
-40.22800064 43.15399933 466.95999146
-40.22800064 42.53300095 466.95999146
-40.22900009 41.91099930 466.97000122
-40.22900009 41.28900146 466.97000122
-40.22900009 40.66699982 466.97000122
-40.22900009 40.04499817 466.98001099
-40.22999954 39.42399979 466.98001099
-40.22999954 38.80099869 466.98001099
-40.22999954 38.18000031 466.98999023
-40.23099899 37.55899811 467.00000000
-40.23199844 36.93700027 467.00000000
-40.23199844 36.31600189 467.01000977
-40.23300171 35.69400024 467.01000977
-40.23300171 35.07199860 467.01998901
-40.23300171 34.45000076 467.01998901
-40.23300171 33.82799911 467.01998901
-40.23400116 33.20600128 467.01998901
-40.23400116 32.58399963 467.02999878
-40.23400116 31.96199989 467.02999878
-40.23400116 31.34099960 467.02999878
-40.23500061 30.71899986 467.04000854
-40.23500061 30.09700012 467.04000854
-40.23500061 29.47599983 467.04000854
-40.23500061 28.85300064 467.04998779
-40.23500061 28.22999954 467.04998779
-40.23600006 27.60799980 467.04998779
-40.23600006 26.98600006 467.04998779
-40.23500061 26.36499977 467.04998779
-40.23600006 25.74300003 467.04998779
-40.23600006 25.12100029 467.04998779
-40.23600006 24.49900055 467.04998779
-40.23600006 23.87700081 467.05999756
-40.23699951 23.25499916 467.05999756
-40.23699951 22.63199997 467.05999756
-40.23699951 22.01099968 467.07000732
-40.23699951 21.38899994 467.07000732
-40.23799896 20.76600075 467.07000732
-40.23799896 20.14500046 467.07000732
-40.23799896 19.52199936 467.07998657
-40.23699951 18.89999962 467.07000732
-40.23699951 18.27799988 467.05999756
-40.23699951 17.65500069 467.05999756
-40.23699951 17.03300095 467.05999756
-40.23699951 16.41099930 467.07000732
-40.23799896 15.78899956 467.07000732
-40.23799896 15.16699982 467.07998657
-40.23799896 14.54399967 467.07000732
-40.23799896 13.92199993 467.07998657
-40.23799896 13.30000019 467.07998657
-40.23799896 12.67800045 467.07998657
-40.23799896 12.05500031 467.07000732
-40.23699951 11.43299961 467.07000732
-40.23799896 10.81099987 467.07000732
-40.23799896 10.18999958 467.07000732
-40.23799896 9.56729984 467.07998657
-40.23899841 8.32310009 467.07998657
-40.23899841 7.70139980 467.08999634
-40.23899841 7.07959986 467.08999634
-40.23799896 6.45720005 467.07998657
-40.23899841 5.83559990 467.07998657
-40.23899841 5.21330023 467.07998657
-40.23799896 4.59110022 467.07998657
-40.23899841 3.96889997 467.07998657
-40.23899841 3.34660006 467.07998657
-40.23899841 2.72429991 467.08999634
-40.23899841 2.10249996 467.08999634
-40.23799896 1.48070002 467.07998657
-40.23899841 0.85731000 467.07998657
-40.23899841 0.23514999 467.07998657
-40.23899841 -0.38653001 467.08999634
-40.23899841 -1.00810003 467.07998657
-40.23799896 -1.62960005 467.07000732
-40.23799896 -2.25279999 467.07998657
-40.23799896 -2.87540007 467.07998657
-40.23699951 -3.49609995 467.07000732
-40.23699951 -4.11840010 467.07000732
-40.23799896 -4.74090004 467.07000732
-40.23799896 -5.36299992 467.07000732
-40.23799896 -5.98509979 467.07000732
-40.23699951 -6.60620022 467.07000732
-40.23699951 -7.22919989 467.05999756
-40.23699951 -7.85160017 467.07000732
-40.23699951 -8.47319984 467.07000732
-40.23699951 -9.09560013 467.07000732
-40.23699951 -9.71710014 467.07000732
-40.23600006 -12.82800007 467.05999756
-40.23699951 -14.69499969 467.07000732
-40.23699951 -15.31599998 467.05999756
-40.23699951 -15.93799973 467.05999756
-40.23600006 -16.55900002 467.05999756
-40.23600006 -17.18099976 467.05999756
-40.23600006 -17.80400085 467.05999756
-40.23600006 -18.42600060 467.05999756
-40.23600006 -19.04700089 467.04998779
-40.23500061 -19.66900063 467.04998779
-40.23500061 -20.29100037 467.04998779
-40.23500061 -20.91399956 467.04998779
-40.23500061 -21.53499985 467.04998779
-40.23600006 -22.15800095 467.04998779
-40.23600006 -22.78000069 467.04998779
-40.23500061 -23.39999962 467.04000854
-40.23400116 -24.02199936 467.02999878
-40.23300171 -24.64299965 467.01998901
-40.23300171 -25.26600075 467.01998901
-40.23400116 -26.51000023 467.02999878
-40.23300171 -27.75300026 467.01998901
-40.23300171 -28.37500000 467.01998901
-40.23300171 -28.99600029 467.01998901
-40.23199844 -29.61899948 467.01000977
-40.23300171 -30.24099922 467.01998901
-40.23300171 -30.86300087 467.01998901
-40.23300171 -31.48500061 467.01998901
-40.23199844 -32.10599899 467.01000977
-40.23199844 -32.72800064 467.01000977
-40.23099899 -33.34999847 467.00000000
-40.23099899 -33.97100067 467.00000000
-40.23099899 -34.59199905 466.98999023
-40.22999954 -35.21300125 466.98001099
-40.22999954 -35.83599854 466.98001099
-40.22999954 -36.45700073 466.98001099
-40.22999954 -37.07899857 466.98001099
-40.22900009 -37.70100021 466.98001099
-40.22900009 -38.32300186 466.98001099
-40.22900009 -38.94400024 466.98001099
-40.22900009 -39.56499863 466.97000122
-40.22800064 -40.18700027 466.97000122
-40.22800064 -40.80799866 466.95999146
-40.22700119 -42.05099869 466.95001221
-40.22800064 -42.67300034 466.95999146
-40.22800064 -43.29600143 466.95999146
-40.22700119 -43.91600037 466.95001221
-40.22600174 -45.15900040 466.94000244
-40.22700119 -45.78099823 466.94000244
-40.22700119 -46.40299988 466.95001221
-40.22600174 -47.02399826 466.94000244
-40.22600174 -47.64599991 466.94000244
-40.22600174 -48.26699829 466.94000244
-40.22600174 -48.88800049 466.94000244
-40.22600174 -49.50999832 466.94000244
-40.22499847 -50.13100052 466.92999268
-39.61399841 -50.76599884 467.04998779
-39.61500168 -50.14400101 467.04998779
-39.61500168 -49.52299881 467.05999756
-39.61500168 -48.90100098 467.05999756
-39.61500168 -48.27899933 467.05999756
-39.61500168 -47.65800095 467.05999756
-39.61500168 -47.03599930 467.05999756
-39.61500168 -46.41400146 467.07000732
-39.61500168 -45.79199982 467.05999756
-39.61500168 -45.16999817 467.05999756
-39.61500168 -43.92699814 467.05999756
-39.61600113 -43.30599976 467.07000732
-39.61600113 -42.68500137 467.07998657
-39.61600113 -42.06200027 467.07998657
-39.61600113 -41.43999863 467.07000732
-39.61700058 -40.81900024 467.07998657
-39.61700058 -40.19699860 467.08999634
-39.61800003 -39.57600021 467.08999634
-39.61800003 -38.95399857 467.10000610
-39.61800003 -38.33300018 467.10000610
-39.61800003 -37.70999908 467.10000610
-39.61999893 -34.60200119 467.10998535
-39.61999893 -33.97999954 467.11999512
-39.62099838 -33.35900116 467.13000488
-39.62200165 -32.73699951 467.14001465
-39.62200165 -32.11500168 467.14001465
-39.62200165 -31.49300003 467.14001465
-39.62200165 -30.87199974 467.14001465
-39.62099838 -30.24900055 467.13000488
-39.62200165 -29.62700081 467.14001465
-39.62200165 -29.00499916 467.14001465
-39.62200165 -28.38299942 467.14001465
-39.62200165 -27.76099968 467.14999390
-39.62200165 -27.13899994 467.14999390
-39.62200165 -26.51700020 467.14999390
-39.62200165 -25.89399910 467.14001465
-39.62200165 -25.27199936 467.14001465
-39.62200165 -24.64900017 467.14001465
-39.62300110 -24.02799988 467.14999390
-39.62400055 -23.40600014 467.16000366
-39.62400055 -22.78499985 467.17001343
-39.62400055 -22.16399956 467.17001343
-39.62400055 -21.54199982 467.17001343
-39.62400055 -20.91900063 467.17001343
-39.62400055 -19.67499924 467.17001343
-39.62500000 -19.05299950 467.17001343
-39.62500000 -18.43099976 467.17999268
-39.62500000 -17.80800056 467.17999268
-39.62500000 -17.18600082 467.17999268
-39.62599945 -16.56399918 467.19000244
-39.62599945 -15.94200039 467.19000244
-39.62599945 -15.31999969 467.19000244
-39.62599945 -14.69900036 467.19000244
-39.62500000 -11.58600044 467.17999268
-39.62500000 -10.96300030 467.17999268
-39.62500000 -10.34200001 467.17999268
-39.62599945 -9.71949959 467.19000244
-39.62599945 -9.09780025 467.19000244
-39.62599945 -8.47550011 467.20001221
-39.62599945 -7.85370016 467.19000244
-39.62599945 -7.23099995 467.19000244
-39.62599945 -6.60839987 467.19000244
-39.62599945 -5.98670006 467.19000244
-39.62599945 -5.36429977 467.19000244
-39.62599945 -4.74219990 467.19000244
-39.62599945 -4.11990023 467.19000244
-39.62599945 -3.49699998 467.19000244
-39.62699890 -2.87520003 467.20001221
-39.62699890 -2.25340009 467.20999146
-39.62699890 -1.62960005 467.20001221
-39.62799835 -1.00950003 467.20999146
-39.62799835 -0.38653001 467.20999146
-39.62699890 0.23463000 467.20999146
-39.62799835 0.85630000 467.20999146
-39.62699890 1.48080003 467.20999146
-39.62699890 2.10290003 467.20999146
-39.62799835 2.72519994 467.20999146
-39.62799835 3.34719992 467.20999146
-39.62799835 3.97040009 467.20999146
-39.62799835 4.59219980 467.20999146
-39.62799835 5.21420002 467.20999146
-39.62799835 5.83659983 467.20999146
-39.62699890 6.45849991 467.20999146
-39.62799835 7.08139992 467.20999146
-39.62799835 7.70340014 467.20999146
-39.62699890 8.32509995 467.20999146
-39.62699890 8.94740009 467.20001221
-39.62599945 9.56949997 467.19000244
-39.62599945 10.19200039 467.19000244
-39.62599945 10.81400013 467.19000244
-39.62599945 11.43599987 467.19000244
-39.62699890 12.05900002 467.20001221
-39.62699890 12.68200016 467.20001221
-39.62699890 13.30399990 467.20001221
-39.62699890 13.92599964 467.20001221
-39.62599945 14.54800034 467.19000244
-39.62699890 15.17000008 467.20001221
-39.62699890 15.79300022 467.20001221
-39.62699890 16.41500092 467.20001221
-39.62599945 17.03700066 467.19000244
-39.62599945 17.65999985 467.19000244
-39.62699890 18.28300095 467.19000244
-39.62699890 18.90500069 467.20001221
-39.62699890 19.52799988 467.20001221
-39.62699890 20.14999962 467.20001221
-39.62699890 20.77199936 467.20001221
-39.62599945 21.39500046 467.19000244
-39.62599945 22.01700020 467.19000244
-39.62599945 22.63899994 467.19000244
-39.62599945 23.26099968 467.17999268
-39.62599945 23.88299942 467.17999268
-39.62500000 24.50499916 467.17999268
-39.62500000 25.12700081 467.17999268
-39.62500000 25.75000000 467.17999268
-39.62500000 26.37100029 467.17001343
-39.62500000 26.99399948 467.17001343
-39.62500000 27.61599922 467.17001343
-39.62400055 28.23800087 467.17001343
-39.62400055 28.86000061 467.17001343
-39.62400055 29.48399925 467.17001343
-39.62400055 30.10499954 467.16000366
-39.62400055 30.72699928 467.16000366
-39.62400055 31.34900093 467.16000366
-39.62300110 31.96999931 467.14999390
-39.62300110 32.59299850 467.14999390
-39.62300110 33.21500015 467.14999390
-39.62200165 33.83599854 467.14001465
-39.62200165 34.45899963 467.14001465
-39.62200165 35.08100128 467.14001465
-39.62200165 35.70299911 467.14001465
-39.62099838 36.32600021 467.13000488
-39.62099838 36.94699860 467.14001465
-39.62099838 37.56900024 467.13000488
-39.61999893 38.18999863 467.11999512
-39.61999893 38.81200027 467.10998535
-39.61899948 39.43399811 467.10000610
-39.61800003 40.05500031 467.10000610
-39.61800003 40.67800140 467.08999634
-39.61800003 41.29999924 467.08999634
-39.61800003 41.92200089 467.08999634
-39.61700058 42.54399872 467.08999634
-39.61700058 43.16600037 467.07998657
-39.61700058 43.78799820 467.07998657
-39.61600113 44.40999985 467.07998657
-39.61700058 45.03300095 467.07998657
-39.00500107 45.04499817 467.20001221
-39.00500107 44.42200089 467.20001221
-39.00600052 43.79999924 467.20999146
-39.00600052 43.17800140 467.20999146
-39.00699997 42.55500031 467.22000122
-39.00699997 41.93399811 467.22000122
-39.00699997 41.31100082 467.22000122
-39.00699997 40.68899918 467.22000122
-39.00699997 40.06600189 467.22000122
-39.00799942 39.44400024 467.23001099
-39.00899887 38.82199860 467.23999023
-39.00899887 38.20000076 467.25000000
-39.00899887 37.57899857 467.25000000
-39.00999832 36.95700073 467.25000000
-39.00999832 36.33499908 467.26000977
-39.00999832 35.71099854 467.26000977
-39.00999832 35.08900070 467.26000977
-39.00999832 34.46699905 467.26000977
-39.01100159 33.84400177 467.26998901
-39.01100159 33.22299957 467.26998901
-39.01200104 32.60100174 467.27999878
-39.01200104 31.97900009 467.27999878
-39.01200104 31.35799980 467.29000854
-39.01200104 30.73500061 467.27999878
-39.01200104 30.11199951 467.27999878
-39.01200104 29.49099922 467.27999878
-39.01300049 28.86800003 467.29000854
-39.01300049 28.24500084 467.29998779
-39.01300049 27.62299919 467.29998779
-39.01399994 27.00099945 467.29998779
-39.01300049 26.37899971 467.29998779
-39.01399994 25.75600052 467.29998779
-39.01399994 25.13400078 467.29998779
-39.01399994 24.51199913 467.30999756
-39.01399994 23.88899994 467.30999756
-39.01399994 23.26700020 467.30999756
-39.01499939 22.64500046 467.30999756
-39.01499939 22.02300072 467.32000732
-39.01499939 21.39999962 467.32000732
-39.01499939 20.77700043 467.32000732
-39.01499939 20.15500069 467.32000732
-39.01499939 19.53300095 467.32000732
-39.01499939 18.90999985 467.32000732
-39.01499939 18.28700066 467.32000732
-39.01499939 17.66500092 467.32000732
-39.01499939 17.04199982 467.32000732
-39.01499939 16.42000008 467.32000732
-39.01499939 15.79800034 467.32000732
-39.01499939 15.17399979 467.32000732
-39.01499939 14.55200005 467.32000732
-39.01599884 13.93000031 467.32000732
-39.01599884 13.30799961 467.32998657
-39.01599884 12.68500042 467.32998657
-39.01499939 12.06200027 467.32000732
-39.01499939 11.43900013 467.32000732
-39.01499939 10.81700039 467.32000732
-39.01499939 10.19499969 467.32000732
-39.01599884 9.57229996 467.32000732
-39.01599884 8.95009995 467.32998657
-39.01599884 8.32759953 467.32998657
-39.01699829 7.70580006 467.33999634
-39.01599884 7.08339977 467.33999634
-39.01599884 6.46010017 467.32998657
-39.01599884 5.83790016 467.32998657
-39.01599884 5.21470022 467.32998657
-39.01699829 4.59299994 467.33999634
-39.01699829 3.97119999 467.33999634
-39.01699829 3.34820008 467.33999634
-39.01599884 2.72659993 467.33999634
-39.01599884 2.10369992 467.32998657
-39.01499939 1.48099995 467.32000732
-39.01599884 0.85646999 467.32998657
-39.01499939 0.23503000 467.32000732
-39.01599884 -0.38635001 467.32998657
-39.01599884 -1.00989997 467.32998657
-39.01499939 -1.63000000 467.32000732
-39.01499939 -2.25399995 467.32000732
-39.01599884 -2.87599993 467.32998657
-39.01499939 -3.49830008 467.32000732
-39.01599884 -4.12130022 467.32000732
-39.01499939 -4.74389982 467.32000732
-39.01499939 -5.36579990 467.32000732
-39.01499939 -5.98810005 467.32000732
-39.01499939 -6.61000013 467.30999756
-39.01499939 -7.23290014 467.32000732
-39.01499939 -7.85610008 467.32000732
-39.01499939 -8.47789955 467.32000732
-39.01499939 -9.10029984 467.32000732
-39.01399994 -10.96700001 467.29998779
-39.01399994 -11.58899975 467.29998779
-39.01300049 -12.21100044 467.29998779
-39.01399994 -14.70199966 467.30999756
-39.01399994 -15.32400036 467.30999756
-39.01399994 -15.94699955 467.30999756
-39.01399994 -16.56900024 467.30999756
-39.01399994 -17.19199944 467.30999756
-39.01399994 -17.81299973 467.30999756
-39.01399994 -18.43600082 467.30999756
-39.01300049 -19.05800056 467.29998779
-39.01300049 -19.68000031 467.29000854
-39.01200104 -20.92499924 467.29000854
-39.01200104 -21.54700089 467.29000854
-39.01200104 -22.16900063 467.27999878
-39.01200104 -22.79000092 467.27999878
-39.01200104 -23.41200066 467.27999878
-39.01100159 -24.03499985 467.26998901
-39.01100159 -24.65699959 467.26998901
-39.01100159 -25.27899933 467.26998901
-39.01100159 -26.52400017 467.26998901
-39.01100159 -27.14599991 467.26998901
-39.01100159 -27.76899910 467.26998901
-39.01100159 -28.39100075 467.26998901
-39.01100159 -29.01300049 467.26998901
-39.00999832 -29.63500023 467.26000977
-39.00999832 -30.25699997 467.25000000
-39.00999832 -30.87899971 467.26000977
-39.00999832 -31.50099945 467.26000977
-39.00999832 -32.12400055 467.26000977
-39.00999832 -32.74599838 467.26000977
-39.00899887 -33.36800003 467.25000000
-39.00899887 -33.99000168 467.23999023
-39.00600052 -38.34299850 467.22000122
-39.00500107 -40.83000183 467.20001221
-39.00500107 -42.07400131 467.20001221
-39.00500107 -42.69599915 467.20001221
-39.00500107 -43.31800079 467.19000244
-39.00400162 -43.93899918 467.19000244
-39.00400162 -45.18199921 467.17999268
-39.00400162 -47.04899979 467.19000244
-39.00400162 -47.67100143 467.17999268
-39.00299835 -48.29199982 467.17999268
-39.00299835 -48.91400146 467.17999268
-39.00299835 -49.53599930 467.17999268
-39.00299835 -50.15800095 467.17999268
-39.00299835 -50.77899933 467.17001343
-38.39099884 -50.79299927 467.29000854
-38.39099884 -50.16999817 467.29000854
-38.39099884 -49.54800034 467.29998779
-38.39099884 -48.92599869 467.29000854
-38.39199829 -48.30400085 467.29998779
-38.39199829 -47.68299866 467.30999756
-38.39300156 -47.06200027 467.32000732
-38.39300156 -46.43999863 467.32000732
-38.39300156 -45.81700134 467.30999756
-38.39199829 -45.19499969 467.30999756
-38.39300156 -43.95100021 467.32000732
-38.39400101 -43.33000183 467.32000732
-38.39400101 -42.70800018 467.32998657
-38.39400101 -42.08499908 467.32998657
-38.39300156 -41.46300125 467.32000732
-38.39400101 -40.84000015 467.32998657
-38.39400101 -40.21799850 467.32998657
-38.39400101 -39.59700012 467.32998657
-38.39500046 -38.97499847 467.33999634
-38.39599991 -37.10800171 467.35000610
-38.39599991 -36.48600006 467.35000610
-38.39599991 -35.86500168 467.35998535
-38.39699936 -35.24300003 467.35998535
-38.39699936 -34.61999893 467.35998535
-38.39699936 -33.99900055 467.36999512
-38.39799881 -33.37599945 467.38000488
-38.39799881 -32.75500107 467.38000488
-38.39899826 -32.13299942 467.39001465
-38.39899826 -31.51000023 467.39001465
-38.39899826 -30.88800049 467.39001465
-38.39799881 -30.26499939 467.38000488
-38.39899826 -29.64200020 467.38000488
-38.39899826 -29.02099991 467.39001465
-38.39899826 -28.39800072 467.39001465
-38.39899826 -27.77599907 467.39001465
-38.39899826 -27.15200043 467.39001465
-38.39899826 -26.53000069 467.39001465
-38.39899826 -25.90900040 467.39001465
-38.40000153 -25.28599930 467.39999390
-38.40000153 -24.66399956 467.39999390
-38.40000153 -24.04199982 467.41000366
-38.40100098 -23.41900063 467.41000366
-38.40000153 -22.79800034 467.41000366
-38.40000153 -22.17399979 467.41000366
-38.40000153 -21.55200005 467.41000366
-38.40000153 -20.93000031 467.41000366
-38.40100098 -19.68499947 467.41000366
-38.40200043 -19.06299973 467.42001343
-38.40200043 -18.44099998 467.42999268
-38.40200043 -17.81699944 467.42999268
-38.40200043 -17.19599915 467.42999268
-38.40200043 -16.57299995 467.42999268
-38.40200043 -15.95100021 467.42999268
-38.40200043 -15.32800007 467.42999268
-38.40200043 -14.70600033 467.42999268
-38.40200043 -12.21500015 467.42001343
-38.40200043 -11.59200001 467.42999268
-38.40299988 -10.97000027 467.42999268
-38.40299988 -10.34700012 467.44000244
-38.40299988 -9.72500038 467.44000244
-38.40399933 -9.10270023 467.45001221
-38.40299988 -8.48019981 467.44000244
-38.40299988 -7.85769987 467.44000244
-38.40299988 -7.23490000 467.44000244
-38.40299988 -6.61210012 467.42999268
-38.40299988 -5.98990011 467.44000244
-38.40299988 -5.36740017 467.44000244
-38.40399933 -4.74499989 467.45001221
-38.40399933 -4.12249994 467.45001221
-38.40399933 -3.49959993 467.45001221
-38.40399933 -2.87759995 467.45001221
-38.40399933 -2.25430012 467.45001221
-38.40399933 -1.63150001 467.45999146
-38.40499878 -1.01020002 467.45999146
-38.40499878 -0.38767999 467.45999146
-38.40299988 0.23447999 467.44000244
-38.40299988 0.85737002 467.44000244
-38.40299988 1.48130000 467.44000244
-38.40399933 2.10400009 467.45001221
-38.40399933 2.72709990 467.45001221
-38.40499878 3.34910011 467.45999146
-38.40499878 3.97219992 467.45999146
-38.40499878 4.59429979 467.45999146
-38.40399933 5.21640015 467.45999146
-38.40399933 5.83949995 467.45001221
-38.40499878 6.46180010 467.45999146
-38.40499878 7.08519983 467.45999146
-38.40499878 7.70790005 467.45999146
-38.40399933 8.32970047 467.45001221
-38.40399933 8.95219994 467.45001221
-38.40399933 9.57470036 467.45001221
-38.40399933 10.19799995 467.45001221
-38.40399933 10.81999969 467.45001221
-38.40399933 11.44200039 467.45001221
-38.40399933 12.06499958 467.45001221
-38.40499878 12.68799973 467.45999146
-38.40399933 13.31099987 467.45001221
-38.40399933 13.93400002 467.44000244
-38.40299988 14.55599976 467.44000244
-38.40299988 15.17800045 467.44000244
-38.40299988 15.80200005 467.44000244
-38.40299988 16.42399979 467.44000244
-38.40299988 17.04700089 467.44000244
-38.40299988 17.66900063 467.44000244
-38.40299988 18.29199982 467.44000244
-38.40299988 18.91500092 467.44000244
-38.40299988 19.53700066 467.44000244
-38.40200043 20.15999985 467.42999268
-38.40200043 20.78199959 467.42999268
-38.40299988 21.40500069 467.42999268
-38.40299988 22.02799988 467.44000244
-38.40299988 22.64999962 467.42999268
-38.40299988 23.27300072 467.42999268
-38.40200043 23.89500046 467.42999268
-38.40200043 24.51799965 467.42999268
-38.40200043 25.14100075 467.42999268
-38.40200043 25.76300049 467.42999268
-38.40200043 26.38599968 467.42001343
-38.40200043 27.00799942 467.42001343
-38.40200043 27.63100052 467.42001343
-38.40100098 28.25300026 467.42001343
-38.40100098 28.87599945 467.41000366
-38.40100098 29.49799919 467.41000366
-38.40000153 30.12000084 467.41000366
-38.40000153 30.74300003 467.39999390
-38.40000153 31.36700058 467.39999390
-38.40100098 31.98800087 467.41000366
-38.40000153 32.61000061 467.41000366
-38.40000153 33.23199844 467.39999390
-38.39899826 33.85300064 467.39001465
-38.39799881 34.47600174 467.38000488
-38.39799881 35.09899902 467.38000488
-38.39799881 35.72100067 467.38000488
-38.39799881 36.34400177 467.38000488
-38.39799881 36.96699905 467.38000488
-38.39799881 37.58900070 467.36999512
-38.39699936 38.20999908 467.36999512
-38.39699936 38.83200073 467.35998535
-38.39599991 39.45500183 467.35000610
-38.39599991 40.07699966 467.35000610
-38.39599991 40.70000076 467.35000610
-38.39500046 41.32199860 467.35000610
-38.39599991 41.94499969 467.35000610
-38.39500046 42.56700134 467.33999634
-38.39400101 43.18899918 467.32998657
-38.39400101 43.81100082 467.32998657
-38.39400101 44.43299866 467.32000732
-38.39400101 45.05599976 467.32000732
-37.78200150 45.06800079 467.45001221
-37.78200150 44.44499969 467.45001221
-37.78200150 43.82199860 467.45001221
-37.78200150 43.20000076 467.45001221
-37.78300095 42.57699966 467.45999146
-37.78400040 41.95600128 467.47000122
-37.78400040 41.33300018 467.48001099
-37.78400040 40.71099854 467.48001099
-37.78400040 40.08800125 467.47000122
-37.78400040 39.46500015 467.48001099
-37.78499985 38.84199905 467.48999023
-37.78499985 38.22000122 467.48999023
-37.78499985 37.59799957 467.48999023
-37.78599930 36.97600174 467.50000000
-37.78599930 36.35300064 467.50000000
-37.78599930 35.72999954 467.50000000
-37.78599930 35.10800171 467.50000000
-37.78599930 34.48500061 467.50000000
-37.78699875 33.86199951 467.51000977
-37.78699875 33.24100113 467.51998901
-37.78799820 32.61899948 467.52999878
-37.78799820 31.99699974 467.52999878
-37.78799820 31.37400055 467.52999878
-37.78799820 30.75099945 467.52999878
-37.78799820 30.12800026 467.52999878
-37.78900146 29.50499916 467.52999878
-37.78900146 28.88299942 467.54000854
-37.78900146 28.26000023 467.54000854
-37.78900146 27.63800049 467.54000854
-37.79000092 27.01499939 467.54998779
-37.79000092 26.39200020 467.54998779
-37.79000092 25.77000046 467.54998779
-37.79000092 25.14699936 467.54998779
-37.79000092 24.52499962 467.55999756
-37.79100037 23.90200043 467.55999756
-37.79100037 23.27899933 467.55999756
-37.79100037 22.65699959 467.55999756
-37.79100037 22.03400040 467.55999756
-37.79100037 21.40999985 467.55999756
-37.79100037 20.78800011 467.55999756
-37.79100037 20.16500092 467.55999756
-37.79100037 19.54299927 467.57000732
-37.79199982 18.92000008 467.57000732
-37.79100037 18.29700089 467.55999756
-37.79100037 17.67399979 467.57000732
-37.79100037 17.05200005 467.55999756
-37.79100037 16.42900085 467.55999756
-37.79100037 15.80599976 467.55999756
-37.79100037 15.18299961 467.55999756
-37.79100037 14.56000042 467.57000732
-37.79100037 13.93700027 467.57000732
-37.79199982 13.31400013 467.57000732
-37.79199982 12.69200039 467.57000732
-37.79199982 12.06799984 467.57000732
-37.79199982 11.44600010 467.57998657
-37.79199982 10.82299995 467.57998657
-37.79199982 10.19999981 467.57998657
-37.79199982 9.57730007 467.57000732
-37.79199982 8.95440006 467.57000732
-37.79199982 8.33150005 467.57998657
-37.79299927 7.70940018 467.57998657
-37.79199982 7.08680010 467.57998657
-37.79199982 6.46330023 467.57998657
-37.79199982 5.84040022 467.57000732
-37.79199982 5.21799994 467.57998657
-37.79199982 4.59560013 467.57998657
-37.79199982 3.97280002 467.57998657
-37.79199982 3.34999990 467.57000732
-37.79199982 2.72749996 467.57000732
-37.79100037 2.10430002 467.57000732
-37.79100037 1.48140001 467.55999756
-37.79100037 0.85829002 467.55999756
-37.79100037 0.23478000 467.55999756
-37.79199982 -0.38690001 467.57000732
-37.79199982 -1.00969994 467.57000732
-37.79199982 -1.63209999 467.57000732
-37.79100037 -2.25469995 467.55999756
-37.79100037 -2.87849998 467.57000732
-37.79100037 -3.50070000 467.57000732
-37.79199982 -4.12349987 467.57000732
-37.79100037 -4.74609995 467.57000732
-37.79100037 -5.36880016 467.55999756
-37.79100037 -5.99160004 467.55999756
-37.79100037 -6.61420012 467.55999756
-37.79100037 -7.23689985 467.55999756
-37.79100037 -7.85990000 467.55999756
-37.79100037 -8.48270035 467.55999756
-37.79199982 -9.10589981 467.57000732
-37.79100037 -9.72830009 467.57000732
-37.79100037 -10.35099983 467.55999756
-37.79100037 -10.97299957 467.55999756
-37.79000092 -11.59599972 467.54998779
-37.79000092 -14.71000004 467.54998779
-37.79100037 -15.33300018 467.55999756
-37.79100037 -15.95499992 467.55999756
-37.79000092 -16.57799911 467.54998779
-37.79000092 -17.19899940 467.54998779
-37.79000092 -17.82299995 467.55999756
-37.79000092 -18.44599915 467.54998779
-37.79000092 -19.06900024 467.54998779
-37.78900146 -19.69099998 467.54000854
-37.78799820 -20.31299973 467.52999878
-37.78799820 -20.93499947 467.52999878
-37.78799820 -22.18000031 467.51998901
-37.78799820 -22.80299950 467.52999878
-37.78799820 -23.42600060 467.52999878
-37.78799820 -24.04800034 467.52999878
-37.78799820 -24.67000008 467.52999878
-37.78699875 -25.29299927 467.51998901
-37.78699875 -25.91500092 467.51000977
-37.78699875 -26.53800011 467.51000977
-37.78699875 -27.15999985 467.51000977
-37.78699875 -27.78300095 467.51000977
-37.78699875 -28.40600014 467.51000977
-37.78699875 -29.02899933 467.51998901
-37.78699875 -29.65200043 467.51998901
-37.78699875 -30.27300072 467.51000977
-37.78699875 -30.89599991 467.51000977
-37.78699875 -31.51799965 467.51000977
-37.78599930 -32.13999939 467.50000000
-37.78599930 -32.76300049 467.50000000
-37.78599930 -33.38600159 467.50000000
-37.78599930 -34.00799942 467.50000000
-37.78499985 -34.63000107 467.48999023
-37.78499985 -35.25299835 467.48999023
-37.78499985 -35.87400055 467.48001099
-37.78400040 -36.49599838 467.48001099
-37.78300095 -37.11800003 467.47000122
-37.78300095 -38.98500061 467.45999146
-37.78200150 -39.60699844 467.45001221
-37.78200150 -40.22900009 467.45001221
-37.78200150 -40.85200119 467.45001221
-37.78200150 -41.47499847 467.45001221
-37.78200150 -42.09700012 467.45999146
-37.78200150 -42.71900177 467.45001221
-37.78099823 -43.34099960 467.44000244
-37.77999878 -45.20700073 467.42999268
-37.78099823 -45.82899857 467.44000244
-37.78099823 -46.45199966 467.44000244
-37.78099823 -47.07400131 467.44000244
-37.77999878 -47.69599915 467.42999268
-37.77899933 -48.31600189 467.42001343
-37.77899933 -48.93899918 467.41000366
-37.77899933 -49.56000137 467.41000366
-37.77899933 -50.18299866 467.41000366
-37.16600037 -50.19499969 467.51998901
-37.16600037 -49.57300186 467.52999878
-37.16699982 -48.95100021 467.54000854
-37.16699982 -48.32899857 467.54000854
-37.16799927 -47.70800018 467.54998779
-37.16799927 -47.08599854 467.55999756
-37.16899872 -46.46500015 467.57000732
-37.16899872 -45.84299850 467.57000732
-37.16899872 -45.22000122 467.57000732
-37.16899872 -44.59700012 467.55999756
-37.16899872 -43.35200119 467.55999756
-37.16899872 -42.72999954 467.57000732
-37.16999817 -42.10800171 467.57998657
-37.16999817 -41.48600006 467.57998657
-37.17100143 -37.12799835 467.58999634
-37.17200089 -36.50600052 467.60000610
-37.17300034 -35.88399887 467.60998535
-37.17300034 -35.26200104 467.61999512
-37.17300034 -34.63899994 467.61999512
-37.17300034 -34.01599884 467.61999512
-37.17399979 -33.39500046 467.63000488
-37.17399979 -32.77199936 467.64001465
-37.17499924 -32.14899826 467.64001465
-37.17399979 -31.52700043 467.64001465
-37.17399979 -30.90399933 467.63000488
-37.17499924 -30.28100014 467.64001465
-37.17499924 -29.65900040 467.64001465
-37.17499924 -29.03599930 467.64001465
-37.17399979 -28.41300011 467.64001465
-37.17399979 -27.79000092 467.63000488
-37.17399979 -27.16799927 467.63000488
-37.17399979 -26.54500008 467.64001465
-37.17499924 -25.92200089 467.64001465
-37.17499924 -25.29999924 467.64001465
-37.17499924 -24.67700005 467.64999390
-37.17599869 -24.05500031 467.66000366
-37.17599869 -23.43300056 467.66000366
-37.17599869 -22.80999947 467.64999390
-37.17599869 -20.94099998 467.66000366
-37.17599869 -20.31900024 467.66000366
-37.17699814 -19.69599915 467.66000366
-37.17699814 -19.07299995 467.67001343
-37.17699814 -18.45100021 467.67001343
-37.17699814 -17.82799911 467.67001343
-37.17699814 -17.20400047 467.67001343
-37.17800140 -16.58099937 467.67001343
-37.17800140 -15.95899963 467.67999268
-37.17800140 -15.33699989 467.69000244
-37.17800140 -14.71500015 467.67999268
-37.17800140 -14.09099960 467.67999268
-37.17800140 -13.46800041 467.67999268
-37.17699814 -12.22200012 467.67001343
-37.17800140 -11.59899998 467.67999268
-37.17800140 -10.97599983 467.67999268
-37.17900085 -10.35400009 467.69000244
-37.17900085 -9.73130035 467.69000244
-37.17800140 -9.10809994 467.69000244
-37.17800140 -8.48480034 467.67999268
-37.17900085 -7.86189985 467.69000244
-37.17800140 -7.23909998 467.67999268
-37.17800140 -6.61660004 467.67999268
-37.17800140 -5.99399996 467.67999268
-37.17800140 -5.37130022 467.67999268
-37.17900085 -4.74760008 467.69000244
-37.17900085 -4.12440014 467.69000244
-37.17900085 -3.50200009 467.70001221
-37.17900085 -2.87960005 467.70001221
-37.17900085 -2.25559998 467.69000244
-37.18000031 -1.63310003 467.70001221
-37.18000031 -1.00989997 467.70001221
-37.18000031 -0.38744000 467.70001221
-37.17900085 0.23455000 467.69000244
-37.17900085 0.85829002 467.69000244
-37.17900085 1.48169994 467.69000244
-37.17900085 2.10470009 467.69000244
-37.17900085 2.72799993 467.69000244
-37.17900085 3.35080004 467.70001221
-37.18000031 3.97350001 467.70001221
-37.18000031 4.59670019 467.70001221
-37.18000031 5.21910000 467.70001221
-37.18000031 5.84219980 467.70001221
-37.18000031 6.46540022 467.70001221
-37.18000031 7.08869982 467.70001221
-37.18000031 7.71159983 467.70001221
-37.18000031 8.33390045 467.70001221
-37.17900085 8.95759964 467.69000244
-37.17900085 9.57960033 467.69000244
-37.18000031 10.20300007 467.70001221
-37.18000031 10.82600021 467.70001221
-37.18000031 11.44900036 467.70001221
-37.18000031 12.07199955 467.70001221
-37.18000031 12.69499969 467.70001221
-37.17900085 13.31799984 467.70001221
-37.18000031 13.94099998 467.70001221
-37.17900085 14.56400013 467.70001221
-37.17900085 15.18700027 467.69000244
-37.17900085 15.81000042 467.69000244
-37.17900085 16.43300056 467.69000244
-37.17900085 17.05599976 467.69000244
-37.17900085 17.67900085 467.69000244
-37.17900085 18.92499924 467.69000244
-37.17900085 19.54800034 467.69000244
-37.17900085 20.17099953 467.69000244
-37.17800140 20.79400063 467.67999268
-37.17900085 21.41600037 467.69000244
-37.17900085 22.04000092 467.69000244
-37.17900085 22.66300011 467.69000244
-37.17800140 23.28499985 467.67999268
-37.17800140 23.90900040 467.67999268
-37.17800140 24.53100014 467.67999268
-37.17800140 25.15399933 467.67001343
-37.17699814 25.77599907 467.67001343
-37.17699814 26.39900017 467.67001343
-37.17699814 27.02199936 467.66000366
-37.17699814 27.64500046 467.67001343
-37.17699814 28.26799965 467.67001343
-37.17699814 28.89100075 467.66000366
-37.17599869 29.51300049 467.66000366
-37.17599869 30.13599968 467.64999390
-37.17599869 30.75799942 467.64999390
-37.17599869 31.38199997 467.64999390
-37.17499924 32.00500107 467.64999390
-37.17499924 32.62699890 467.64001465
-37.17499924 33.24900055 467.64001465
-37.17399979 33.87200165 467.63000488
-37.17399979 34.49399948 467.63000488
-37.17399979 35.11700058 467.63000488
-37.17399979 35.73899841 467.61999512
-37.17300034 36.36199951 467.61999512
-37.17399979 36.98500061 467.61999512
-37.17300034 37.60800171 467.60998535
-37.17300034 38.22999954 467.60998535
-37.17200089 38.85300064 467.60998535
-37.17200089 39.47600174 467.60000610
-37.17200089 40.09899902 467.60000610
-37.17200089 40.72200012 467.60000610
-37.17200089 41.34500122 467.60000610
-37.17100143 41.96699905 467.58999634
-37.17100143 42.58800125 467.58999634
-37.16999817 43.21200180 467.57998657
-37.16999817 43.83399963 467.57998657
-37.16999817 44.45700073 467.57998657
-37.16999817 45.08000183 467.57998657
-36.55699921 45.09199905 467.70001221
-36.55699921 44.46799850 467.70001221
-36.55699921 43.84500122 467.70001221
-36.55699921 43.22200012 467.70001221
-36.55799866 42.59899902 467.70999146
-36.55799866 41.97700119 467.70999146
-36.55899811 41.35499954 467.73001099
-36.56000137 40.73300171 467.73001099
-36.56000137 40.11000061 467.73001099
-36.55899811 39.48600006 467.73001099
-36.56000137 38.86299896 467.73001099
-36.56000137 38.24000168 467.73001099
-36.56000137 37.61700058 467.73001099
-36.56100082 36.99499893 467.73999023
-36.56100082 36.37200165 467.75000000
-36.56100082 35.74900055 467.75000000
-36.56200027 35.12699890 467.75000000
-36.56200027 34.50400162 467.75000000
-36.56200027 33.88100052 467.76000977
-36.56200027 33.25799942 467.76998901
-36.56299973 32.63499832 467.76998901
-36.56299973 32.01200104 467.76998901
-36.56299973 31.38899994 467.77999878
-36.56299973 30.76700020 467.77999878
-36.56399918 30.14399910 467.77999878
-36.56399918 29.52099991 467.79000854
-36.56399918 28.89800072 467.79000854
-36.56399918 28.27499962 467.79000854
-36.56399918 27.65200043 467.79000854
-36.56399918 27.02899933 467.77999878
-36.56399918 26.40600014 467.79000854
-36.56499863 25.78300095 467.79000854
-36.56499863 25.15999985 467.79998779
-36.56600189 24.53800011 467.80999756
-36.56600189 23.91500092 467.80999756
-36.56600189 23.29100037 467.79998779
-36.56600189 22.66799927 467.80999756
-36.56600189 22.04500008 467.80999756
-36.56600189 21.42200089 467.80999756
-36.56600189 20.79999924 467.80999756
-36.56600189 20.17700005 467.82000732
-36.56600189 19.55400085 467.82000732
-36.56600189 18.93000031 467.80999756
-36.56600189 18.30599976 467.82000732
-36.56700134 17.68300056 467.82000732
-36.56600189 17.06100082 467.82000732
-36.56600189 16.43799973 467.80999756
-36.56600189 15.81499958 467.80999756
-36.56700134 15.19099998 467.82000732
-36.56700134 14.56799984 467.82000732
-36.56700134 13.94499969 467.82000732
-36.56600189 13.32100010 467.82000732
-36.56700134 12.69799995 467.82000732
-36.56700134 12.07499981 467.82000732
-36.56700134 11.45300007 467.82000732
-36.56700134 10.82900047 467.82000732
-36.56600189 10.20499992 467.82000732
-36.56600189 9.58180046 467.82000732
-36.56600189 8.95909977 467.80999756
-36.56700134 8.33570004 467.82000732
-36.56700134 7.71299982 467.82000732
-36.56700134 7.09009981 467.82000732
-36.56700134 6.46710014 467.82998657
-36.56700134 5.84369993 467.82998657
-36.56700134 5.22090006 467.82998657
-36.56700134 4.59759998 467.82998657
-36.56700134 3.97429991 467.82998657
-36.56700134 3.35120010 467.82000732
-36.56700134 2.72839999 467.82998657
-36.56700134 2.10560012 467.82000732
-36.56700134 0.23499000 467.82000732
-36.56700134 -0.38727000 467.82000732
-36.56700134 -1.00989997 467.82000732
-36.56700134 -1.63329995 467.82000732
-36.56600189 -2.25650001 467.82000732
-36.56700134 -2.88000011 467.82000732
-36.56600189 -3.50289989 467.82000732
-36.56600189 -4.12550020 467.80999756
-36.56600189 -4.74870014 467.80999756
-36.56600189 -5.37209988 467.80999756
-36.56600189 -5.99499989 467.80999756
-36.56600189 -6.61829996 467.80999756
-36.56600189 -7.24109983 467.80999756
-36.56600189 -7.86409998 467.80999756
-36.56600189 -8.48709965 467.80999756
-36.56600189 -9.11060047 467.80999756
-36.56600189 -9.73340034 467.80999756
-36.56600189 -10.35599995 467.80999756
-36.56499863 -10.97900009 467.80999756
-36.56499863 -11.60200024 467.79998779
-36.56499863 -12.22500038 467.79998779
-36.56499863 -13.47200012 467.79998779
-36.56600189 -14.09500027 467.80999756
-36.56600189 -14.71899986 467.80999756
-36.56499863 -15.34099960 467.79998779
-36.56499863 -15.96300030 467.79998779
-36.56499863 -16.58600044 467.79000854
-36.56399918 -17.20899963 467.79000854
-36.56399918 -17.83200073 467.79000854
-36.56399918 -19.07900047 467.79000854
-36.56399918 -19.70199966 467.79000854
-36.56399918 -20.32399940 467.79000854
-36.56399918 -20.94700050 467.79000854
-36.56299973 -21.56999969 467.77999878
-36.56399918 -22.19300079 467.77999878
-36.56399918 -22.81599998 467.79000854
-36.56299973 -23.43899918 467.77999878
-36.56299973 -24.06200027 467.77999878
-36.56299973 -24.68400002 467.77999878
-36.56299973 -25.30599976 467.76998901
-36.56100082 -27.17499924 467.76000977
-36.56200027 -27.79800034 467.76000977
-36.56200027 -28.42099953 467.76000977
-36.56200027 -29.04400063 467.76000977
-36.56200027 -29.66799927 467.76000977
-36.56200027 -30.28899956 467.76000977
-36.56100082 -30.91200066 467.75000000
-36.56200027 -31.53599930 467.76000977
-36.56200027 -32.15800095 467.76000977
-36.56100082 -32.78099823 467.75000000
-36.56100082 -33.40399933 467.75000000
-36.56100082 -34.02500153 467.73999023
-36.56100082 -34.64899826 467.73999023
-36.56000137 -35.27099991 467.73999023
-36.56000137 -35.89300156 467.73001099
-36.55899811 -36.51499939 467.72000122
-36.55799866 -37.13800049 467.72000122
-36.55799866 -38.38399887 467.72000122
-36.55899811 -39.00699997 467.72000122
-36.55899811 -39.62900162 467.72000122
-36.55799866 -40.25199890 467.70999146
-36.55799866 -40.87500000 467.70999146
-36.55799866 -41.49700165 467.70999146
-36.55799866 -42.11899948 467.70001221
-36.55699921 -42.74100113 467.70001221
-36.55599976 -43.36299896 467.69000244
-36.55599976 -44.60900116 467.69000244
-36.55599976 -45.23199844 467.69000244
-36.55599976 -45.85499954 467.69000244
-36.55599976 -46.47600174 467.67999268
-36.55500031 -47.09700012 467.67999268
-36.55500031 -47.72100067 467.67001343
-36.55500031 -48.34099960 467.67001343
-36.55400085 -48.96300125 467.64999390
-36.55300140 -49.58599854 467.64999390
-35.93999863 -49.59899902 467.76998901
-35.94100189 -48.97700119 467.77999878
-35.94100189 -48.35499954 467.79000854
-35.94200134 -47.73300171 467.79000854
-35.94200134 -47.10900116 467.79000854
-35.94200134 -46.48699951 467.79998779
-35.94300079 -45.86600113 467.79998779
-35.94300079 -45.24300003 467.79998779
-35.94400024 -44.62099838 467.80999756
-35.94300079 -43.99700165 467.80999756
-35.94400024 -43.37400055 467.80999756
-35.94400024 -42.75299835 467.82998657
-35.94499969 -42.13000107 467.82998657
-35.94499969 -41.50799942 467.82998657
-35.94499969 -40.88499832 467.82998657
-35.94499969 -40.26200104 467.83999634
-35.94599915 -39.63999939 467.83999634
-35.94599915 -39.01699829 467.83999634
-35.94499969 -38.39400101 467.83999634
-35.94499969 -37.14799881 467.82998657
-35.94599915 -36.52399826 467.83999634
-35.94599915 -35.90200043 467.85000610
-35.94699860 -35.27999878 467.85998535
-35.94699860 -34.65800095 467.85998535
-35.94699860 -34.03300095 467.85998535
-35.94699860 -33.41199875 467.86999512
-35.94800186 -32.78900146 467.86999512
-35.94800186 -32.16600037 467.86999512
-35.94800186 -31.54500008 467.88000488
-35.94900131 -30.92099953 467.88000488
-35.94900131 -30.29700089 467.88000488
-35.94900131 -29.67600060 467.89001465
-35.94900131 -29.05200005 467.89001465
-35.94900131 -28.42900085 467.89001465
-35.94900131 -27.80599976 467.88000488
-35.94900131 -27.18300056 467.88000488
-35.94900131 -25.93600082 467.88000488
-35.94900131 -25.31299973 467.89001465
-35.95000076 -24.69099998 467.89999390
-35.95100021 -24.06900024 467.91000366
-35.95000076 -23.44499969 467.89999390
-35.95100021 -22.82200050 467.91000366
-35.95100021 -22.19899940 467.91000366
-35.95100021 -21.57600021 467.91000366
-35.95100021 -20.95299911 467.92001343
-35.95100021 -20.32999992 467.91000366
-35.95100021 -19.70700073 467.91000366
-35.95100021 -19.08399963 467.91000366
-35.95100021 -17.83699989 467.91000366
-35.95100021 -17.21400070 467.91000366
-35.95100021 -16.59000015 467.91000366
-35.95199966 -15.96700001 467.92001343
-35.95199966 -15.34500027 467.92001343
-35.95199966 -14.72200012 467.92999268
-35.95199966 -14.09799957 467.92999268
-35.95199966 -13.47500038 467.92999268
-35.95199966 -12.85099983 467.92001343
-35.95199966 -12.22799969 467.92001343
-35.95199966 -11.60599995 467.92001343
-35.95199966 -10.98299980 467.92999268
-35.95299911 -10.35900021 467.92999268
-35.95299911 -9.73610020 467.92999268
-35.95299911 -9.11310005 467.94000244
-35.95299911 -8.48960018 467.94000244
-35.95299911 -7.86649990 467.94000244
-35.95299911 -7.24300003 467.94000244
-35.95299911 -6.61999989 467.94000244
-35.95299911 -5.99660015 467.92999268
-35.95299911 -3.50379992 467.94000244
-35.95299911 -2.88070011 467.94000244
-35.95399857 -2.25740004 467.95001221
-35.95399857 -1.63370001 467.95001221
-35.95399857 -1.01010001 467.95001221
-35.95399857 -0.38683999 467.95001221
-35.95399857 0.23607001 467.95001221
-35.95399857 0.85895997 467.95001221
-35.95399857 1.48249996 467.95001221
-35.95399857 2.10660005 467.95001221
-35.95399857 2.72919989 467.95001221
-35.95399857 3.35209990 467.95001221
-35.95399857 3.97499990 467.95999146
-35.95500183 4.59859991 467.95999146
-35.95399857 5.22240019 467.95001221
-35.95399857 5.84530020 467.95001221
-35.95399857 6.46890020 467.95001221
-35.95399857 7.09180021 467.94000244
-35.95299911 7.71479988 467.94000244
-35.95399857 8.33829975 467.94000244
-35.95299911 8.96199989 467.94000244
-35.95399857 9.58489990 467.95001221
-35.95399857 10.20800018 467.95001221
-35.95399857 10.83199978 467.94000244
-35.95399857 11.45499992 467.94000244
-35.95299911 12.07800007 467.94000244
-35.95399857 12.70199966 467.94000244
-35.95399857 13.32499981 467.94000244
-35.95399857 13.94799995 467.94000244
-35.95299911 14.57199955 467.94000244
-35.95399857 15.19499969 467.94000244
-35.95299911 15.81900024 467.94000244
-35.95299911 16.44199944 467.92999268
-35.95299911 17.06500053 467.94000244
-35.95399857 17.68799973 467.95001221
-35.95399857 18.31100082 467.95001221
-35.95399857 18.93600082 467.94000244
-35.95399857 19.55900002 467.95001221
-35.95399857 20.18199921 467.95001221
-35.95399857 20.80599976 467.94000244
-35.95399857 21.42799950 467.94000244
-35.95299911 22.05100060 467.94000244
-35.95299911 22.67399979 467.94000244
-35.95299911 23.29700089 467.92999268
-35.95299911 23.92200089 467.92999268
-35.95199966 24.54500008 467.92999268
-35.95199966 25.16799927 467.92001343
-35.95199966 25.79000092 467.92001343
-35.95100021 26.41300011 467.91000366
-35.95100021 27.03599930 467.91000366
-35.95199966 27.65999985 467.92001343
-35.95199966 28.28300095 467.92001343
-35.95100021 28.90600014 467.91000366
-35.95100021 29.52799988 467.91000366
-35.95000076 30.15200043 467.89999390
-35.95000076 30.77499962 467.89999390
-35.95000076 31.39800072 467.89999390
-35.95000076 32.02099991 467.89999390
-35.95000076 32.64500046 467.89999390
-35.95000076 33.26800156 467.89001465
-35.94900131 33.88999939 467.89001465
-35.94900131 34.51300049 467.88000488
-35.94800186 35.13600159 467.86999512
-35.94800186 35.75899887 467.86999512
-35.94800186 36.38100052 467.86999512
-35.94800186 37.00400162 467.86999512
-35.94699860 37.62699890 467.85998535
-35.94699860 38.25000000 467.85998535
-35.94699860 38.87300110 467.85998535
-35.94699860 39.49700165 467.85000610
-35.94699860 40.12099838 467.85998535
-35.94699860 40.74399948 467.85998535
-35.94699860 41.36600113 467.85998535
-35.94599915 41.98799896 467.83999634
-35.94499969 42.61000061 467.82998657
-35.94400024 43.23400116 467.82000732
-35.94400024 43.85599899 467.82000732
-35.94400024 44.47999954 467.82000732
-35.94400024 45.10400009 467.82000732
-35.33100128 45.11500168 467.94000244
-35.33100128 44.49200058 467.95001221
-35.33100128 43.86800003 467.95001221
-35.33200073 43.24499893 467.95001221
-35.33200073 42.62300110 467.95001221
-35.33300018 42.00000000 467.97000122
-35.33300018 41.37699890 467.98001099
-35.33399963 40.75400162 467.98001099
-35.33399963 40.13100052 467.98001099
-35.33300018 39.50699997 467.98001099
-35.33399963 38.88399887 467.98999023
-35.33399963 38.26100159 467.98999023
-35.33399963 37.63700104 467.98999023
-35.33499908 37.01399994 467.98999023
-35.33499908 36.39099884 467.98999023
-35.33499908 35.76800156 468.00000000
-35.33499908 35.14500046 468.00000000
-35.33499908 34.52199936 468.00000000
-35.33599854 33.89899826 468.01000977
-35.33700180 33.27600098 468.01998901
-35.33700180 32.65299988 468.01998901
-35.33700180 32.02999878 468.01998901
-35.33700180 31.40600014 468.01998901
-35.33700180 30.78300095 468.01998901
-35.33700180 30.15999985 468.02999878
-35.33800125 29.53700066 468.04000854
-35.33800125 28.91300011 468.02999878
-35.33800125 28.29000092 468.04000854
-35.33800125 27.66699982 468.04000854
-35.33800125 27.04299927 468.04000854
-35.33800125 26.42000008 468.04000854
-35.33900070 25.79700089 468.04998779
-35.33900070 25.17399979 468.04998779
-35.34000015 24.55100060 468.05999756
-35.34000015 23.92799950 468.05999756
-35.34000015 23.30299950 468.05999756
-35.34000015 22.68000031 468.07000732
-35.34000015 22.05699921 468.05999756
-35.34000015 21.43400002 468.07000732
-35.34000015 20.81100082 468.07000732
-35.34000015 20.18799973 468.07000732
-35.34099960 19.56399918 468.07000732
-35.34000015 18.94000053 468.07000732
-35.34099960 18.31599998 468.07000732
-35.34099960 17.69300079 468.07000732
-35.34000015 17.06999969 468.07000732
-35.34000015 16.44700050 468.05999756
-35.34000015 15.82299995 468.07000732
-35.34099960 15.19999981 468.07000732
-35.34000015 14.57600021 468.07000732
-35.34099960 13.95199966 468.07000732
-35.34000015 13.32800007 468.07000732
-35.34099960 12.70499992 468.07000732
-35.34099960 12.08199978 468.07000732
-35.34099960 11.45800018 468.07998657
-35.34099960 10.83600044 468.07998657
-35.34099960 10.21100044 468.07998657
-35.34099960 9.58769989 468.07000732
-35.34000015 8.96459961 468.05999756
-35.34000015 8.34090042 468.05999756
-35.34000015 7.71710014 468.05999756
-35.34000015 7.09280014 468.07000732
-35.34099960 6.46980000 468.07000732
-35.34199905 5.84670019 468.08999634
-35.34199905 5.22359991 468.08999634
-35.34099960 4.60080004 468.07998657
-35.34099960 3.97609997 468.07998657
-35.34099960 3.35279989 468.07000732
-35.34000015 2.72970009 468.07000732
-35.34099960 2.10700011 468.07000732
-35.34000015 1.48290002 468.07000732
-35.34000015 0.85936999 468.07000732
-35.34000015 0.23620000 468.07000732
-35.34099960 -0.38765001 468.07000732
-35.34099960 -1.01080000 468.07000732
-35.34099960 -1.63429999 468.07000732
-35.34099960 -2.25760007 468.07000732
-35.34000015 -2.88129997 468.07000732
-35.34000015 -3.50449991 468.05999756
-35.34000015 -4.12779999 468.05999756
-35.33900070 -6.62160015 468.05999756
-35.34000015 -7.24529982 468.07000732
-35.34000015 -7.86899996 468.07000732
-35.34000015 -8.49209976 468.05999756
-35.34000015 -9.11550045 468.05999756
-35.33900070 -9.73849964 468.04998779
-35.34000015 -10.36200047 468.05999756
-35.34000015 -10.98600006 468.05999756
-35.33900070 -11.60900021 468.05999756
-35.33900070 -12.23200035 468.04998779
-35.33800125 -12.85499954 468.04000854
-35.33900070 -13.47799969 468.04998779
-35.33900070 -14.10200024 468.04998779
-35.33900070 -14.72599983 468.04998779
-35.33800125 -15.34899998 468.04998779
-35.33800125 -15.97099972 468.04000854
-35.33800125 -16.59499931 468.04000854
-35.33800125 -17.21800041 468.04000854
-35.33800125 -17.84199905 468.02999878
-35.33700180 -19.08900070 468.02999878
-35.33700180 -19.71100044 468.02999878
-35.33700180 -20.33399963 468.02999878
-35.33700180 -20.95899963 468.02999878
-35.33800125 -21.58200073 468.04000854
-35.33800125 -22.20499992 468.02999878
-35.33800125 -22.82799911 468.02999878
-35.33700180 -23.45199966 468.02999878
-35.33700180 -24.07500076 468.02999878
-35.33700180 -24.69700050 468.02999878
-35.33599854 -25.31999969 468.01998901
-35.33599854 -25.94300079 468.01000977
-35.33599854 -26.56699944 468.01000977
-35.33599854 -27.19000053 468.01000977
-35.33599854 -27.81399918 468.01000977
-35.33599854 -28.43700027 468.01000977
-35.33599854 -29.05900002 468.01000977
-35.33599854 -29.68300056 468.01000977
-35.33499908 -30.30500031 468.01000977
-35.33499908 -30.92900085 468.01000977
-35.33499908 -31.55299950 468.00000000
-35.33399963 -32.17399979 467.98999023
-35.33399963 -32.79700089 467.98001099
-35.33399963 -33.42100143 467.98999023
-35.33399963 -34.04299927 467.98999023
-35.33399963 -34.66699982 467.98999023
-35.33399963 -35.29000092 467.98999023
-35.33399963 -35.91199875 467.98001099
-35.33300018 -36.53400040 467.98001099
-35.33200073 -37.15700150 467.95999146
-35.33200073 -38.40399933 467.95999146
-35.33200073 -39.02600098 467.95999146
-35.33200073 -39.65000153 467.95999146
-35.33200073 -40.27199936 467.95999146
-35.33200073 -40.89599991 467.95999146
-35.33100128 -41.51800156 467.95001221
-35.33100128 -42.14099884 467.95001221
-35.33100128 -42.76399994 467.94000244
-35.33000183 -43.38600159 467.94000244
-35.33000183 -44.00899887 467.92999268
-35.33000183 -44.63299942 467.92999268
-35.32899857 -45.25600052 467.92001343
-35.33000183 -45.87900162 467.92999268
-35.33000183 -46.50099945 467.92999268
-35.32899857 -47.12300110 467.92999268
-35.32899857 -47.74599838 467.92001343
-35.32799911 -48.36800003 467.91000366
-35.32799911 -48.99100113 467.89999390
-35.32699966 -49.61199951 467.89001465
-34.71400070 -50.24900055 468.01998901
-34.71400070 -49.62699890 468.02999878
-34.71500015 -49.00500107 468.02999878
-34.71500015 -48.38100052 468.02999878
-34.71599960 -47.75799942 468.04000854
-34.71599960 -47.13499832 468.04998779
-34.71599960 -46.51300049 468.05999756
-34.71599960 -45.88999939 468.04998779
-34.71599960 -45.26699829 468.04998779
-34.71699905 -44.64400101 468.05999756
-34.71699905 -44.02099991 468.05999756
-34.71699905 -43.39799881 468.07000732
-34.71799850 -42.77600098 468.07998657
-34.71699905 -42.15200043 468.07000732
-34.71799850 -41.52899933 468.07998657
-34.71799850 -40.90599823 468.07998657
-34.71900177 -40.28300095 468.08999634
-34.71900177 -39.66099930 468.08999634
-34.71900177 -39.03799820 468.08999634
-34.71799850 -38.41500092 468.07998657
-34.71799850 -37.16799927 468.07998657
-34.71900177 -36.54399872 468.10000610
-34.72000122 -35.92100143 468.10000610
-34.72000122 -35.29899979 468.10998535
-34.72000122 -34.67699814 468.10998535
-34.72100067 -34.05300140 468.11999512
-34.72100067 -33.42900085 468.10998535
-34.72100067 -32.80599976 468.10998535
-34.72100067 -32.18299866 468.11999512
-34.72100067 -31.55999947 468.11999512
-34.72200012 -30.93700027 468.13000488
-34.72200012 -30.31399918 468.13000488
-34.72200012 -29.69099998 468.14001465
-34.72200012 -29.06699944 468.14001465
-34.72200012 -28.44400024 468.13000488
-34.72200012 -27.82099915 468.13000488
-34.72200012 -27.19700050 468.13000488
-34.72200012 -26.57299995 468.13000488
-34.72200012 -25.95000076 468.14001465
-34.72299957 -25.32699966 468.14001465
-34.72299957 -24.70400047 468.14999390
-34.72299957 -24.08099937 468.14999390
-34.72299957 -23.45800018 468.14999390
-34.72399902 -22.83399963 468.14999390
-34.72399902 -22.20999908 468.14999390
-34.72399902 -21.58699989 468.16000366
-34.72399902 -20.96400070 468.16000366
-34.72399902 -19.09399986 468.16000366
-34.72399902 -18.46999931 468.16000366
-34.72399902 -17.84700012 468.16000366
-34.72399902 -17.22299957 468.16000366
-34.72399902 -16.59900093 468.16000366
-34.72399902 -15.97599983 468.16000366
-34.72399902 -15.35299969 468.16000366
-34.72399902 -14.72900009 468.16000366
-34.72499847 -14.10499954 468.17001343
-34.72499847 -13.48099995 468.17001343
-34.72499847 -12.85799980 468.17001343
-34.72499847 -12.23499966 468.17999268
-34.72600174 -11.61200047 468.17999268
-34.72600174 -10.98900032 468.17999268
-34.72600174 -10.36499977 468.17999268
-34.72499847 -9.74139977 468.17999268
-34.72600174 -9.11810017 468.17999268
-34.72600174 -8.49460030 468.19000244
-34.72600174 -7.87109995 468.19000244
-34.72600174 -7.24730015 468.17999268
-34.72499847 -6.62330008 468.17999268
-34.72600174 -5.99989986 468.17999268
-34.72600174 -5.37639999 468.17999268
-34.72700119 -4.75269985 468.19000244
-34.72700119 -4.12919998 468.19000244
-34.72700119 -3.50580001 468.20001221
-34.72700119 -2.88269997 468.19000244
-34.72700119 -2.25819993 468.19000244
-34.72700119 -1.63419998 468.20001221
-34.72700119 -1.01100004 468.20001221
-34.72700119 -0.38766000 468.20001221
-34.72700119 0.23562001 468.20001221
-34.72700119 0.85934001 468.20001221
-34.72700119 1.48310006 468.20001221
-34.72700119 2.10739994 468.20001221
-34.72700119 2.73040009 468.20001221
-34.72700119 3.35349989 468.20001221
-34.72700119 3.97709990 468.20001221
-34.72700119 4.60179996 468.20999146
-34.72800064 5.22550011 468.20999146
-34.72800064 5.84789991 468.20999146
-34.72700119 6.47079992 468.20001221
-34.72700119 7.09439993 468.20001221
-34.72600174 7.71880007 468.19000244
-34.72600174 8.34280014 468.19000244
-34.72600174 8.96679974 468.19000244
-34.72700119 9.59029961 468.20001221
-34.72700119 10.21399975 468.20001221
-34.72700119 10.83800030 468.20001221
-34.72700119 11.46199989 468.20001221
-34.72700119 12.08600044 468.20001221
-34.72700119 12.70899963 468.20001221
-34.72700119 15.20400047 468.20001221
-34.72600174 15.82699966 468.19000244
-34.72600174 16.45100021 468.19000244
-34.72700119 17.07399940 468.19000244
-34.72700119 17.69799995 468.19000244
-34.72700119 18.32099915 468.20001221
-34.72700119 18.94599915 468.20001221
-34.72700119 19.56900024 468.20001221
-34.72700119 20.19199944 468.19000244
-34.72600174 20.81599998 468.19000244
-34.72600174 21.44000053 468.17999268
-34.72600174 22.06299973 468.17999268
-34.72600174 22.68600082 468.17999268
-34.72600174 23.30999947 468.19000244
-34.72600174 23.93300056 468.19000244
-34.72600174 24.55699921 468.17999268
-34.72499847 25.18099976 468.17999268
-34.72499847 25.80400085 468.17001343
-34.72499847 26.42700005 468.17001343
-34.72499847 27.04999924 468.17001343
-34.72399902 27.67399979 468.16000366
-34.72499847 28.29800034 468.17001343
-34.72399902 28.92099953 468.16000366
-34.72399902 29.54400063 468.16000366
-34.72399902 30.16799927 468.16000366
-34.72399902 30.79100037 468.14999390
-34.72299957 31.41500092 468.14999390
-34.72299957 32.03799820 468.14999390
-34.72299957 32.66199875 468.14999390
-34.72299957 33.28499985 468.14001465
-34.72299957 33.90800095 468.14001465
-34.72200012 34.53099823 468.13000488
-34.72200012 35.15499878 468.13000488
-34.72200012 35.77799988 468.11999512
-34.72100067 36.40100098 468.11999512
-34.72100067 37.02500153 468.11999512
-34.72100067 37.64799881 468.10998535
-34.72100067 38.27099991 468.10998535
-34.72000122 38.89400101 468.10998535
-34.72000122 39.51699829 468.10000610
-34.72000122 40.14099884 468.10000610
-34.72000122 40.76499939 468.10000610
-34.71900177 41.38800049 468.10000610
-34.71900177 42.01100159 468.08999634
-34.71799850 42.63399887 468.07998657
-34.71799850 43.25699997 468.07998657
-34.71799850 43.88100052 468.07998657
-34.71799850 44.50500107 468.07998657
-34.71799850 45.12799835 468.07000732
-34.10400009 45.13999939 468.20001221
-34.10400009 44.51699829 468.20001221
-34.10400009 43.89400101 468.20001221
-34.10400009 43.26900101 468.20001221
-34.10499954 42.64500046 468.20999146
-34.10499954 42.02199936 468.22000122
-34.10599899 41.39899826 468.22000122
-34.10599899 40.77500153 468.22000122
-34.10599899 40.15200043 468.23001099
-34.10599899 39.52799988 468.23001099
-34.10699844 38.90499878 468.23001099
-34.10699844 38.28099823 468.23999023
-34.10699844 37.65800095 468.23999023
-34.10699844 37.03400040 468.23999023
-34.10699844 36.40999985 468.23999023
-34.10800171 35.78699875 468.25000000
-34.10800171 35.16400146 468.25000000
-34.10800171 34.54000092 468.25000000
-34.10900116 33.91600037 468.26000977
-34.10900116 33.29299927 468.26998901
-34.10900116 32.66999817 468.26998901
-34.10900116 32.04700089 468.26998901
-34.10900116 31.42300034 468.26998901
-34.11000061 30.79899979 468.27999878
-34.11000061 30.17600060 468.27999878
-34.11100006 29.55200005 468.29000854
-34.11000061 28.92900085 468.29000854
-34.11000061 28.30500031 468.29000854
-34.11000061 27.68099976 468.27999878
-34.11000061 27.05699921 468.29000854
-34.11000061 26.43400002 468.29000854
-34.11100006 25.80999947 468.29998779
-34.11100006 25.18700027 468.29998779
-34.11199951 24.56399918 468.30999756
-34.11199951 23.94000053 468.30999756
-34.11199951 23.31599998 468.30999756
-34.11199951 22.69199944 468.30999756
-34.11199951 22.06800079 468.30999756
-34.11100006 21.44499969 468.29998779
-34.11199951 20.81999969 468.29998779
-34.11299896 20.19700050 468.32000732
-34.11299896 19.57399940 468.32000732
-34.11299896 18.95100021 468.32000732
-34.11299896 18.32699966 468.32000732
-34.11199951 17.70199966 468.30999756
-34.11299896 17.07900047 468.32000732
-34.11199951 16.45499992 468.32000732
-34.11299896 15.83100033 468.32000732
-34.11299896 15.20800018 468.32000732
-34.11299896 14.58399963 468.32000732
-34.11399841 13.96000004 468.32998657
-34.11299896 13.33600044 468.32998657
-34.11399841 12.71199989 468.32998657
-34.11299896 12.08899975 468.32998657
-34.11399841 11.46500015 468.32998657
-34.11399841 10.84099960 468.32998657
-34.11299896 10.21599960 468.32000732
-34.11299896 9.59270000 468.32000732
-34.11299896 8.96899986 468.32000732
-34.11199951 8.34490013 468.30999756
-34.11199951 7.72100019 468.32000732
-34.11299896 7.09619999 468.32000732
-34.11299896 6.47270012 468.32000732
-34.11299896 5.84929991 468.32998657
-34.11299896 5.22650003 468.32998657
-34.11299896 4.60300016 468.32998657
-34.11299896 3.97779989 468.32000732
-34.11299896 3.35430002 468.32998657
-34.11299896 2.73090005 468.32000732
-34.11299896 2.10730004 468.32998657
-34.11299896 1.48329997 468.32000732
-34.11299896 0.85944003 468.32000732
-34.11299896 0.23559000 468.32000732
-34.11199951 -0.38782001 468.32000732
-34.11299896 -1.01110005 468.32000732
-34.11199951 -1.63440001 468.32000732
-34.11199951 -2.25810003 468.30999756
-34.11299896 -2.88400006 468.32000732
-34.11299896 -3.50710011 468.32000732
-34.11299896 -4.13009977 468.32000732
-34.11299896 -4.75349998 468.32000732
-34.11199951 -5.37709999 468.30999756
-34.11100006 -6.00159979 468.29998779
-34.11100006 -6.62500000 468.29998779
-34.11199951 -7.24919987 468.30999756
-34.11199951 -7.87319994 468.30999756
-34.11199951 -8.49730015 468.30999756
-34.11100006 -9.12110043 468.29998779
-34.11100006 -9.74440002 468.29998779
-34.11100006 -10.36800003 468.29998779
-34.11199951 -10.99199963 468.29998779
-34.11100006 -11.61499977 468.29998779
-34.11100006 -12.23900032 468.29998779
-34.11100006 -12.86299992 468.29998779
-34.11100006 -13.48600006 468.29998779
-34.11100006 -14.10999966 468.29998779
-34.11100006 -14.73299980 468.29000854
-34.11100006 -15.35700035 468.29000854
-34.11100006 -15.98099995 468.29000854
-34.11100006 -16.60400009 468.29000854
-34.11100006 -17.22800064 468.29000854
-34.11100006 -17.85199928 468.29000854
-34.11000061 -18.47500038 468.29000854
-34.11000061 -19.09900093 468.27999878
-34.10900116 -20.96999931 468.26998901
-34.10900116 -21.59300041 468.27999878
-34.11000061 -22.21699905 468.27999878
-34.10900116 -22.84000015 468.27999878
-34.10900116 -23.46400070 468.26998901
-34.10900116 -24.08699989 468.26998901
-34.10900116 -24.70999908 468.26998901
-34.10900116 -25.33399963 468.26000977
-34.10800171 -25.95700073 468.26000977
-34.10800171 -26.57999992 468.26000977
-34.10800171 -27.20400047 468.26000977
-34.10800171 -27.82699966 468.25000000
-34.10800171 -28.45100021 468.25000000
-34.10800171 -29.07500076 468.25000000
-34.10800171 -29.69899940 468.25000000
-34.10800171 -30.32099915 468.25000000
-34.10699844 -30.94499969 468.25000000
-34.10800171 -31.56900024 468.25000000
-34.10699844 -32.19100189 468.23999023
-34.10699844 -32.81499863 468.23999023
-34.10699844 -33.43899918 468.23999023
-34.10699844 -34.06200027 468.23999023
-34.10599899 -34.68600082 468.23999023
-34.10599899 -35.30899811 468.23001099
-34.10599899 -35.93099976 468.22000122
-34.10499954 -36.55300140 468.22000122
-34.10400009 -37.17599869 468.20999146
-34.10400009 -37.79899979 468.20001221
-34.10400009 -38.42399979 468.20999146
-34.10499954 -39.04700089 468.20999146
-34.10499954 -39.67100143 468.20999146
-34.10499954 -40.29399872 468.20999146
-34.10400009 -40.91699982 468.20001221
-34.10400009 -41.54000092 468.20001221
-34.10300064 -42.16299820 468.19000244
-34.10300064 -42.78599930 468.19000244
-34.10300064 -43.40999985 468.19000244
-34.10300064 -44.03200150 468.19000244
-34.10200119 -44.65499878 468.17001343
-34.10200119 -45.27899933 468.17999268
-34.10200119 -45.90299988 468.17999268
-34.10300064 -46.52600098 468.17999268
-34.10200119 -47.14799881 468.17001343
-34.10100174 -47.77000046 468.16000366
-34.09999847 -48.39199829 468.14999390
-34.09999847 -49.01699829 468.14999390
-34.09999847 -49.63999939 468.14999390
-34.09999847 -50.26200104 468.14001465
-33.48600006 -50.27600098 468.26998901
-33.48699951 -49.65299988 468.27999878
-33.48699951 -49.03099823 468.29000854
-33.48699951 -48.40700150 468.29000854
-33.48799896 -47.78400040 468.29998779
-33.48799896 -47.16199875 468.29998779
-33.48799896 -46.53699875 468.29998779
-33.48899841 -45.91500092 468.30999756
-33.48899841 -45.29199982 468.30999756
-33.48799896 -44.66799927 468.29998779
-33.48899841 -44.04499817 468.30999756
-33.48899841 -43.42100143 468.30999756
-33.48899841 -42.79700089 468.30999756
-33.48899841 -42.17300034 468.30999756
-33.48899841 -41.54999924 468.32000732
-33.49000168 -40.92800140 468.32998657
-33.49100113 -40.30500031 468.33999634
-33.49100113 -39.68099976 468.33999634
-33.49000168 -39.05699921 468.32998657
-33.49000168 -37.80899811 468.32000732
-33.49000168 -37.18600082 468.32998657
-33.49000168 -36.56200027 468.32998657
-33.49100113 -35.93999863 468.35000610
-33.49200058 -35.31800079 468.35000610
-33.49200058 -34.69499969 468.35998535
-33.49300003 -34.07199860 468.35998535
-33.49300003 -33.44699860 468.35998535
-33.49300003 -32.82400131 468.36999512
-33.49300003 -32.20100021 468.36999512
-33.49300003 -31.57699966 468.36999512
-33.49300003 -30.95299911 468.38000488
-33.49399948 -30.32999992 468.38000488
-33.49399948 -29.70599937 468.38000488
-33.49300003 -29.08300018 468.38000488
-33.49399948 -28.45899963 468.38000488
-33.49399948 -27.83499908 468.38000488
-33.49399948 -27.21100044 468.38000488
-33.49399948 -26.58699989 468.38000488
-33.49399948 -25.96400070 468.38000488
-33.49399948 -25.34000015 468.38000488
-33.49399948 -24.71599960 468.38000488
-33.49399948 -24.09199905 468.38000488
-33.49499893 -23.46899986 468.39001465
-33.49499893 -22.84600067 468.39001465
-33.49499893 -22.22200012 468.39001465
-33.49499893 -21.59799957 468.39999390
-33.49499893 -20.97500038 468.39999390
-33.49599838 -20.35199928 468.41000366
-33.49599838 -19.72900009 468.41000366
-33.49599838 -19.10499954 468.41000366
-33.49700165 -18.48100090 468.42001343
-33.49700165 -17.85700035 468.42001343
-33.49700165 -17.23299980 468.42001343
-33.49700165 -16.60899925 468.42001343
-33.49700165 -15.98499966 468.42001343
-33.49599838 -15.36100006 468.41000366
-33.49599838 -14.73700047 468.42001343
-33.49700165 -14.11299992 468.42001343
-33.49700165 -13.48999977 468.42001343
-33.49700165 -12.86699963 468.42999268
-33.49700165 -12.24199963 468.42999268
-33.49700165 -11.61800003 468.42999268
-33.49700165 -10.99400043 468.42999268
-33.49700165 -10.37100029 468.42001343
-33.49700165 -9.74709988 468.42001343
-33.49700165 -9.12320042 468.42001343
-33.49700165 -8.49909973 468.42001343
-33.49700165 -7.87470007 468.42999268
-33.49700165 -7.25129986 468.42999268
-33.49700165 -6.62690020 468.42999268
-33.49700165 -6.00330019 468.42999268
-33.49800110 -5.37849998 468.42999268
-33.49800110 -4.75449991 468.42999268
-33.49800110 -4.13100004 468.44000244
-33.49800110 -3.50790000 468.44000244
-33.49800110 -2.88420010 468.44000244
-33.49800110 -2.25869989 468.44000244
-33.49800110 -1.63520002 468.44000244
-33.49800110 -1.01119995 468.44000244
-33.49800110 -0.38745999 468.44000244
-33.49800110 0.23552001 468.44000244
-33.49800110 0.85957998 468.44000244
-33.49900055 1.48380005 468.45001221
-33.49900055 2.10780001 468.45001221
-33.49900055 2.73180008 468.45001221
-33.49900055 3.35549998 468.45001221
-33.49900055 3.97909999 468.45001221
-33.49900055 4.60400009 468.45001221
-33.49800110 5.22749996 468.44000244
-33.49900055 5.85200024 468.45001221
-33.49900055 6.47499990 468.45999146
-33.50000000 7.09810019 468.45999146
-33.49900055 7.72359991 468.45001221
-33.49900055 8.34739971 468.45001221
-33.49900055 8.97130013 468.45001221
-33.49800110 9.59529972 468.44000244
-33.49900055 10.21899986 468.45001221
-33.49900055 10.84399986 468.45001221
-33.49900055 11.46800041 468.45001221
-33.49900055 12.09200001 468.45001221
-33.49900055 12.71599960 468.45999146
-33.49900055 13.33899975 468.45001221
-33.49900055 13.96300030 468.45999146
-33.49900055 14.58699989 468.45001221
-33.49900055 15.21100044 468.45001221
-33.49800110 15.83500004 468.44000244
-33.49800110 16.45899963 468.44000244
-33.49800110 17.08300018 468.44000244
-33.49800110 17.70700073 468.44000244
-33.49800110 18.33099937 468.44000244
-33.49900055 18.95499992 468.45001221
-33.49800110 19.57900047 468.44000244
-33.49800110 20.20199966 468.42999268
-33.49700165 20.82500076 468.42001343
-33.49700165 21.45000076 468.42001343
-33.49700165 22.07399940 468.42999268
-33.49800110 22.69799995 468.42999268
-33.49800110 23.32299995 468.44000244
-33.49800110 23.94599915 468.42999268
-33.49700165 24.56999969 468.42999268
-33.49700165 25.19400024 468.42001343
-33.49700165 25.81699944 468.42001343
-33.49599838 26.44099998 468.41000366
-33.49599838 27.06399918 468.41000366
-33.49599838 27.68799973 468.41000366
-33.49599838 28.31200027 468.41000366
-33.49599838 28.93600082 468.41000366
-33.49599838 29.55999947 468.42001343
-33.49599838 30.18300056 468.41000366
-33.49599838 30.80699921 468.39999390
-33.49499893 31.43099976 468.39999390
-33.49499893 32.05500031 468.39999390
-33.49499893 32.67800140 468.39999390
-33.49499893 33.30099869 468.39001465
-33.49399948 33.92499924 468.39001465
-33.49399948 34.54899979 468.38000488
-33.49399948 35.17300034 468.38000488
-33.49300003 35.79700089 468.36999512
-33.49300003 36.41999817 468.36999512
-33.49300003 37.04399872 468.36999512
-33.49300003 37.66799927 468.35998535
-33.49200058 38.29100037 468.35998535
-33.49200058 38.91500092 468.35000610
-33.49100113 39.53900146 468.35000610
-33.49100113 40.16199875 468.33999634
-33.49100113 40.78599930 468.33999634
-33.49100113 41.40999985 468.33999634
-33.49100113 42.03300095 468.33999634
-33.49000168 42.65700150 468.32998657
-33.49000168 43.27999878 468.32998657
-33.49000168 43.90499878 468.32000732
-33.49000168 44.52899933 468.32000732
-33.49000168 45.15200043 468.32000732
-32.87500000 45.16400146 468.44000244
-32.87500000 44.54000092 468.45001221
-32.87599945 43.91699982 468.45001221
-32.87599945 43.29199982 468.45999146
-32.87599945 42.66799927 468.45999146
-32.87599945 42.04399872 468.45999146
-32.87699890 41.42100143 468.47000122
-32.87699890 40.79700089 468.47000122
-32.87699890 40.17300034 468.47000122
-32.87699890 39.54899979 468.47000122
-32.87799835 38.92599869 468.48001099
-32.87799835 38.30199814 468.48001099
-32.87799835 37.67800140 468.48999023
-32.87799835 37.05400085 468.48999023
-32.87900162 36.43000031 468.48999023
-32.87900162 35.80599976 468.50000000
-32.87900162 35.18199921 468.50000000
-32.87900162 34.55799866 468.50000000
-32.88000107 33.93399811 468.51000977
-32.88000107 33.31000137 468.51000977
-32.88100052 32.68700027 468.52999878
-32.88100052 32.06399918 468.52999878
-32.88100052 31.44000053 468.52999878
-32.88100052 30.81599998 468.52999878
-32.88100052 30.19199944 468.52999878
-32.88199997 29.56800079 468.54000854
-32.88100052 28.94400024 468.54000854
-32.88199997 28.31999969 468.54000854
-32.88199997 27.69499969 468.54000854
-32.88199997 27.07099915 468.54000854
-32.88199997 26.44799995 468.54000854
-32.88199997 25.82399940 468.54000854
-32.88199997 25.20100021 468.54000854
-32.88299942 24.57600021 468.54998779
-32.88299942 23.95199966 468.55999756
-32.88299942 23.32900047 468.55999756
-32.88299942 22.70400047 468.55999756
-32.88199997 22.07999992 468.54998779
-32.88199997 21.45499992 468.54000854
-32.88199997 20.83099937 468.54998779
-32.88299942 20.20800018 468.54998779
-32.88299942 19.58399963 468.55999756
-32.88399887 18.95999908 468.57000732
-32.88399887 18.33600044 468.57000732
-32.88299942 17.71100044 468.55999756
-32.88299942 17.08799934 468.55999756
-32.88299942 16.46400070 468.55999756
-32.88399887 15.83899975 468.57000732
-32.88399887 15.21500015 468.57000732
-32.88399887 14.59099960 468.57000732
-32.88399887 13.96700001 468.57998657
-32.88399887 13.34300041 468.57998657
-32.88499832 12.71899986 468.57998657
-32.88499832 12.09500027 468.57998657
-32.88399887 11.47000027 468.57998657
-32.88399887 10.84599972 468.57998657
-32.88399887 8.97309971 468.57998657
-32.88499832 8.34910011 468.57998657
-32.88499832 7.72550011 468.57998657
-32.88499832 7.10150003 468.57998657
-32.88499832 6.47690010 468.57998657
-32.88499832 5.85319996 468.57998657
-32.88499832 5.22889996 468.57998657
-32.88499832 4.60459995 468.57998657
-32.88399887 3.98040009 468.57998657
-32.88499832 3.35660005 468.57998657
-32.88399887 2.73259997 468.57000732
-32.88399887 2.10840011 468.57998657
-32.88399887 1.48389995 468.57000732
-32.88399887 0.85974002 468.57000732
-32.88399887 0.23576000 468.57000732
-32.88399887 -0.38744000 468.57000732
-32.88399887 -1.01069999 468.57000732
-32.88299942 -1.63619995 468.55999756
-32.88299942 -2.26020002 468.55999756
-32.88299942 -2.88540006 468.55999756
-32.88399887 -3.50950003 468.57000732
-32.88399887 -4.13250017 468.57000732
-32.88399887 -4.75649977 468.57000732
-32.88299942 -5.38040018 468.55999756
-32.88299942 -6.00519991 468.55999756
-32.88299942 -6.62919998 468.54998779
-32.88299942 -7.25309992 468.54998779
-32.88299942 -7.87669992 468.54998779
-32.88299942 -8.50179958 468.54998779
-32.88299942 -9.12590027 468.55999756
-32.88199997 -9.74989986 468.54998779
-32.88199997 -10.37300014 468.54998779
-32.88199997 -10.99600029 468.54998779
-32.88199997 -11.62100029 468.54998779
-32.88199997 -12.24499989 468.54998779
-32.88199997 -12.86999989 468.54998779
-32.88199997 -13.49300003 468.54000854
-32.88100052 -14.11699963 468.54000854
-32.88100052 -14.74100018 468.52999878
-32.88100052 -15.36499977 468.52999878
-32.88199997 -15.98999977 468.54000854
-32.88199997 -16.61400032 468.54000854
-32.88199997 -17.23800087 468.54998779
-32.88199997 -17.86199951 468.54000854
-32.88199997 -18.48600006 468.54000854
-32.88100052 -19.11000061 468.52999878
-32.88100052 -19.73399925 468.52999878
-32.88100052 -20.35799980 468.52999878
-32.88100052 -20.98100090 468.52999878
-32.88100052 -21.60499954 468.52999878
-32.88100052 -22.22800064 468.51998901
-32.88000107 -22.85199928 468.51998901
-32.88000107 -23.47599983 468.51000977
-32.87900162 -24.09799957 468.50000000
-32.87900162 -27.21800041 468.51000977
-32.87900162 -27.84199905 468.51000977
-32.87900162 -28.46599960 468.51000977
-32.87900162 -29.09000015 468.50000000
-32.87900162 -29.71400070 468.50000000
-32.87900162 -30.33799934 468.50000000
-32.87900162 -30.96100044 468.50000000
-32.87900162 -31.58499908 468.50000000
-32.87799835 -32.20899963 468.48999023
-32.87799835 -32.83300018 468.48999023
-32.87799835 -33.45600128 468.48001099
-32.87799835 -34.08100128 468.48001099
-32.87799835 -34.70399857 468.48001099
-32.87699890 -35.32699966 468.47000122
-32.87599945 -35.95000076 468.45999146
-32.87599945 -36.57300186 468.45001221
-32.87500000 -37.19599915 468.45001221
-32.87500000 -38.44300079 468.45001221
-32.87500000 -39.06700134 468.45001221
-32.87599945 -39.69200134 468.45999146
-32.87599945 -40.31600189 468.45999146
-32.87500000 -40.93799973 468.45001221
-32.87500000 -41.56100082 468.44000244
-32.87500000 -42.18600082 468.44000244
-32.87400055 -42.80899811 468.44000244
-32.87500000 -43.43299866 468.44000244
-32.87400055 -44.05699921 468.44000244
-32.87400055 -44.68000031 468.42999268
-32.87400055 -45.30400085 468.42999268
-32.87400055 -45.92800140 468.42999268
-32.87400055 -46.54999924 468.42999268
-32.87300110 -47.17499924 468.42001343
-32.87300110 -47.79800034 468.41000366
-32.87300110 -48.41999817 468.41000366
-32.87200165 -49.04399872 468.41000366
-32.87200165 -49.66600037 468.39999390
-32.87099838 -50.28900146 468.39001465
-32.25699997 -50.30400085 468.51998901
-32.25699997 -49.67900085 468.51998901
-32.25699997 -49.05599976 468.52999878
-32.25799942 -48.43299866 468.52999878
-32.25699997 -47.81000137 468.52999878
-32.25799942 -47.18700027 468.54000854
-32.25899887 -46.56200027 468.54998779
-32.25899887 -45.93899918 468.54998779
-32.25899887 -45.31600189 468.55999756
-32.25899887 -44.69100189 468.55999756
-32.25899887 -44.06900024 468.55999756
-32.25899887 -43.44499969 468.55999756
-32.25899887 -42.81999969 468.55999756
-32.25999832 -42.19699860 468.55999756
-32.25999832 -41.57300186 468.55999756
-32.25999832 -40.94900131 468.57000732
-32.25999832 -40.32600021 468.57000732
-32.25999832 -39.70199966 468.57000732
-32.26100159 -39.07799911 468.57998657
-32.25999832 -38.45399857 468.57000732
-32.25999832 -37.83000183 468.57000732
-32.26100159 -37.20600128 468.57000732
-32.25999832 -36.58200073 468.57000732
-32.26100159 -35.95899963 468.58999634
-32.26200104 -35.33599854 468.60000610
-32.26200104 -34.71300125 468.60000610
-32.26200104 -34.08900070 468.60000610
-32.26200104 -33.46500015 468.60000610
-32.26300049 -32.84199905 468.60998535
-32.26399994 -32.21799850 468.61999512
-32.26399994 -31.59399986 468.61999512
-32.26399994 -30.96999931 468.61999512
-32.26399994 -30.34600067 468.61999512
-32.26399994 -29.72200012 468.61999512
-32.26399994 -29.09700012 468.61999512
-32.26399994 -28.47400093 468.63000488
-32.26399994 -27.85000038 468.63000488
-32.26399994 -27.22599983 468.63000488
-32.26399994 -26.60199928 468.63000488
-32.26399994 -25.35300064 468.63000488
-32.26399994 -24.10499954 468.63000488
-32.26499939 -23.48200035 468.63000488
-32.26499939 -22.85799980 468.64001465
-32.26499939 -22.23399925 468.64999390
-32.26599884 -21.61000061 468.64999390
-32.26599884 -20.98600006 468.64999390
-32.26599884 -20.36300087 468.66000366
-32.26599884 -19.73900032 468.66000366
-32.26599884 -19.11499977 468.66000366
-32.26699829 -18.48999977 468.66000366
-32.26699829 -17.86700058 468.67001343
-32.26699829 -17.24300003 468.67001343
-32.26699829 -16.61899948 468.67001343
-32.26699829 -15.99400043 468.66000366
-32.26599884 -15.36999989 468.66000366
-32.26599884 -14.74499989 468.66000366
-32.26599884 -14.12100029 468.66000366
-32.26699829 -13.49699974 468.66000366
-32.26699829 -12.87300014 468.67001343
-32.26699829 -12.24899960 468.67001343
-32.26699829 -11.62399960 468.67001343
-32.26800156 -10.99899960 468.67999268
-32.26699829 -10.37600040 468.67001343
-32.26800156 -9.75230026 468.67999268
-32.26800156 -9.12819958 468.67999268
-32.26800156 -8.50430012 468.67999268
-32.26800156 -7.87909985 468.67999268
-32.26800156 -7.25519991 468.67999268
-32.26800156 -6.63119984 468.67999268
-32.26800156 -6.00719976 468.67999268
-32.26800156 -5.38229990 468.69000244
-32.26800156 -4.75780010 468.69000244
-32.26800156 -4.13280010 468.67999268
-32.26800156 -3.50900006 468.67999268
-32.26800156 -2.88499999 468.67999268
-32.26800156 -2.26069999 468.67999268
-32.26800156 -1.63650000 468.69000244
-32.26800156 -1.01160002 468.69000244
-32.26900101 -0.38809001 468.69000244
-32.26900101 0.23617999 468.69000244
-32.26900101 0.86010998 468.69000244
-32.26900101 1.48409998 468.70001221
-32.26900101 2.10899997 468.70001221
-32.26900101 2.73320007 468.70001221
-32.26900101 3.35759997 468.70001221
-32.26900101 3.98180008 468.70001221
-32.27000046 4.60599995 468.70001221
-32.27000046 5.23040009 468.70001221
-32.27000046 5.85489988 468.70999146
-32.27000046 6.47870016 468.70001221
-32.26900101 7.10360003 468.70001221
-32.26900101 7.72779989 468.70001221
-32.26900101 8.35159969 468.70001221
-32.26900101 8.97560024 468.70001221
-32.26900101 9.60000038 468.70001221
-32.26900101 10.84899998 468.70001221
-32.26900101 11.47299957 468.70001221
-32.26900101 12.09799957 468.70001221
-32.26900101 12.72200012 468.70001221
-32.26900101 13.34599972 468.70001221
-32.26900101 13.97000027 468.69000244
-32.26900101 14.59500027 468.69000244
-32.26900101 15.21899986 468.69000244
-32.26800156 15.84300041 468.69000244
-32.26800156 16.46800041 468.67999268
-32.26800156 17.09199905 468.69000244
-32.26800156 17.71599960 468.69000244
-32.26800156 18.34000015 468.69000244
-32.26900101 18.96400070 468.69000244
-32.26800156 19.58900070 468.69000244
-32.26800156 20.21299934 468.67999268
-32.26699829 20.83699989 468.67001343
-32.26699829 21.46100044 468.67001343
-32.26699829 22.08499908 468.67001343
-32.26800156 22.70999908 468.67999268
-32.26800156 23.33499908 468.67999268
-32.26800156 23.95800018 468.67999268
-32.26800156 24.58300018 468.67999268
-32.26800156 25.20700073 468.67999268
-32.26699829 25.83099937 468.67001343
-32.26699829 26.45499992 468.67001343
-32.26699829 27.07900047 468.67001343
-32.26699829 27.70299911 468.66000366
-32.26699829 28.32699966 468.66000366
-32.26599884 28.95100021 468.66000366
-32.26599884 29.57500076 468.66000366
-32.26599884 30.20000076 468.66000366
-32.26599884 30.82399940 468.66000366
-32.26599884 31.44799995 468.64999390
-32.26599884 32.07199860 468.64999390
-32.26499939 32.69499969 468.64001465
-32.26499939 33.31900024 468.64001465
-32.26499939 33.94300079 468.63000488
-32.26399994 34.56800079 468.63000488
-32.26399994 35.19200134 468.63000488
-32.26399994 35.81600189 468.61999512
-32.26399994 36.43999863 468.61999512
-32.26399994 37.06399918 468.61999512
-32.26300049 37.68700027 468.60998535
-32.26300049 38.31200027 468.60998535
-32.26300049 38.93500137 468.60000610
-32.26200104 39.56000137 468.60000610
-32.26200104 40.18299866 468.58999634
-32.26200104 40.80799866 468.58999634
-32.26200104 41.43199921 468.58999634
-32.26200104 42.05500031 468.58999634
-32.26100159 42.68000031 468.57998657
-32.26100159 43.30300140 468.57998657
-32.26100159 43.92699814 468.57000732
-32.25999832 44.55199814 468.57000732
-32.25999832 45.17499924 468.55999756
-31.64500046 45.18700027 468.69000244
-31.64500046 44.56399918 468.69000244
-31.64599991 43.93899918 468.70001221
-31.64599991 43.31499863 468.70001221
-31.64599991 42.68999863 468.70999146
-31.64599991 42.06600189 468.70999146
-31.64599991 41.44200134 468.70999146
-31.64699936 40.81800079 468.72000122
-31.64699936 40.19400024 468.72000122
-31.64699936 39.56999969 468.73001099
-31.64800072 38.94599915 468.73001099
-31.64800072 38.32199860 468.73999023
-31.64800072 37.69800186 468.73999023
-31.64800072 37.07300186 468.73999023
-31.64900017 36.44900131 468.75000000
-31.64900017 35.82500076 468.75000000
-31.64900017 35.20100021 468.76000977
-31.64999962 34.57699966 468.76000977
-31.64999962 33.95299911 468.76000977
-31.64999962 33.32899857 468.76998901
-31.65099907 32.70399857 468.76998901
-31.65099907 32.08100128 468.77999878
-31.65099907 31.45700073 468.79000854
-31.65099907 30.83200073 468.77999878
-31.65099907 30.20800018 468.77999878
-31.65099907 29.58300018 468.77999878
-31.65099907 28.95800018 468.77999878
-31.65099907 28.33399963 468.77999878
-31.65200043 27.70999908 468.79000854
-31.65200043 27.08600044 468.79000854
-31.65200043 26.46199989 468.79998779
-31.65200043 25.83799934 468.79998779
-31.65299988 25.21299934 468.79998779
-31.65299988 24.58900070 468.80999756
-31.65299988 23.96500015 468.79998779
-31.65200043 23.34099960 468.79998779
-31.65200043 22.71599960 468.79998779
-31.65200043 22.09099960 468.79000854
-31.65200043 21.46599960 468.79998779
-31.65200043 20.84199905 468.79998779
-31.65200043 20.21800041 468.79998779
-31.65299988 19.59399986 468.80999756
-31.65299988 18.96899986 468.80999756
-31.65299988 18.34499931 468.80999756
-31.65299988 17.72100067 468.80999756
-31.65299988 17.09600067 468.80999756
-31.65299988 16.47200012 468.80999756
-31.65299988 15.84700012 468.80999756
-31.65299988 15.22299957 468.80999756
-31.65299988 14.59799957 468.82000732
-31.65399933 13.97399998 468.82000732
-31.65399933 13.35000038 468.82000732
-31.65399933 12.72599983 468.82000732
-31.65399933 12.10099983 468.82000732
-31.65399933 11.47599983 468.82998657
-31.65399933 9.60289955 468.82000732
-31.65399933 8.97809982 468.82000732
-31.65299988 8.35359955 468.82000732
-31.65299988 7.72949982 468.82000732
-31.65399933 7.10510015 468.82000732
-31.65399933 6.48040009 468.82000732
-31.65399933 5.85610008 468.82000732
-31.65399933 5.23180008 468.82000732
-31.65399933 4.60659981 468.82000732
-31.65399933 3.98259997 468.82000732
-31.65399933 3.35840011 468.82000732
-31.65399933 2.73390007 468.82000732
-31.65399933 2.10969996 468.82000732
-31.65399933 1.48450005 468.82998657
-31.65399933 0.86022002 468.82998657
-31.65399933 0.23630001 468.82000732
-31.65399933 -0.38817000 468.82000732
-31.65299988 -1.01160002 468.82000732
-31.65399933 -1.63759995 468.82000732
-31.65299988 -2.26149988 468.80999756
-31.65299988 -2.88599992 468.80999756
-31.65299988 -3.51009989 468.82000732
-31.65299988 -4.13380003 468.80999756
-31.65299988 -4.75890017 468.80999756
-31.65299988 -5.38380003 468.80999756
-31.65299988 -6.00860023 468.80999756
-31.65299988 -6.63390017 468.80999756
-31.65299988 -7.25719976 468.80999756
-31.65299988 -7.88089991 468.80999756
-31.65299988 -8.50689983 468.80999756
-31.65299988 -9.13010025 468.80999756
-31.65299988 -9.75500011 468.80999756
-31.65200043 -10.37899971 468.79998779
-31.65200043 -11.00199986 468.79998779
-31.65200043 -11.62699986 468.79000854
-31.65200043 -12.25199986 468.79998779
-31.65200043 -12.87699986 468.79998779
-31.65200043 -13.50100040 468.79998779
-31.65200043 -14.12500000 468.79000854
-31.65099907 -14.74899960 468.79000854
-31.65200043 -15.37399960 468.79000854
-31.65200043 -15.99899960 468.79000854
-31.65200043 -16.62299919 468.79000854
-31.65200043 -17.24799919 468.79000854
-31.65099907 -17.87199974 468.79000854
-31.65099907 -18.49500084 468.79000854
-31.65099907 -19.12000084 468.79000854
-31.65099907 -19.74300003 468.77999878
-31.65099907 -20.36800003 468.77999878
-31.64999962 -20.99099922 468.76998901
-31.64999962 -21.61499977 468.76000977
-31.64999962 -22.23999977 468.76000977
-31.64900017 -22.86400032 468.76000977
-31.64900017 -23.48800087 468.76000977
-31.64900017 -26.60799980 468.75000000
-31.64900017 -27.23299980 468.75000000
-31.64900017 -27.85700035 468.76000977
-31.64900017 -28.48100090 468.75000000
-31.64900017 -29.10499954 468.75000000
-31.64900017 -29.72999954 468.75000000
-31.64800072 -30.35400009 468.73999023
-31.64900017 -30.97800064 468.75000000
-31.64900017 -31.60300064 468.75000000
-31.64800072 -32.22700119 468.75000000
-31.64800072 -32.84999847 468.73999023
-31.64699936 -33.47299957 468.73001099
-31.64699936 -34.09899902 468.73001099
-31.64699936 -34.72299957 468.73001099
-31.64699936 -35.34600067 468.72000122
-31.64699936 -35.97000122 468.73001099
-31.64699936 -36.59299850 468.72000122
-31.64599991 -37.21699905 468.70999146
-31.64599991 -37.84099960 468.70999146
-31.64500046 -39.08800125 468.70001221
-31.64500046 -39.71200180 468.69000244
-31.64500046 -40.33599854 468.69000244
-31.64399910 -40.95899963 468.69000244
-31.64399910 -42.20800018 468.67999268
-31.64399910 -42.83200073 468.67999268
-31.64399910 -43.45600128 468.67999268
-31.64399910 -44.08000183 468.67999268
-31.64399910 -44.70299911 468.67001343
-31.64399910 -45.32699966 468.67999268
-31.64399910 -45.95199966 468.67999268
-31.64399910 -46.57500076 468.67001343
-31.64299965 -47.20000076 468.67001343
-31.64200020 -47.82199860 468.64999390
-31.64200020 -48.44599915 468.64999390
-31.64200020 -49.06900024 468.64999390
-31.64200020 -49.69200134 468.64001465
-31.02599907 -49.70500183 468.76000977
-31.02599907 -49.08100128 468.76000977
-31.02599907 -48.45800018 468.76998901
-31.02599907 -47.83499908 468.76998901
-31.02700043 -47.21099854 468.77999878
-31.02799988 -46.58700180 468.79000854
-31.02799988 -45.96300125 468.79998779
-31.02799988 -45.33900070 468.79998779
-31.02799988 -44.71500015 468.79998779
-31.02799988 -44.09000015 468.79998779
-31.02799988 -43.46699905 468.79998779
-31.02799988 -42.84299850 468.79998779
-31.02899933 -42.21900177 468.80999756
-31.02899933 -39.09799957 468.82000732
-31.03000069 -38.47499847 468.82998657
-31.03100014 -37.85200119 468.83999634
-31.03100014 -37.22800064 468.83999634
-31.03100014 -36.60300064 468.83999634
-31.03100014 -35.97999954 468.83999634
-31.03100014 -35.35400009 468.83999634
-31.03100014 -34.72999954 468.85000610
-31.03199959 -34.10699844 468.85000610
-31.03199959 -33.48199844 468.85998535
-31.03199959 -32.85900116 468.85998535
-31.03300095 -32.23500061 468.86999512
-31.03300095 -31.61100006 468.86999512
-31.03300095 -30.98600006 468.86999512
-31.03300095 -30.36199951 468.86999512
-31.03300095 -29.73800087 468.86999512
-31.03300095 -29.11199951 468.85998535
-31.03300095 -28.48800087 468.86999512
-31.03300095 -27.86499977 468.88000488
-31.03300095 -27.24099922 468.88000488
-31.03300095 -26.61599922 468.86999512
-31.03400040 -23.49500084 468.88000488
-31.03400040 -22.87000084 468.89001465
-31.03400040 -22.24600029 468.89001465
-31.03400040 -21.62199974 468.89001465
-31.03499985 -20.99799919 468.89999390
-31.03499985 -20.37299919 468.89999390
-31.03499985 -19.74799919 468.89999390
-31.03499985 -19.12400055 468.91000366
-31.03499985 -18.50000000 468.91000366
-31.03499985 -17.87700081 468.91000366
-31.03599930 -17.25300026 468.91000366
-31.03599930 -16.62700081 468.91000366
-31.03599930 -16.00300026 468.92001343
-31.03599930 -15.37800026 468.92001343
-31.03599930 -14.75399971 468.92001343
-31.03599930 -14.12899971 468.92001343
-31.03599930 -13.50500011 468.92001343
-31.03599930 -12.88000011 468.92001343
-31.03599930 -12.25500011 468.92001343
-31.03599930 -11.63000011 468.91000366
-31.03599930 -11.00599957 468.92001343
-31.03700066 -10.38199997 468.92001343
-31.03700066 -9.75769997 468.92999268
-31.03700066 -9.13249969 468.92001343
-31.03700066 -8.50879955 468.92999268
-31.03700066 -7.88329983 468.92999268
-31.03700066 -7.25950003 468.92999268
-31.03700066 -6.63570023 468.92999268
-31.03700066 -6.01039982 468.92999268
-31.03700066 -5.38509989 468.92999268
-31.03700066 -4.76049995 468.92999268
-31.03700066 -4.13530016 468.92999268
-31.03700066 -3.51079988 468.94000244
-31.03700066 -2.88660002 468.94000244
-31.03800011 -2.26220012 468.94000244
-31.03800011 -1.63789999 468.95001221
-31.03800011 -1.01199996 468.94000244
-31.03800011 -0.38776001 468.94000244
-31.03800011 0.23652001 468.95001221
-31.03800011 0.86075002 468.95001221
-31.03800011 1.48520005 468.95001221
-31.03800011 2.11019993 468.94000244
-31.03800011 2.73449993 468.95001221
-31.03800011 3.35890007 468.95001221
-31.03800011 3.98340011 468.94000244
-31.03800011 4.60739994 468.94000244
-31.03800011 5.23260021 468.94000244
-31.03800011 5.85750008 468.94000244
-31.03800011 6.48229980 468.94000244
-31.03800011 7.10690022 468.94000244
-31.03800011 7.73140001 468.94000244
-31.03800011 8.35599995 468.95001221
-31.03800011 8.98099995 468.95001221
-31.03800011 9.60540009 468.95001221
-31.03800011 10.22999954 468.95001221
-31.03800011 10.85400009 468.95001221
-31.03899956 11.47900009 468.95001221
-31.03800011 12.10400009 468.95001221
-31.03800011 12.72900009 468.95001221
-31.03800011 13.35299969 468.95001221
-31.03800011 13.97799969 468.94000244
-31.03800011 14.60200024 468.94000244
-31.03800011 15.22700024 468.94000244
-31.03800011 15.85200024 468.94000244
-31.03800011 16.47599983 468.94000244
-31.03800011 17.10099983 468.94000244
-31.03700066 17.72500038 468.94000244
-31.03700066 18.34900093 468.92999268
-31.03700066 18.97299957 468.92999268
-31.03700066 19.59900093 468.92999268
-31.03700066 20.22400093 468.92999268
-31.03700066 20.84799957 468.92999268
-31.03700066 21.47200012 468.92999268
-31.03700066 22.09700012 468.92999268
-31.03700066 22.72200012 468.92999268
-31.03700066 23.34700012 468.92999268
-31.03700066 23.97100067 468.92999268
-31.03700066 24.59600067 468.92999268
-31.03700066 25.21999931 468.92999268
-31.03700066 25.84399986 468.92001343
-31.03599930 26.46899986 468.92001343
-31.03599930 27.09300041 468.92001343
-31.03599930 27.71800041 468.91000366
-31.03599930 28.34199905 468.91000366
-31.03499985 28.96599960 468.89999390
-31.03499985 29.59000015 468.89999390
-31.03499985 30.21500015 468.89999390
-31.03499985 30.84000015 468.89999390
-31.03499985 31.46599960 468.91000366
-31.03599930 32.09099960 468.91000366
-31.03499985 32.71400070 468.89999390
-31.03499985 33.33800125 468.89999390
-31.03499985 33.96200180 468.89001465
-31.03400040 34.58599854 468.89001465
-31.03400040 35.21099854 468.88000488
-31.03300095 35.83499908 468.88000488
-31.03300095 36.45899963 468.86999512
-31.03300095 37.08300018 468.86999512
-31.03300095 37.70800018 468.86999512
-31.03300095 38.33200073 468.85998535
-31.03199959 38.95700073 468.85998535
-31.03199959 39.58100128 468.85998535
-31.03199959 40.20500183 468.85000610
-31.03100014 40.82899857 468.83999634
-31.03100014 41.45299911 468.83999634
-31.03100014 42.07699966 468.82998657
-31.03100014 42.70199966 468.82998657
-31.03000069 43.32600021 468.82000732
-31.03000069 43.95100021 468.82000732
-31.03000069 44.57500076 468.82000732
-31.02899933 45.19900131 468.80999756
-30.41399956 45.21099854 468.94000244
-30.41399956 44.58700180 468.94000244
-30.41399956 43.96200180 468.95001221
-30.41399956 43.33700180 468.95001221
-30.41500092 42.71300125 468.95999146
-30.41500092 42.08900070 468.95999146
-30.41500092 41.46400070 468.95999146
-30.41500092 40.84000015 468.97000122
-30.41600037 40.21599960 468.97000122
-30.41600037 39.59199905 468.98001099
-30.41699982 38.96699905 468.98001099
-30.41699982 38.34299850 468.98999023
-30.41699982 37.71799850 468.98999023
-30.41699982 37.09299850 468.98999023
-30.41699982 36.46900177 469.00000000
-30.41799927 35.84400177 469.00000000
-30.41799927 35.22000122 469.01000977
-30.41900063 34.59500122 469.01998901
-30.41900063 33.97200012 469.01998901
-30.41900063 33.34799957 469.02999878
-30.41900063 32.72399902 469.02999878
-30.41900063 32.09899902 469.02999878
-30.41900063 31.47400093 469.02999878
-30.41900063 30.84799957 469.02999878
-30.41900063 30.22299957 469.02999878
-30.41900063 29.59799957 469.02999878
-30.41900063 28.97400093 469.02999878
-30.42000008 28.35000038 469.02999878
-30.42000008 27.72500038 469.04000854
-30.42000008 27.10000038 469.04000854
-30.42000008 26.47500038 469.04000854
-30.42000008 25.85099983 469.04998779
-30.42099953 25.22599983 469.04998779
-30.42099953 24.60199928 469.04998779
-30.42099953 23.97699928 469.04998779
-30.42099953 23.35300064 469.04998779
-30.42099953 22.72800064 469.04998779
-30.42099953 22.10300064 469.04998779
-30.42099953 21.47800064 469.05999756
-30.42099953 20.85400009 469.05999756
-30.42200089 20.22900009 469.05999756
-30.42200089 19.60400009 469.05999756
-30.42099953 18.97900009 469.05999756
-30.42099953 18.35400009 469.05999756
-30.42099953 17.72999954 469.05999756
-30.42200089 17.10499954 469.05999756
-30.42200089 16.48100090 469.07000732
-30.42200089 15.85599995 469.07000732
-30.42200089 15.23099995 469.07000732
-30.42200089 14.60599995 469.07000732
-30.42200089 13.98200035 469.07000732
-30.42200089 13.35700035 469.07000732
-30.42200089 12.73200035 469.07000732
-30.42200089 12.10700035 469.07998657
-30.42300034 11.48200035 469.07998657
-30.42300034 10.85700035 469.07998657
-30.42200089 10.23299980 469.07000732
-30.42200089 9.60789967 469.07000732
-30.42200089 8.98309994 469.07000732
-30.42200089 8.35820007 469.07000732
-30.42099953 7.73379993 469.05999756
-30.42200089 7.10839987 469.07000732
-30.42200089 6.48420000 469.07000732
-30.42200089 5.85900021 469.07000732
-30.42200089 5.23409986 469.07000732
-30.42099953 4.60820007 469.05999756
-30.42099953 3.98420000 469.05999756
-30.42200089 3.35969996 469.05999756
-30.42200089 2.73530006 469.07000732
-30.42200089 2.11080003 469.05999756
-30.42200089 1.48570001 469.07000732
-30.42200089 0.86098999 469.07000732
-30.42200089 0.23647000 469.07000732
-30.42200089 -0.38773000 469.07000732
-30.42200089 -1.01310003 469.07000732
-30.42200089 -1.63820004 469.07000732
-30.42200089 -2.26300001 469.07000732
-30.42099953 -2.88750005 469.05999756
-30.42099953 -3.51180005 469.04998779
-30.42099953 -4.13670015 469.04998779
-30.42099953 -4.76160002 469.04998779
-30.42000008 -6.63689995 469.04998779
-30.42000008 -7.26119995 469.04998779
-30.42000008 -7.88520002 469.04998779
-30.42099953 -8.51070023 469.05999756
-30.42099953 -9.13500023 469.04998779
-30.42099953 -9.76010036 469.04998779
-30.42099953 -10.38399982 469.04998779
-30.42000008 -11.00899982 469.04000854
-30.42000008 -11.63300037 469.04000854
-30.42000008 -12.25800037 469.04000854
-30.42000008 -12.88399982 469.04000854
-30.42000008 -13.50800037 469.04000854
-30.42000008 -14.13300037 469.04000854
-30.42000008 -14.75800037 469.04000854
-30.42000008 -15.38199997 469.04000854
-30.42000008 -16.00699997 469.04000854
-30.42000008 -16.63199997 469.02999878
-30.42000008 -17.25699997 469.04000854
-30.41900063 -17.88100052 469.02999878
-30.41900063 -18.50499916 469.01998901
-30.41900063 -19.12899971 469.01998901
-30.41900063 -19.75300026 469.01998901
-30.41900063 -20.37899971 469.01998901
-30.41900063 -21.00399971 469.01998901
-30.41799927 -21.62800026 469.01998901
-30.41799927 -22.25200081 469.01998901
-30.41799927 -22.87599945 469.01000977
-30.41699982 -25.37400055 469.00000000
-30.41699982 -25.99799919 468.98999023
-30.41699982 -26.62299919 469.00000000
-30.41699982 -27.24799919 469.00000000
-30.41699982 -27.87299919 469.00000000
-30.41699982 -28.49699974 469.00000000
-30.41699982 -29.12100029 468.98999023
-30.41699982 -29.74600029 469.00000000
-30.41699982 -30.37000084 469.00000000
-30.41699982 -30.99399948 468.98999023
-30.41600037 -31.61899948 468.98001099
-30.41600037 -32.24300003 468.98001099
-30.41600037 -32.86700058 468.98001099
-30.41600037 -33.49200058 468.98001099
-30.41600037 -34.11500168 468.98001099
-30.41600037 -34.74000168 468.97000122
-30.41500092 -35.98899841 468.95999146
-30.41500092 -36.61299896 468.95999146
-30.41500092 -37.23699951 468.95999146
-30.41500092 -37.86100006 468.95999146
-30.41500092 -38.48600006 468.95999146
-30.41399956 -39.11000061 468.95999146
-30.41399956 -39.73400116 468.94000244
-30.41300011 -40.35699844 468.94000244
-30.41300011 -42.85499954 468.92999268
-30.41300011 -43.47900009 468.92999268
-30.41300011 -44.10300064 468.92999268
-30.41300011 -44.72800064 468.92999268
-30.41200066 -45.35100174 468.92001343
-30.41200066 -45.97600174 468.92001343
-30.41200066 -46.59999847 468.92001343
-30.41200066 -47.22299957 468.91000366
-30.41099930 -47.84700012 468.89999390
-30.41099930 -48.47100067 468.89999390
-30.40999985 -49.09400177 468.89001465
-30.40999985 -49.71900177 468.89001465
-29.79400063 -49.73199844 469.01000977
-29.79400063 -48.48300171 469.01998901
-29.79500008 -47.85900116 469.02999878
-29.79500008 -47.23500061 469.02999878
-29.79599953 -46.61199951 469.04000854
-29.79599953 -45.98799896 469.04998779
-29.79599953 -45.36299896 469.04000854
-29.79599953 -44.73899841 469.04998779
-29.79700089 -44.11399841 469.05999756
-29.79700089 -43.49100113 469.05999756
-29.79599953 -42.86700058 469.04998779
-29.79599953 -40.99100113 469.04998779
-29.79700089 -40.36700058 469.05999756
-29.79800034 -39.74499893 469.07000732
-29.79800034 -39.11999893 469.07998657
-29.79800034 -38.49700165 469.07998657
-29.79800034 -37.87099838 469.07998657
-29.79800034 -37.24700165 469.07998657
-29.79800034 -36.62300110 469.07998657
-29.79800034 -35.99800110 469.07998657
-29.79899979 -35.37300110 469.07998657
-29.79899979 -34.74800110 469.08999634
-29.79999924 -34.12400055 469.10000610
-29.79999924 -33.50000000 469.10000610
-29.79999924 -32.87599945 469.10000610
-29.79999924 -32.25000000 469.10000610
-29.79999924 -31.62700081 469.10998535
-29.80100060 -31.00200081 469.11999512
-29.79999924 -30.37800026 469.10998535
-29.79999924 -29.75300026 469.10998535
-29.80100060 -29.12899971 469.11999512
-29.80100060 -28.50499916 469.11999512
-29.80100060 -27.87999916 469.11999512
-29.80100060 -27.25499916 469.13000488
-29.80100060 -26.63100052 469.13000488
-29.80100060 -26.00499916 469.13000488
-29.80100060 -25.38100052 469.13000488
-29.80100060 -24.75600052 469.13000488
-29.80100060 -24.13199997 469.13000488
-29.80200005 -23.50699997 469.13000488
-29.80200005 -22.88299942 469.14001465
-29.80200005 -22.25900078 469.14001465
-29.80200005 -21.63400078 469.14001465
-29.80200005 -21.00900078 469.14001465
-29.80200005 -20.38299942 469.14001465
-29.80200005 -19.75900078 469.14001465
-29.80200005 -19.13400078 469.14001465
-29.80200005 -18.51000023 469.14001465
-29.80200005 -17.88500023 469.14001465
-29.80299950 -17.26099968 469.14999390
-29.80299950 -16.63599968 469.14999390
-29.80299950 -16.01099968 469.16000366
-29.80400085 -15.38599968 469.16000366
-29.80299950 -14.76200008 469.16000366
-29.80400085 -14.13599968 469.17001343
-29.80400085 -13.51099968 469.16000366
-29.80400085 -12.88700008 469.17001343
-29.80400085 -12.26200008 469.17001343
-29.80400085 -11.63599968 469.16000366
-29.80400085 -11.01200008 469.17001343
-29.80400085 -10.38700008 469.17001343
-29.80500031 -9.76270008 469.17999268
-29.80400085 -9.13770008 469.17999268
-29.80400085 -8.51259995 469.17001343
-29.80400085 -7.88719988 469.17001343
-29.80400085 -7.26270008 469.17001343
-29.80400085 -6.63810015 469.17001343
-29.80400085 -4.13770008 469.17999268
-29.80500031 -3.51300001 469.17999268
-29.80500031 -2.88860011 469.17999268
-29.80500031 -2.26360011 469.19000244
-29.80500031 -1.63909996 469.17999268
-29.80500031 -1.01370001 469.19000244
-29.80500031 -0.38824001 469.17999268
-29.80500031 0.23593999 469.19000244
-29.80599976 0.86094999 469.19000244
-29.80500031 1.48609996 469.19000244
-29.80500031 2.11129999 469.19000244
-29.80500031 2.73600006 469.19000244
-29.80500031 3.36059999 469.19000244
-29.80500031 3.98510003 469.19000244
-29.80500031 4.60909986 469.19000244
-29.80599976 5.23519993 469.19000244
-29.80599976 5.86040020 469.20001221
-29.80599976 6.48610020 469.20001221
-29.80599976 7.11049986 469.20001221
-29.80599976 7.73619986 469.19000244
-29.80599976 8.36050034 469.20001221
-29.80599976 8.98519993 469.20001221
-29.80599976 9.61060047 469.20001221
-29.80599976 10.23600006 469.20001221
-29.80599976 10.86100006 469.20999146
-29.80699921 11.48600006 469.20999146
-29.80699921 12.11100006 469.20999146
-29.80599976 12.73499966 469.20001221
-29.80599976 13.36100006 469.20001221
-29.80599976 13.98499966 469.19000244
-29.80599976 14.60999966 469.19000244
-29.80599976 15.23499966 469.20001221
-29.80599976 15.85999966 469.19000244
-29.80500031 16.48500061 469.19000244
-29.80500031 17.11000061 469.19000244
-29.80500031 17.73500061 469.17999268
-29.80500031 18.36000061 469.17999268
-29.80500031 18.98399925 469.17999268
-29.80500031 19.60899925 469.19000244
-29.80500031 20.23399925 469.19000244
-29.80500031 20.85899925 469.19000244
-29.80500031 21.48399925 469.17999268
-29.80500031 22.10899925 469.17999268
-29.80500031 22.73299980 469.17999268
-29.80500031 23.35799980 469.17999268
-29.80400085 23.98299980 469.17001343
-29.80400085 24.60799980 469.17001343
-29.80400085 25.23299980 469.17001343
-29.80400085 25.85700035 469.16000366
-29.80400085 26.48200035 469.16000366
-29.80400085 27.10700035 469.16000366
-29.80400085 27.73200035 469.16000366
-29.80299950 28.35700035 469.16000366
-29.80299950 28.98200035 469.14999390
-29.80299950 29.60600090 469.14999390
-29.80299950 30.23100090 469.14999390
-29.80299950 30.85600090 469.14999390
-29.80299950 31.48100090 469.14999390
-29.80299950 32.10699844 469.14999390
-29.80299950 32.73300171 469.14999390
-29.80299950 33.35800171 469.16000366
-29.80299950 33.98099899 469.14999390
-29.80299950 34.60400009 469.14999390
-29.80200005 35.22999954 469.14001465
-29.80200005 35.85400009 469.13000488
-29.80100060 36.47900009 469.13000488
-29.80100060 37.10300064 469.11999512
-29.80100060 37.72800064 469.11999512
-29.80100060 38.35300064 469.11999512
-29.79999924 38.97800064 469.10998535
-29.79999924 39.60300064 469.10998535
-29.79999924 40.22700119 469.10000610
-29.79999924 40.85100174 469.10000610
-29.79899979 41.47600174 469.08999634
-29.79899979 42.10100174 469.08999634
-29.79899979 42.72499847 469.08999634
-29.79899979 43.34899902 469.07998657
-29.79800034 43.97399902 469.07998657
-29.79800034 44.59899902 469.07000732
-29.79800034 45.22399902 469.07000732
-29.18099976 45.23500061 469.19000244
-29.18199921 44.61000061 469.20001221
-29.18199921 43.98500061 469.20001221
-29.18199921 43.36100006 469.20999146
-29.18300056 42.73699951 469.20999146
-29.18300056 42.11199951 469.22000122
-29.18300056 41.48699951 469.22000122
-29.18300056 40.86299896 469.22000122
-29.18400002 40.23699951 469.23001099
-29.18400002 39.61299896 469.23001099
-29.18400002 38.98799896 469.23999023
-29.18400002 38.36299896 469.23999023
-29.18499947 37.73799896 469.25000000
-29.18499947 37.11399841 469.25000000
-29.18499947 36.48899841 469.25000000
-29.18499947 35.86299896 469.26000977
-29.18600082 35.23799896 469.26000977
-29.18600082 34.61399841 469.26998901
-29.18600082 33.99100113 469.26998901
-29.18600082 33.36700058 469.26998901
-29.18600082 32.74100113 469.26998901
-29.18600082 32.11500168 469.26998901
-29.18600082 31.48900032 469.26998901
-29.18600082 30.86400032 469.27999878
-29.18700027 30.23900032 469.27999878
-29.18700027 29.61499977 469.27999878
-29.18700027 28.98999977 469.27999878
-29.18700027 28.36499977 469.27999878
-29.18700027 27.73999977 469.27999878
-29.18700027 27.11400032 469.29000854
-29.18700027 26.48900032 469.29000854
-29.18700027 25.86400032 469.29000854
-29.18799973 25.23999977 469.29000854
-29.18799973 24.61499977 469.29998779
-29.18799973 23.98999977 469.29998779
-29.18799973 23.36499977 469.29998779
-29.18799973 22.73999977 469.29998779
-29.18799973 22.11499977 469.29998779
-29.18799973 21.48999977 469.30999756
-29.18899918 20.86499977 469.30999756
-29.18899918 20.23900032 469.32000732
-29.18899918 19.61400032 469.30999756
-29.18899918 18.98900032 469.30999756
-29.18799973 18.36499977 469.30999756
-29.18799973 17.73900032 469.30999756
-29.18799973 17.11400032 469.30999756
-29.18899918 16.48900032 469.30999756
-29.18899918 15.86400032 469.32000732
-29.18899918 15.23900032 469.32998657
-29.18899918 14.61400032 469.32000732
-29.18899918 13.98900032 469.32000732
-29.18899918 13.36400032 469.32000732
-29.18899918 12.73900032 469.32998657
-29.19000053 12.11400032 469.32998657
-29.19000053 11.48999977 469.32998657
-29.19000053 10.86400032 469.32998657
-29.18899918 10.23900032 469.32000732
-29.18899918 9.61289978 469.32000732
-29.18899918 8.98740005 469.32000732
-29.18899918 8.36260033 469.32000732
-29.18899918 7.73789978 469.30999756
-29.18899918 7.11269999 469.32000732
-29.18899918 6.48789978 469.32998657
-29.18899918 5.86229992 469.32998657
-29.18899918 5.23670006 469.32000732
-29.18899918 4.61100006 469.32000732
-29.18899918 3.98659992 469.32000732
-29.18899918 3.36179996 469.30999756
-29.18899918 2.73709989 469.32000732
-29.18899918 2.11150002 469.30999756
-29.18799973 1.48599994 469.30999756
-29.18799973 0.86069000 469.30999756
-29.18799973 0.23556000 469.30999756
-29.18799973 -0.38901001 469.29998779
-29.18799973 -1.01409996 469.30999756
-29.18799973 -1.63890004 469.29998779
-29.18799973 -2.26419997 469.30999756
-29.18799973 -2.88960004 469.30999756
-29.18799973 -3.51440001 469.29998779
-29.18799973 -4.13940001 469.29998779
-29.18799973 -4.76389980 469.29998779
-29.18799973 -5.38920021 469.29998779
-29.18700027 -6.63950014 469.29000854
-29.18799973 -7.26469994 469.29998779
-29.18700027 -7.88940001 469.29000854
-29.18799973 -8.51500034 469.29998779
-29.18799973 -9.14009953 469.29998779
-29.18799973 -9.76539993 469.29998779
-29.18799973 -10.39099979 469.29998779
-29.18799973 -11.01599979 469.29998779
-29.18799973 -11.64000034 469.29998779
-29.18700027 -12.26500034 469.29000854
-29.18700027 -12.89000034 469.29000854
-29.18600082 -13.51500034 469.27999878
-29.18600082 -14.14099979 469.26998901
-29.18600082 -14.76500034 469.27999878
-29.18700027 -15.39000034 469.27999878
-29.18600082 -16.01499939 469.27999878
-29.18600082 -16.63999939 469.26998901
-29.18700027 -17.26600075 469.27999878
-29.18600082 -17.89100075 469.27999878
-29.18600082 -18.51499939 469.27999878
-29.18600082 -19.13999939 469.27999878
-29.18600082 -19.76399994 469.26998901
-29.18600082 -20.38899994 469.26000977
-29.18600082 -21.01399994 469.26998901
-29.18499947 -21.63899994 469.26000977
-29.18499947 -22.26499939 469.26000977
-29.18499947 -22.88899994 469.26000977
-29.18499947 -23.51399994 469.26000977
-29.18499947 -24.13899994 469.26000977
-29.18499947 -24.76300049 469.25000000
-29.18499947 -25.38800049 469.26000977
-29.18499947 -26.01300049 469.25000000
-29.18499947 -26.63800049 469.25000000
-29.18499947 -27.26199913 469.25000000
-29.18400002 -27.88699913 469.25000000
-29.18400002 -28.51199913 469.25000000
-29.18400002 -29.13699913 469.23999023
-29.18400002 -29.76199913 469.23999023
-29.18400002 -30.38599968 469.23999023
-29.18400002 -31.01000023 469.23999023
-29.18300056 -31.63500023 469.23001099
-29.18400002 -32.25899887 469.23001099
-29.18300056 -32.88499832 469.23001099
-29.18300056 -33.50899887 469.23001099
-29.18300056 -34.13299942 469.22000122
-29.18199921 -34.75799942 469.20999146
-29.18199921 -35.38199997 469.20001221
-29.18099976 -36.00699997 469.19000244
-29.18099976 -36.63199997 469.20001221
-29.18199921 -37.25699997 469.20001221
-29.18199921 -37.88100052 469.20001221
-29.18199921 -38.50699997 469.20001221
-29.18099976 -39.13100052 469.20001221
-29.18199921 -39.75600052 469.20001221
-29.18099976 -40.37799835 469.19000244
-29.18000031 -41.00299835 469.17999268
-29.18000031 -42.25199890 469.17001343
-29.18000031 -42.87799835 469.17999268
-29.18000031 -43.50199890 469.17999268
-29.18000031 -44.12500000 469.17001343
-29.17900085 -44.75000000 469.17001343
-29.18000031 -45.37599945 469.17001343
-29.18000031 -46.00000000 469.17001343
-29.17900085 -46.62400055 469.17001343
-29.17900085 -47.24800110 469.16000366
-29.17799950 -47.87200165 469.14999390
-29.17799950 -48.49599838 469.14001465
-29.17700005 -49.11999893 469.13000488
-29.17700005 -49.74499893 469.13000488
-28.55999947 -49.75699997 469.25000000
-28.56100082 -48.50899887 469.26000977
-28.56200027 -47.88499832 469.26998901
-28.56200027 -47.26100159 469.27999878
-28.56299973 -46.63700104 469.29000854
-28.56299973 -46.01300049 469.29998779
-28.56299973 -45.38800049 469.29000854
-28.56200027 -44.76100159 469.27999878
-28.56200027 -44.13600159 469.27999878
-28.56299973 -43.51200104 469.29000854
-28.56299973 -42.88800049 469.29000854
-28.56299973 -42.26399994 469.29998779
-28.56299973 -41.63899994 469.29998779
-28.56399918 -41.01399994 469.30999756
-28.56399918 -40.38999939 469.32000732
-28.56399918 -39.76599884 469.32000732
-28.56399918 -39.14099884 469.32000732
-28.56399918 -38.51699829 469.32000732
-28.56399918 -37.89099884 469.32000732
-28.56500053 -36.64099884 469.32000732
-28.56399918 -36.01599884 469.32000732
-28.56500053 -34.76599884 469.32998657
-28.56599998 -34.14199829 469.33999634
-28.56599998 -33.51800156 469.35000610
-28.56599998 -32.89400101 469.35000610
-28.56699944 -32.26800156 469.35998535
-28.56599998 -31.64299965 469.35000610
-28.56699944 -31.01899910 469.35998535
-28.56699944 -30.39399910 469.35998535
-28.56699944 -29.76899910 469.35998535
-28.56699944 -29.14399910 469.35998535
-28.56699944 -28.51899910 469.35998535
-28.56699944 -27.89500046 469.36999512
-28.56699944 -27.27000046 469.36999512
-28.56800079 -26.64500046 469.36999512
-28.56800079 -26.02000046 469.38000488
-28.56800079 -25.39500046 469.38000488
-28.56800079 -24.77000046 469.38000488
-28.56800079 -24.14599991 469.38000488
-28.56800079 -23.52000046 469.38000488
-28.56800079 -22.89500046 469.38000488
-28.56800079 -22.27000046 469.38000488
-28.56800079 -21.64500046 469.38000488
-28.56900024 -21.02000046 469.39001465
-28.56900024 -20.39399910 469.39001465
-28.56900024 -19.76899910 469.39001465
-28.56900024 -19.14500046 469.39999390
-28.56900024 -18.52000046 469.39999390
-28.56900024 -17.89500046 469.39999390
-28.56900024 -17.27000046 469.39999390
-28.56900024 -16.64399910 469.39001465
-28.56900024 -16.01899910 469.39999390
-28.56900024 -15.39400005 469.39999390
-28.56900024 -14.76900005 469.39999390
-28.56999969 -14.14500046 469.39999390
-28.56999969 -13.51900005 469.41000366
-28.56999969 -12.89299965 469.42001343
-28.57099915 -12.26799965 469.42001343
-28.57099915 -11.64299965 469.42001343
-28.57099915 -11.01900005 469.42001343
-28.57099915 -10.39400005 469.42999268
-28.57099915 -9.76770020 469.42001343
-28.57099915 -9.14210033 469.42001343
-28.57099915 -8.51710033 469.42001343
-28.57099915 -7.89150000 469.42001343
-28.57099915 -7.26650000 469.42001343
-28.56999969 -6.64139986 469.42001343
-28.56999969 -6.01580000 469.42001343
-28.57099915 -5.39050007 469.42001343
-28.57099915 -4.76510000 469.42001343
-28.57099915 -4.14029980 469.42999268
-28.57099915 -3.51539993 469.42001343
-28.57099915 -2.89039993 469.42999268
-28.57099915 -2.26489997 469.42999268
-28.57099915 -1.63940001 469.42001343
-28.57099915 -1.01419997 469.42999268
-28.57099915 -0.38944000 469.42999268
-28.57099915 0.23537999 469.42999268
-28.57200050 0.86044002 469.44000244
-28.57200050 1.48599994 469.44000244
-28.57200050 2.11209989 469.44000244
-28.57200050 2.73799992 469.44000244
-28.57200050 3.36310005 469.44000244
-28.57200050 3.98790002 469.44000244
-28.57200050 4.61259985 469.44000244
-28.57200050 5.23820019 469.44000244
-28.57200050 5.86359978 469.45001221
-28.57200050 6.48920012 469.45001221
-28.57200050 7.11460018 469.45001221
-28.57200050 7.73990011 469.44000244
-28.57200050 8.36439991 469.44000244
-28.57200050 8.98960018 469.44000244
-28.57200050 9.61499977 469.44000244
-28.57200050 10.24100018 469.45001221
-28.57299995 10.86699963 469.45001221
-28.57200050 11.49300003 469.45001221
-28.57200050 12.11699963 469.45001221
-28.57200050 12.74199963 469.45001221
-28.57200050 13.36800003 469.45001221
-28.57200050 13.99199963 469.45001221
-28.57200050 14.61800003 469.44000244
-28.57200050 15.24300003 469.44000244
-28.57099915 15.86800003 469.42999268
-28.57099915 16.49300003 469.42999268
-28.57099915 17.11800003 469.42999268
-28.57099915 17.74399948 469.42999268
-28.57099915 18.37000084 469.42999268
-28.57099915 18.99500084 469.42999268
-28.57099915 19.61899948 469.42999268
-28.57200050 20.24399948 469.42999268
-28.57099915 20.87000084 469.42999268
-28.57099915 21.49500084 469.42999268
-28.57099915 22.12000084 469.42999268
-28.57099915 22.74500084 469.42001343
-28.57099915 23.37000084 469.42001343
-28.57099915 23.99600029 469.42001343
-28.57099915 24.62100029 469.42001343
-28.57099915 25.24600029 469.42001343
-28.57099915 25.87199974 469.42001343
-28.56999969 26.49600029 469.42001343
-28.56999969 27.12199974 469.41000366
-28.56999969 27.74699974 469.41000366
-28.56999969 28.37199974 469.41000366
-28.56999969 28.99799919 469.41000366
-28.56999969 29.62299919 469.41000366
-28.56999969 30.24699974 469.39999390
-28.56900024 30.87199974 469.39999390
-28.56900024 31.49699974 469.39001465
-28.56900024 32.12200165 469.39001465
-28.56900024 32.74900055 469.39999390
-28.56900024 33.37500000 469.39999390
-28.56900024 34.00000000 469.39999390
-28.56900024 34.62400055 469.39001465
-28.56900024 35.24800110 469.39001465
-28.56800079 35.87300110 469.38000488
-28.56800079 36.49800110 469.38000488
-28.56800079 37.12300110 469.36999512
-28.56800079 37.74800110 469.36999512
-28.56699944 38.37300110 469.35998535
-28.56699944 38.99800110 469.35998535
-28.56699944 39.62300110 469.35998535
-28.56699944 40.24800110 469.35998535
-28.56699944 40.87300110 469.35000610
-28.56599998 41.49900055 469.35000610
-28.56599998 42.12400055 469.33999634
-28.56599998 42.74800110 469.33999634
-28.56500053 43.37200165 469.32998657
-28.56500053 43.99700165 469.32998657
-28.56500053 44.62200165 469.32000732
-28.56500053 45.24700165 469.32000732
-27.94700050 45.25799942 469.44000244
-27.94799995 44.63399887 469.45001221
-27.94799995 44.00899887 469.45001221
-27.94799995 43.38399887 469.45001221
-27.94799995 42.75899887 469.45999146
-27.94899940 42.13399887 469.45999146
-27.94899940 41.50899887 469.47000122
-27.94899940 40.88399887 469.48001099
-27.95000076 40.25899887 469.48001099
-27.95000076 39.63299942 469.48001099
-27.95000076 39.00899887 469.48999023
-27.95000076 38.38299942 469.48999023
-27.95100021 37.75799942 469.50000000
-27.95100021 37.13299942 469.50000000
-27.95100021 36.50799942 469.50000000
-27.95100021 35.88299942 469.51000977
-27.95100021 35.25799942 469.51000977
-27.95199966 34.63299942 469.51998901
-27.95199966 34.00799942 469.51998901
-27.95199966 33.38299942 469.51998901
-27.95199966 32.75699997 469.51998901
-27.95199966 32.13100052 469.51998901
-27.95199966 31.50499916 469.51998901
-27.95199966 30.88100052 469.51998901
-27.95199966 30.25499916 469.52999878
-27.95299911 29.62999916 469.52999878
-27.95299911 29.00499916 469.54000854
-27.95299911 28.37999916 469.54000854
-27.95299911 27.75399971 469.54000854
-27.95299911 27.12899971 469.54000854
-27.95299911 26.50300026 469.54000854
-27.95400047 25.87800026 469.54998779
-27.95400047 25.25300026 469.54998779
-27.95299911 24.62700081 469.54000854
-27.95299911 24.00200081 469.54000854
-27.95299911 23.37599945 469.54000854
-27.95299911 22.75099945 469.54000854
-27.95400047 22.12599945 469.54998779
-27.95400047 21.50000000 469.54998779
-27.95400047 20.87500000 469.55999756
-27.95400047 20.25000000 469.55999756
-27.95400047 19.62500000 469.55999756
-27.95400047 19.00000000 469.55999756
-27.95400047 18.37400055 469.55999756
-27.95400047 17.74799919 469.55999756
-27.95400047 17.12199974 469.55999756
-27.95400047 16.49699974 469.55999756
-27.95400047 15.87199974 469.55999756
-27.95499992 15.24699974 469.57000732
-27.95499992 14.62199974 469.57000732
-27.95499992 13.99600029 469.57000732
-27.95499992 13.37100029 469.57000732
-27.95499992 12.74499989 469.57000732
-27.95499992 12.11900043 469.57998657
-27.95499992 11.49499989 469.57000732
-27.95499992 10.86900043 469.57000732
-27.95499992 10.24400043 469.57000732
-27.95499992 9.61740017 469.55999756
-27.95400047 8.99149990 469.55999756
-27.95400047 8.36629963 469.55999756
-27.95499992 7.74149990 469.57000732
-27.95499992 7.11630011 469.57000732
-27.95499992 6.49049997 469.57000732
-27.95499992 5.86509991 469.57000732
-27.95499992 5.23920012 469.57000732
-27.95499992 4.61409998 469.57000732
-27.95499992 3.98869991 469.57000732
-27.95499992 3.36369991 469.57000732
-27.95499992 2.73830009 469.57000732
-27.95499992 2.11229992 469.57000732
-27.95499992 1.48619998 469.55999756
-27.95400047 0.86075997 469.55999756
-27.95400047 0.23560999 469.54998779
-27.95400047 -0.38953999 469.54998779
-27.95400047 -1.01460004 469.54998779
-27.95299911 -1.63979995 469.54998779
-27.95299911 -2.26559997 469.54998779
-27.95299911 -2.89100003 469.54998779
-27.95299911 -3.51620007 469.54998779
-27.95400047 -4.14160013 469.54998779
-27.95400047 -4.76650000 469.54998779
-27.95299911 -5.39190006 469.54998779
-27.95299911 -6.01749992 469.54000854
-27.95299911 -6.64330006 469.54000854
-27.95299911 -7.26849985 469.54000854
-27.95299911 -7.89379978 469.54998779
-27.95400047 -8.51930046 469.54998779
-27.95400047 -9.14459991 469.54998779
-27.95299911 -9.77070045 469.54998779
-27.95299911 -10.39700031 469.54998779
-27.95299911 -11.02200031 469.54000854
-27.95299911 -11.64599991 469.54998779
-27.95299911 -12.27200031 469.54000854
-27.95299911 -12.89700031 469.54000854
-27.95299911 -13.52299976 469.54000854
-27.95299911 -14.14799976 469.54000854
-27.95299911 -14.77400017 469.52999878
-27.95199966 -15.39900017 469.52999878
-27.95199966 -16.02400017 469.52999878
-27.95199966 -16.64800072 469.51998901
-27.95199966 -17.27499962 469.52999878
-27.95199966 -17.89999962 469.51998901
-27.95199966 -18.52499962 469.51998901
-27.95199966 -19.14999962 469.51998901
-27.95100021 -19.77400017 469.51000977
-27.95100021 -21.02499962 469.51000977
-27.95100021 -21.64999962 469.50000000
-27.95100021 -22.27599907 469.50000000
-27.95100021 -22.90099907 469.50000000
-27.95100021 -23.52700043 469.50000000
-27.95100021 -24.15200043 469.51000977
-27.95100021 -24.77599907 469.50000000
-27.95100021 -25.40099907 469.50000000
-27.95100021 -26.02700043 469.50000000
-27.95000076 -26.65200043 469.50000000
-27.95000076 -27.27700043 469.48999023
-27.95000076 -27.90099907 469.48999023
-27.95000076 -28.52599907 469.48001099
-27.95000076 -29.15200043 469.48001099
-27.94899940 -29.77700043 469.48001099
-27.95000076 -30.40200043 469.48001099
-27.95000076 -31.02799988 469.48001099
-27.95000076 -31.65299988 469.48999023
-27.95000076 -32.27700043 469.48999023
-27.95000076 -32.90299988 469.48001099
-27.94899940 -33.52700043 469.48001099
-27.94799995 -34.15100098 469.45999146
-27.94799995 -34.77600098 469.45001221
-27.94700050 -35.40000153 469.44000244
-27.94700050 -36.02500153 469.44000244
-27.94700050 -36.65000153 469.44000244
-27.94700050 -37.27500153 469.44000244
-27.94700050 -37.90100098 469.44000244
-27.94700050 -38.52600098 469.44000244
-27.94700050 -39.15100098 469.42999268
-27.94700050 -39.77500153 469.42999268
-27.94700050 -40.40000153 469.44000244
-27.94700050 -41.02500153 469.42999268
-27.94599915 -41.65000153 469.42999268
-27.94599915 -42.27500153 469.42001343
-27.94599915 -42.89899826 469.42001343
-27.94599915 -43.52399826 469.42001343
-27.94499969 -44.14899826 469.41000366
-27.94499969 -44.77399826 469.41000366
-27.94499969 -45.39899826 469.41000366
-27.94499969 -46.02500153 469.41000366
-27.94499969 -46.64899826 469.41000366
-27.94499969 -47.27299881 469.41000366
-27.94400024 -47.89699936 469.39001465
-27.94400024 -48.52099991 469.38000488
-27.32699966 -47.90999985 469.51000977
-27.32699966 -47.28599930 469.52999878
-27.32799911 -46.66099930 469.52999878
-27.32799911 -46.03699875 469.54000854
-27.32799911 -45.41099930 469.54000854
-27.32799911 -44.78499985 469.52999878
-27.32799911 -44.16099930 469.54000854
-27.32799911 -43.53599930 469.54000854
-27.32799911 -42.91099930 469.54000854
-27.32799911 -42.28599930 469.54000854
-27.32900047 -41.66099930 469.54998779
-27.32900047 -41.03599930 469.54998779
-27.32900047 -40.40999985 469.54998779
-27.32900047 -39.78499985 469.54998779
-27.32900047 -39.15999985 469.55999756
-27.32900047 -38.53499985 469.55999756
-27.32900047 -37.90999985 469.55999756
-27.32900047 -36.03499985 469.55999756
-27.32999992 -34.78499985 469.57000732
-27.33099937 -34.15999985 469.58999634
-27.33200073 -33.53599930 469.60000610
-27.33200073 -32.91099930 469.60000610
-27.33200073 -32.28699875 469.60000610
-27.33200073 -31.66099930 469.60000610
-27.33200073 -31.03599930 469.60000610
-27.33200073 -30.40999985 469.60000610
-27.33099937 -29.78400040 469.60000610
-27.33200073 -29.15900040 469.60000610
-27.33200073 -28.53400040 469.60000610
-27.33200073 -27.90900040 469.60998535
-27.33300018 -27.28400040 469.61999512
-27.33300018 -26.65800095 469.61999512
-27.33300018 -26.03300095 469.61999512
-27.33300018 -25.40800095 469.63000488
-27.33300018 -24.78300095 469.63000488
-27.33300018 -24.15800095 469.63000488
-27.33300018 -23.53300095 469.63000488
-27.33300018 -22.90699959 469.63000488
-27.33300018 -22.28100014 469.63000488
-27.33300018 -21.65600014 469.63000488
-27.33300018 -21.03100014 469.63000488
-27.33399963 -20.40500069 469.64001465
-27.33399963 -19.78000069 469.64001465
-27.33399963 -19.15500069 469.64999390
-27.33499908 -18.53000069 469.64999390
-27.33499908 -17.90500069 469.64999390
-27.33499908 -17.28000069 469.66000366
-27.33499908 -16.65299988 469.64999390
-27.33499908 -16.02799988 469.64999390
-27.33499908 -15.40299988 469.66000366
-27.33499908 -14.77700043 469.66000366
-27.33499908 -14.15200043 469.66000366
-27.33499908 -13.52600002 469.66000366
-27.33499908 -12.89999962 469.66000366
-27.33499908 -12.27499962 469.67001343
-27.33600044 -11.64900017 469.67001343
-27.33499908 -11.02499962 469.67001343
-27.33499908 -10.39999962 469.67001343
-27.33499908 -9.77299976 469.67001343
-27.33600044 -9.14690018 469.67001343
-27.33600044 -8.52159977 469.67001343
-27.33600044 -7.89629984 469.67001343
-27.33499908 -7.27059984 469.67001343
-27.33499908 -6.64519978 469.66000366
-27.33600044 -6.01919985 469.67001343
-27.33600044 -5.39349985 469.67001343
-27.33600044 -4.76789999 469.67999268
-27.33600044 -4.14270020 469.67999268
-27.33600044 -3.51729989 469.67001343
-27.33600044 -2.89179993 469.67001343
-27.33600044 -2.26570010 469.67999268
-27.33600044 -1.64010000 469.67999268
-27.33699989 -1.01520002 469.67999268
-27.33699989 -0.39001000 469.69000244
-27.33600044 0.23578000 469.67999268
-27.33699989 0.86150002 469.69000244
-27.33699989 1.48660004 469.69000244
-27.33799934 2.11260009 469.70001221
-27.33799934 2.73869991 469.70001221
-27.33699989 3.36400008 469.69000244
-27.33699989 3.98970008 469.69000244
-27.33699989 4.61549997 469.70001221
-27.33699989 5.24069977 469.70001221
-27.33699989 5.86670017 469.70001221
-27.33699989 6.49249983 469.69000244
-27.33699989 7.11819983 469.69000244
-27.33699989 7.74359989 469.69000244
-27.33699989 8.36909962 469.69000244
-27.33699989 8.99450016 469.69000244
-27.33699989 9.62020016 469.70001221
-27.33799934 10.24600029 469.70001221
-27.33799934 10.87199974 469.70001221
-27.33699989 11.49699974 469.70001221
-27.33699989 12.12199974 469.70001221
-27.33699989 12.74800014 469.69000244
-27.33699989 13.37399960 469.69000244
-27.33699989 13.99899960 469.69000244
-27.33699989 14.62500000 469.69000244
-27.33699989 15.25100040 469.69000244
-27.33699989 15.87600040 469.69000244
-27.33699989 16.50099945 469.69000244
-27.33699989 17.12700081 469.67999268
-27.33699989 17.75300026 469.67999268
-27.33699989 18.37899971 469.69000244
-27.33699989 19.00499916 469.69000244
-27.33699989 19.62999916 469.69000244
-27.33699989 20.25499916 469.67999268
-27.33600044 20.87999916 469.67999268
-27.33600044 21.50499916 469.67999268
-27.33600044 22.13100052 469.67001343
-27.33600044 22.75600052 469.67001343
-27.33499908 23.38199997 469.66000366
-27.33499908 24.00799942 469.66000366
-27.33600044 24.63299942 469.67001343
-27.33600044 25.25900078 469.67001343
-27.33600044 25.88500023 469.67001343
-27.33600044 26.51000023 469.67001343
-27.33600044 27.13599968 469.66000366
-27.33499908 27.76199913 469.66000366
-27.33600044 28.38699913 469.67001343
-27.33600044 29.01300049 469.67001343
-27.33499908 29.63699913 469.66000366
-27.33499908 30.26300049 469.66000366
-27.33499908 30.88899994 469.64999390
-27.33399963 31.51399994 469.64999390
-27.33399963 32.13999939 469.64001465
-27.33399963 32.76499939 469.64001465
-27.33399963 33.39099884 469.64001465
-27.33399963 34.01599884 469.63000488
-27.33399963 34.64099884 469.63000488
-27.33300018 35.26699829 469.63000488
-27.33399963 35.89199829 469.63000488
-27.33300018 36.51699829 469.63000488
-27.33300018 37.14300156 469.61999512
-27.33300018 37.76900101 469.61999512
-27.33300018 38.39400101 469.61999512
-27.33300018 39.01900101 469.61999512
-27.33300018 39.64400101 469.60998535
-27.33200073 40.26900101 469.60998535
-27.33200073 40.89500046 469.60000610
-27.33200073 41.52099991 469.60000610
-27.33099937 42.14599991 469.58999634
-27.33099937 42.77099991 469.58999634
-27.33099937 43.39599991 469.57998657
-27.33099937 44.02000046 469.57998657
-27.32999992 44.64599991 469.57998657
-27.32999992 45.27099991 469.57000732
-26.71199989 45.28300095 469.70001221
-26.71299934 44.65800095 469.70999146
-26.71299934 44.03300095 469.70999146
-26.71299934 43.40800095 469.72000122
-26.71400070 42.78300095 469.72000122
-26.71400070 42.15800095 469.73001099
-26.71400070 41.53300095 469.73001099
-26.71400070 40.90700150 469.73001099
-26.71500015 40.28099823 469.73999023
-26.71500015 39.65499878 469.73999023
-26.71500015 39.02999878 469.73999023
-26.71500015 38.40399933 469.75000000
-26.71500015 37.77899933 469.75000000
-26.71500015 37.15299988 469.75000000
-26.71500015 36.52700043 469.75000000
-26.71500015 35.90200043 469.75000000
-26.71599960 35.27700043 469.76000977
-26.71599960 34.65100098 469.76998901
-26.71599960 34.02600098 469.76998901
-26.71599960 33.40000153 469.76998901
-26.71599960 32.77299881 469.76000977
-26.71599960 32.14799881 469.76998901
-26.71599960 31.52199936 469.76998901
-26.71599960 30.89699936 469.76998901
-26.71699905 30.27099991 469.77999878
-26.71699905 29.64599991 469.77999878
-26.71800041 29.02000046 469.79000854
-26.71800041 28.39500046 469.79998779
-26.71800041 27.77000046 469.79000854
-26.71800041 27.14399910 469.79000854
-26.71800041 26.51700020 469.79000854
-26.71800041 25.89100075 469.79000854
-26.71800041 25.26499939 469.79000854
-26.71699905 24.63899994 469.77999878
-26.71699905 24.01399994 469.77999878
-26.71699905 23.38800049 469.79000854
-26.71800041 22.76300049 469.79000854
-26.71800041 22.13699913 469.79998779
-26.71800041 21.51199913 469.79998779
-26.71800041 20.88599968 469.79998779
-26.71800041 20.26099968 469.79998779
-26.71800041 19.63500023 469.79998779
-26.71899986 19.01000023 469.80999756
-26.71899986 18.38299942 469.80999756
-26.71899986 17.75699997 469.80999756
-26.71899986 17.13199997 469.80999756
-26.71899986 16.50600052 469.80999756
-26.71899986 15.88099957 469.80999756
-26.71899986 15.25500011 469.82000732
-26.71899986 14.62899971 469.80999756
-26.71899986 14.00300026 469.80999756
-26.71899986 13.37699986 469.80999756
-26.71899986 12.75100040 469.80999756
-26.71899986 12.12500000 469.82000732
-26.71999931 11.50000000 469.82998657
-26.71999931 10.87399960 469.82998657
-26.71999931 10.24899960 469.82998657
-26.71899986 9.62290001 469.82000732
-26.71899986 8.99660015 469.82000732
-26.71899986 8.37110043 469.80999756
-26.71899986 7.74550009 469.80999756
-26.71899986 7.11990023 469.82000732
-26.71899986 6.49410009 469.82000732
-26.71899986 5.86810017 469.82000732
-26.71899986 5.24200010 469.82000732
-26.71899986 4.61670017 469.82000732
-26.71899986 3.99099994 469.80999756
-26.71899986 3.36509991 469.80999756
-26.71899986 2.73939991 469.82000732
-26.71899986 2.11339998 469.82000732
-26.71899986 1.48790002 469.82000732
-26.71899986 0.86293000 469.80999756
-26.71800041 0.23616000 469.80999756
-26.71899986 -0.39010000 469.80999756
-26.71899986 -1.01530004 469.80999756
-26.71899986 -1.64059997 469.80999756
-26.71800041 -2.26650000 469.79998779
-26.71800041 -2.89280009 469.79998779
-26.71800041 -3.51850009 469.79998779
-26.71800041 -4.14379978 469.79998779
-26.71800041 -4.76940012 469.79998779
-26.71800041 -5.39499998 469.79998779
-26.71800041 -6.02089977 469.79998779
-26.71699905 -6.64699984 469.79000854
-26.71800041 -7.27260017 469.79000854
-26.71800041 -7.89879990 469.79000854
-26.71800041 -8.52439976 469.79998779
-26.71800041 -9.14960003 469.79998779
-26.71800041 -9.77569962 469.79000854
-26.71800041 -10.40299988 469.79000854
-26.71699905 -11.02799988 469.79000854
-26.71699905 -11.65299988 469.79000854
-26.71800041 -12.27799988 469.79000854
-26.71800041 -12.90299988 469.79000854
-26.71800041 -13.52999973 469.79000854
-26.71699905 -14.15600014 469.79000854
-26.71699905 -14.78100014 469.77999878
-26.71699905 -15.40699959 469.77999878
-26.71699905 -16.03199959 469.77999878
-26.71699905 -16.65800095 469.77999878
-26.71699905 -17.28400040 469.77999878
-26.71599960 -17.90900040 469.76998901
-26.71599960 -18.53400040 469.76998901
-26.71599960 -19.15999985 469.76998901
-26.71599960 -19.78599930 469.76000977
-26.71599960 -20.41200066 469.76998901
-26.71599960 -21.03700066 469.76000977
-26.71599960 -21.66200066 469.76000977
-26.71599960 -22.28700066 469.76000977
-26.71500015 -22.91300011 469.75000000
-26.71500015 -23.53899956 469.75000000
-26.71500015 -24.16399956 469.75000000
-26.71500015 -24.78899956 469.75000000
-26.71500015 -25.41500092 469.75000000
-26.71500015 -26.04000092 469.75000000
-26.71500015 -26.66500092 469.73999023
-26.71500015 -27.29100037 469.73999023
-26.71400070 -29.16699982 469.73001099
-26.71400070 -29.79199982 469.72000122
-26.71400070 -30.41799927 469.73001099
-26.71400070 -31.04400063 469.72000122
-26.71400070 -31.66900063 469.72000122
-26.71400070 -32.29499817 469.73001099
-26.71400070 -32.91999817 469.73001099
-26.71400070 -33.54499817 469.72000122
-26.71299934 -34.16899872 469.70999146
-26.71199989 -34.79499817 469.70001221
-26.71199989 -35.41899872 469.69000244
-26.71199989 -36.04499817 469.69000244
-26.71199989 -36.66999817 469.69000244
-26.71199989 -37.29499817 469.69000244
-26.71199989 -37.91999817 469.69000244
-26.71100044 -38.54499817 469.67999268
-26.71100044 -39.17100143 469.67999268
-26.71100044 -39.79600143 469.67001343
-26.70999908 -40.42100143 469.67001343
-26.71100044 -41.04600143 469.67001343
-26.70999908 -41.67100143 469.67001343
-26.70999908 -42.29700089 469.66000366
-26.70999908 -42.92100143 469.66000366
-26.70999908 -43.54700089 469.66000366
-26.70999908 -44.17300034 469.66000366
-26.70999908 -44.79800034 469.66000366
-26.70999908 -45.42300034 469.66000366
-26.70999908 -46.04800034 469.66000366
-26.70999908 -46.67300034 469.66000366
-26.70999908 -47.29899979 469.64999390
-26.70899963 -47.92300034 469.64001465
-26.70899963 -48.54800034 469.64001465
-26.09000015 -49.81000137 469.75000000
-26.09099960 -49.18600082 469.76000977
-26.09099960 -48.56100082 469.76998901
-26.09099960 -47.93600082 469.76998901
-26.09199905 -47.31100082 469.77999878
-26.09199905 -46.68600082 469.79000854
-26.09199905 -46.06100082 469.79000854
-26.09199905 -45.43500137 469.79000854
-26.09199905 -44.81000137 469.79000854
-26.09199905 -44.18399811 469.79000854
-26.09199905 -43.55799866 469.77999878
-26.09300041 -42.93399811 469.79000854
-26.09199905 -42.30799866 469.79000854
-26.09300041 -41.68299866 469.79000854
-26.09300041 -41.05699921 469.79000854
-26.09300041 -40.43099976 469.79998779
-26.09300041 -39.80699921 469.79998779
-26.09399986 -38.55599976 469.82000732
-26.09399986 -37.93099976 469.82000732
-26.09399986 -37.30500031 469.82000732
-26.09399986 -36.68099976 469.82000732
-26.09399986 -36.05500031 469.82000732
-26.09399986 -35.42900085 469.82000732
-26.09399986 -34.80300140 469.82000732
-26.09499931 -34.17800140 469.82998657
-26.09499931 -33.55300140 469.85000610
-26.09600067 -32.92900085 469.85000610
-26.09600067 -32.30400085 469.85000610
-26.09499931 -31.67700005 469.85000610
-26.09600067 -31.05200005 469.85000610
-26.09600067 -30.42600060 469.85998535
-26.09600067 -29.80100060 469.85998535
-26.09600067 -29.17499924 469.85998535
-26.09600067 -28.54999924 469.85998535
-26.09600067 -26.67200089 469.85998535
-26.09700012 -26.04700089 469.86999512
-26.09700012 -24.79599953 469.86999512
-26.09700012 -24.17000008 469.88000488
-26.09700012 -23.54500008 469.88000488
-26.09700012 -22.91900063 469.88000488
-26.09799957 -22.29299927 469.89001465
-26.09799957 -21.66699982 469.89001465
-26.09799957 -21.04199982 469.89001465
-26.09799957 -20.41699982 469.89001465
-26.09799957 -19.79199982 469.89001465
-26.09799957 -19.16600037 469.89999390
-26.09900093 -18.54100037 469.89999390
-26.09900093 -17.91399956 469.89999390
-26.09900093 -17.28899956 469.89999390
-26.09799957 -16.66300011 469.89999390
-26.09799957 -16.03700066 469.89999390
-26.09900093 -15.41100025 469.89999390
-26.09900093 -14.78499985 469.91000366
-26.09900093 -14.15900040 469.91000366
-26.09900093 -13.53299999 469.91000366
-26.09900093 -12.90699959 469.91000366
-26.09900093 -12.28199959 469.91000366
-26.09900093 -11.65600014 469.91000366
-26.09900093 -11.02999973 469.91000366
-26.09900093 -10.40499973 469.92001343
-26.09900093 -9.77789974 469.92001343
-26.10000038 -9.15200043 469.92001343
-26.10000038 -8.52680016 469.92001343
-26.09900093 -7.90100002 469.92001343
-26.09900093 -7.27530003 469.92001343
-26.09900093 -6.64909983 469.91000366
-26.10000038 -6.02260017 469.92001343
-26.10000038 -5.39620018 469.92001343
-26.10000038 -4.77059984 469.92001343
-26.10000038 -4.14499998 469.92001343
-26.10000038 -3.51929998 469.92001343
-26.10000038 -2.89339995 469.92999268
-26.10000038 -2.26679993 469.92999268
-26.10099983 -1.64100003 469.94000244
-26.10099983 -1.01569998 469.94000244
-26.10000038 -0.38973999 469.94000244
-26.10000038 0.23616000 469.92999268
-26.10099983 0.86293000 469.94000244
-26.10099983 1.48819995 469.94000244
-26.10099983 2.11439991 469.94000244
-26.10000038 2.74060011 469.92999268
-26.10000038 3.36610007 469.92999268
-26.10000038 3.99200010 469.92999268
-26.10000038 4.61810017 469.92999268
-26.10099983 5.24359989 469.94000244
-26.10099983 5.86959982 469.94000244
-26.10099983 6.49569988 469.94000244
-26.10099983 7.12160015 469.94000244
-26.10099983 7.74790001 469.94000244
-26.10099983 8.37339973 469.94000244
-26.10099983 8.99899960 469.94000244
-26.10099983 9.62559986 469.94000244
-26.10099983 10.25100040 469.94000244
-26.10099983 10.87699986 469.95001221
-26.10099983 11.50300026 469.95001221
-26.10099983 12.12899971 469.94000244
-26.10099983 12.75500011 469.94000244
-26.10000038 13.38000011 469.94000244
-26.10000038 14.00599957 469.92999268
-26.10000038 14.63199997 469.94000244
-26.10099983 15.25899982 469.94000244
-26.10000038 15.88500023 469.94000244
-26.10000038 16.51000023 469.92999268
-26.10000038 17.13599968 469.92999268
-26.10000038 17.76199913 469.92999268
-26.10000038 18.38800049 469.92999268
-26.10000038 19.01399994 469.92999268
-26.10000038 19.63999939 469.92999268
-26.10000038 20.26700020 469.92001343
-26.10000038 20.89200020 469.92999268
-26.10000038 21.51799965 469.92999268
-26.10000038 22.14299965 469.92999268
-26.10000038 22.76899910 469.92001343
-26.09900093 23.39399910 469.91000366
-26.09900093 24.02000046 469.89999390
-26.09900093 24.64599991 469.91000366
-26.09900093 25.27199936 469.91000366
-26.10000038 25.89800072 469.92001343
-26.10000038 26.52400017 469.92001343
-26.10000038 27.15099907 469.92001343
-26.10000038 27.77700043 469.92001343
-26.10000038 28.40299988 469.92001343
-26.09900093 29.02799988 469.91000366
-26.09900093 29.65299988 469.89999390
-26.09900093 30.27899933 469.89999390
-26.09799957 30.90500069 469.89999390
-26.09799957 31.53100014 469.89999390
-26.09799957 32.15700150 469.89001465
-26.09799957 32.78200150 469.89001465
-26.09799957 33.40900040 469.89001465
-26.09799957 34.03400040 469.89001465
-26.09799957 34.65999985 469.89001465
-26.09799957 35.28599930 469.89001465
-26.09700012 35.91099930 469.88000488
-26.09700012 36.53699875 469.88000488
-26.09700012 37.16299820 469.86999512
-26.09700012 37.78900146 469.86999512
-26.09700012 38.41500092 469.86999512
-26.09700012 39.04100037 469.86999512
-26.09700012 39.66699982 469.86999512
-26.09700012 40.29199982 469.85998535
-26.09600067 40.91799927 469.85998535
-26.09600067 41.54399872 469.85998535
-26.09600067 42.16799927 469.85000610
-26.09600067 42.79399872 469.85000610
-26.09499931 43.41999817 469.83999634
-26.09499931 44.04499817 469.83999634
-26.09499931 44.66999817 469.82998657
-26.09399986 45.29499817 469.82000732
-25.47500038 45.30699921 469.94000244
-25.47599983 44.68199921 469.95001221
-25.47599983 44.05599976 469.95999146
-25.47699928 43.43099976 469.95999146
-25.47699928 42.80500031 469.95999146
-25.47699928 42.17900085 469.97000122
-25.47699928 41.55400085 469.98001099
-25.47800064 40.92900085 469.98999023
-25.47800064 40.30300140 469.98999023
-25.47800064 39.67800140 469.98999023
-25.47800064 39.05099869 470.00000000
-25.47800064 38.42499924 469.98999023
-25.47800064 37.79899979 470.00000000
-25.47900009 37.17300034 470.00000000
-25.47900009 36.54700089 470.00000000
-25.47900009 35.92100143 470.01000977
-25.47900009 35.29499817 470.01000977
-25.47900009 34.66999817 470.01998901
-25.47999954 34.04399872 470.01998901
-25.47999954 33.41799927 470.01998901
-25.47999954 32.79199982 470.01998901
-25.47999954 32.16600037 470.02999878
-25.47999954 31.54000092 470.02999878
-25.47999954 30.91399956 470.02999878
-25.47999954 30.28800011 470.02999878
-25.47999954 29.66099930 470.02999878
-25.48100090 29.03599930 470.04000854
-25.48100090 28.40900040 470.04000854
-25.48100090 27.78300095 470.04000854
-25.48100090 27.15800095 470.04998779
-25.48100090 26.53199959 470.04998779
-25.48100090 25.90600014 470.04998779
-25.48100090 25.27899933 470.04000854
-25.48100090 24.65200043 470.04000854
-25.47999954 24.02599907 470.02999878
-25.48100090 23.40099907 470.04000854
-25.48100090 22.77499962 470.04998779
-25.48100090 22.14900017 470.04998779
-25.48100090 21.52400017 470.04998779
-25.48100090 20.89800072 470.04998779
-25.48100090 20.27199936 470.04998779
-25.48100090 19.64500046 470.04998779
-25.48100090 19.01799965 470.04998779
-25.48100090 18.39200020 470.04998779
-25.48200035 17.76700020 470.05999756
-25.48200035 17.14100075 470.05999756
-25.48200035 16.51499939 470.05999756
-25.48200035 15.88899994 470.05999756
-25.48200035 13.38399982 470.05999756
-25.48200035 12.75800037 470.05999756
-25.48200035 12.13199997 470.07000732
-25.48299980 11.50599957 470.07000732
-25.48299980 10.88000011 470.07998657
-25.48299980 10.25399971 470.07998657
-25.48200035 9.62839985 470.07000732
-25.48200035 9.00139999 470.05999756
-25.48200035 8.37559986 470.05999756
-25.48200035 7.74989986 470.05999756
-25.48200035 7.12330008 470.05999756
-25.48200035 4.61899996 470.05999756
-25.48100090 3.99340010 470.04998779
-25.48200035 3.36680007 470.05999756
-25.48200035 2.74099994 470.07000732
-25.48299980 2.11479998 470.07000732
-25.48200035 1.48889995 470.05999756
-25.48200035 0.86333001 470.05999756
-25.48200035 0.23616999 470.05999756
-25.48200035 -0.38929999 470.05999756
-25.48200035 -1.01590002 470.05999756
-25.48200035 -1.64199996 470.05999756
-25.48100090 -2.26789999 470.04998779
-25.48100090 -2.89439988 470.04998779
-25.48100090 -3.52040005 470.04000854
-25.48100090 -4.14599991 470.04998779
-25.48100090 -7.27699995 470.04000854
-25.48100090 -7.90329981 470.04000854
-25.48100090 -8.52900028 470.04998779
-25.48100090 -9.15450001 470.04998779
-25.48100090 -9.78020000 470.04000854
-25.48100090 -10.40699959 470.04000854
-25.47999954 -11.03299999 470.02999878
-25.47999954 -11.65999985 470.02999878
-25.47999954 -12.28499985 470.01998901
-25.47999954 -12.90999985 470.02999878
-25.47999954 -13.53699970 470.02999878
-25.47999954 -14.16199970 470.02999878
-25.47999954 -14.78899956 470.01998901
-25.47900009 -15.41499996 470.01998901
-25.47900009 -16.04100037 470.01000977
-25.47999954 -16.66799927 470.01998901
-25.47999954 -17.29400063 470.02999878
-25.47999954 -17.91900063 470.02999878
-25.47999954 -18.54599953 470.01998901
-25.47900009 -19.17099953 470.01998901
-25.47900009 -19.79700089 470.01998901
-25.47900009 -20.42300034 470.01998901
-25.47900009 -21.04800034 470.01998901
-25.47900009 -21.67300034 470.01000977
-25.47900009 -22.29800034 470.01000977
-25.47800064 -22.92499924 470.00000000
-25.47800064 -23.55100060 470.00000000
-25.47800064 -24.17700005 470.00000000
-25.47800064 -24.80299950 470.00000000
-25.47800064 -25.42900085 470.00000000
-25.47800064 -26.05400085 469.98999023
-25.47699928 -26.67900085 469.98001099
-25.47800064 -27.30500031 469.98001099
-25.47699928 -27.93099976 469.98001099
-25.47699928 -28.55699921 469.98001099
-25.47699928 -29.18300056 469.98001099
-25.47699928 -29.80800056 469.98001099
-25.47699928 -30.43400002 469.98001099
-25.47699928 -31.05999947 469.98001099
-25.47699928 -31.68499947 469.97000122
-25.47699928 -32.31100082 469.97000122
-25.47699928 -32.93700027 469.97000122
-25.47699928 -33.56299973 469.97000122
-25.47599983 -34.18700027 469.95001221
-25.47599983 -34.81299973 469.95001221
-25.47500038 -35.43799973 469.94000244
-25.47500038 -36.06399918 469.94000244
-25.47599983 -36.69100189 469.95001221
-25.47599983 -37.31600189 469.95001221
-25.47599983 -37.94200134 469.95001221
-25.47500038 -38.56700134 469.94000244
-25.47500038 -39.19100189 469.94000244
-25.47500038 -39.81700134 469.92999268
-25.47400093 -40.44200134 469.92001343
-25.47400093 -41.06900024 469.92001343
-25.47400093 -41.69400024 469.92001343
-25.47400093 -42.31999969 469.92001343
-25.47400093 -42.94400024 469.91000366
-25.47299957 -44.19499969 469.91000366
-25.47299957 -44.82099915 469.91000366
-25.47400093 -45.44800186 469.92001343
-25.47400093 -46.07300186 469.92001343
-25.47400093 -46.69800186 469.91000366
-25.47299957 -47.32300186 469.89999390
-25.47299957 -47.94900131 469.89001465
-25.47200012 -48.57400131 469.89001465
-25.47200012 -49.19800186 469.88000488
-25.47100067 -49.82199860 469.86999512
-24.85300064 -49.83700180 470.00000000
-24.85400009 -49.21200180 470.01000977
-24.85400009 -48.58700180 470.01000977
-24.85400009 -47.96200180 470.01998901
-24.85400009 -47.33599854 470.02999878
-24.85499954 -46.71099854 470.02999878
-24.85499954 -46.08499908 470.04000854
-24.85499954 -45.45999908 470.04000854
-24.85499954 -44.83300018 470.02999878
-24.85499954 -44.20700073 470.02999878
-24.85499954 -43.58100128 470.02999878
-24.85499954 -42.95600128 470.02999878
-24.85499954 -42.33000183 470.04000854
-24.85499954 -41.70500183 470.04000854
-24.85499954 -41.07899857 470.04998779
-24.85499954 -40.45299911 470.04998779
-24.85600090 -39.82799911 470.04998779
-24.85600090 -39.20199966 470.05999756
-24.85600090 -38.57699966 470.05999756
-24.85700035 -37.95199966 470.07000732
-24.85700035 -37.32500076 470.07000732
-24.85700035 -36.70100021 470.07000732
-24.85600090 -36.07300186 470.05999756
-24.85700035 -35.44699860 470.07000732
-24.85700035 -34.82300186 470.07000732
-24.85700035 -34.19599915 470.07998657
-24.85799980 -33.57199860 470.08999634
-24.85799980 -32.94599915 470.08999634
-24.85799980 -32.31999969 470.08999634
-24.85899925 -31.69400024 470.10998535
-24.85799980 -31.06800079 470.10000610
-24.85899925 -30.44300079 470.10998535
-24.85899925 -29.81699944 470.10998535
-24.85899925 -29.19000053 470.10998535
-24.85799980 -28.56399918 470.10000610
-24.85799980 -27.93799973 470.10000610
-24.85799980 -27.31299973 470.10000610
-24.85899925 -26.68700027 470.10998535
-24.85899925 -26.06100082 470.10998535
-24.85899925 -25.43499947 470.11999512
-24.85899925 -24.80900002 470.11999512
-24.85899925 -24.18300056 470.11999512
-24.85899925 -23.55699921 470.11999512
-24.86000061 -22.93099976 470.13000488
-24.86000061 -22.30500031 470.13000488
-24.86000061 -21.68000031 470.14001465
-24.86000061 -21.05400085 470.14001465
-24.86000061 -20.42799950 470.13000488
-24.86000061 -19.80200005 470.14001465
-24.86000061 -19.17499924 470.13000488
-24.86000061 -18.55100060 470.14001465
-24.86000061 -17.92300034 470.14001465
-24.86100006 -17.29700089 470.14999390
-24.86100006 -16.67200089 470.14999390
-24.86100006 -16.04500008 470.14999390
-24.86100006 -15.41899967 470.14999390
-24.86100006 -14.79199982 470.14999390
-24.86100006 -14.16600037 470.14999390
-24.86100006 -13.54100037 470.14999390
-24.86100006 -12.91499996 470.14999390
-24.86100006 -12.28899956 470.14999390
-24.86100006 -11.03600025 470.16000366
-24.86199951 -10.40900040 470.16000366
-24.86199951 -9.78230000 470.16000366
-24.86199951 -9.15649986 470.17001343
-24.86199951 -8.53059959 470.17999268
-24.86199951 -7.90539980 470.17001343
-24.86199951 -7.27880001 470.17001343
-24.86199951 -6.65250015 470.17001343
-24.86199951 -6.02570009 470.17001343
-24.86199951 -5.39930010 470.17999268
-24.86199951 -4.77400017 470.17001343
-24.86199951 -3.52139997 470.17001343
-24.86199951 -2.89499998 470.17001343
-24.86199951 -2.26900005 470.17999268
-24.86199951 -1.64250004 470.17999268
-24.86199951 -1.01619995 470.17001343
-24.86199951 -0.38951001 470.17001343
-24.86199951 0.23632000 470.17999268
-24.86199951 0.86242002 470.17999268
-24.86300087 1.48940003 470.17999268
-24.86300087 2.11529994 470.17999268
-24.86300087 2.74200010 470.17999268
-24.86300087 3.36820006 470.17999268
-24.86199951 3.99419999 470.17999268
-24.86300087 4.62069988 470.19000244
-24.86300087 5.24650002 470.20001221
-24.86400032 5.87209988 470.20001221
-24.86300087 6.49819994 470.20001221
-24.86300087 7.12550020 470.19000244
-24.86300087 7.75209999 470.19000244
-24.86300087 8.37819958 470.19000244
-24.86300087 9.00389957 470.19000244
-24.86300087 9.63029957 470.19000244
-24.86300087 10.25599957 470.19000244
-24.86300087 10.88300037 470.20001221
-24.86300087 11.50899982 470.20001221
-24.86300087 12.13500023 470.19000244
-24.86300087 14.01399994 470.19000244
-24.86300087 14.64000034 470.19000244
-24.86300087 15.26599979 470.19000244
-24.86300087 15.89299965 470.19000244
-24.86300087 16.52000046 470.19000244
-24.86300087 17.14500046 470.17999268
-24.86300087 17.77099991 470.17999268
-24.86199951 18.39699936 470.17001343
-24.86199951 19.02300072 470.17001343
-24.86199951 19.64999962 470.17001343
-24.86199951 20.27700043 470.17001343
-24.86199951 20.90299988 470.17999268
-24.86300087 21.53000069 470.17999268
-24.86300087 22.15600014 470.17999268
-24.86300087 22.78199959 470.17999268
-24.86199951 23.40800095 470.17001343
-24.86199951 24.03300095 470.16000366
-24.86199951 24.65900040 470.17001343
-24.86199951 25.28599930 470.17001343
-24.86199951 25.91300011 470.17999268
-24.86300087 26.54000092 470.17999268
-24.86199951 27.16500092 470.17001343
-24.86100006 27.79000092 470.16000366
-24.86100006 28.41600037 470.14999390
-24.86100006 29.04299927 470.14999390
-24.86100006 29.66900063 470.14999390
-24.86100006 30.29599953 470.14999390
-24.86100006 30.92200089 470.14999390
-24.86100006 31.54800034 470.14999390
-24.86100006 32.17399979 470.14999390
-24.86100006 32.79999924 470.14999390
-24.86100006 33.42699814 470.14001465
-24.86100006 34.05300140 470.14001465
-24.86000061 34.67900085 470.14001465
-24.86000061 35.30400085 470.13000488
-24.86000061 35.93099976 470.13000488
-24.86000061 36.55599976 470.13000488
-24.86000061 37.18199921 470.11999512
-24.86000061 37.80899811 470.11999512
-24.85899925 38.43399811 470.11999512
-24.85899925 39.06100082 470.11999512
-24.85899925 39.68799973 470.11999512
-24.85899925 40.31399918 470.11999512
-24.85899925 40.93899918 470.10998535
-24.85799980 41.56499863 470.10000610
-24.85799980 42.18899918 470.08999634
-24.85799980 42.81600189 470.07998657
-24.85799980 43.44200134 470.07998657
-24.85700035 44.06800079 470.07998657
-24.85700035 44.69300079 470.07000732
-24.85700035 45.31800079 470.07000732
-24.23800087 45.33000183 470.20001221
-24.23800087 44.70600128 470.20001221
-24.23800087 44.08000183 470.20999146
-24.23900032 43.45399857 470.20999146
-24.23800087 42.82799911 470.20999146
-24.23900032 42.20100021 470.22000122
-24.23999977 41.57600021 470.23001099
-24.23999977 40.95000076 470.23999023
-24.23999977 40.32500076 470.23999023
-24.23999977 39.69800186 470.23999023
-24.23999977 39.07099915 470.23999023
-24.23999977 38.44400024 470.23999023
-24.23999977 37.81900024 470.25000000
-24.24099922 37.19200134 470.25000000
-24.24099922 36.56600189 470.25000000
-24.24099922 35.93999863 470.25000000
-24.24099922 35.31299973 470.25000000
-24.24099922 34.68799973 470.26000977
-24.24099922 34.06100082 470.26000977
-24.24099922 33.43500137 470.26000977
-24.24200058 32.80799866 470.26998901
-24.24200058 32.18299866 470.26998901
-24.24200058 31.55699921 470.27999878
-24.24200058 30.93000031 470.26998901
-24.24200058 30.30400085 470.26998901
-24.24200058 29.67600060 470.27999878
-24.24200058 29.04999924 470.27999878
-24.24200058 28.42300034 470.26998901
-24.24200058 27.79700089 470.27999878
-24.24300003 27.17099953 470.29000854
-24.24300003 26.54599953 470.29998779
-24.24300003 25.91900063 470.29998779
-24.24300003 25.29299927 470.29998779
-24.24300003 24.66600037 470.29998779
-24.24300003 24.04000092 470.29998779
-24.24300003 23.41399956 470.29998779
-24.24399948 22.78700066 470.30999756
-24.24399948 22.16200066 470.30999756
-24.24300003 21.53499985 470.29998779
-24.24300003 20.90800095 470.29998779
-24.24300003 20.28199959 470.29000854
-24.24300003 19.65500069 470.29000854
-24.24300003 19.02799988 470.29998779
-24.24300003 18.40200043 470.29998779
-24.24399948 17.77599907 470.30999756
-24.24399948 17.14999962 470.30999756
-24.24399948 16.52400017 470.30999756
-24.24399948 15.89700031 470.32000732
-24.24399948 15.27000046 470.32000732
-24.24399948 14.64400005 470.32000732
-24.24399948 14.01799965 470.32000732
-24.24399948 12.13799953 470.32000732
-24.24399948 11.51200008 470.32000732
-24.24399948 10.88599968 470.32998657
-24.24399948 10.25899982 470.32000732
-24.24399948 9.63319969 470.32000732
-24.24399948 9.00739956 470.32000732
-24.24399948 8.38049984 470.32000732
-24.24399948 7.75419998 470.32000732
-24.24399948 7.12750006 470.32000732
-24.24399948 6.49959993 470.32000732
-24.24399948 5.87340021 470.32998657
-24.24399948 5.24779987 470.32000732
-24.24399948 4.62190008 470.32000732
-24.24399948 3.99510002 470.30999756
-24.24399948 3.36890006 470.32000732
-24.24399948 2.74230003 470.32000732
-24.24399948 2.11509991 470.32000732
-24.24399948 1.48959994 470.30999756
-24.24399948 0.86198997 470.30999756
-24.24300003 0.23623000 470.30999756
-24.24300003 -0.38975000 470.29998779
-24.24399948 -1.01629996 470.30999756
-24.24300003 -1.64250004 470.29998779
-24.24300003 -2.26929998 470.29998779
-24.24300003 -2.89569998 470.29998779
-24.24300003 -4.77540016 470.29998779
-24.24300003 -5.40100002 470.29998779
-24.24300003 -6.02729988 470.29998779
-24.24300003 -6.65420008 470.29998779
-24.24300003 -7.28049994 470.29998779
-24.24300003 -7.90679979 470.29998779
-24.24300003 -8.53209972 470.29000854
-24.24200058 -9.15880013 470.29000854
-24.24200058 -9.78470039 470.27999878
-24.24200058 -10.41199970 470.27999878
-24.24200058 -11.03800011 470.27999878
-24.24200058 -11.66499996 470.27999878
-24.24200058 -12.29199982 470.26998901
-24.24099922 -12.91800022 470.26998901
-24.24099922 -13.54399967 470.26998901
-24.24099922 -14.17000008 470.26998901
-24.24099922 -14.79599953 470.26998901
-24.24200058 -15.42300034 470.26998901
-24.24200058 -16.04899979 470.27999878
-24.24200058 -16.67600060 470.27999878
-24.24200058 -17.30200005 470.26998901
-24.24099922 -17.92799950 470.26998901
-24.24099922 -18.55500031 470.26998901
-24.24099922 -19.18099976 470.26000977
-24.24099922 -19.80699921 470.26000977
-24.24099922 -20.43300056 470.25000000
-24.24099922 -21.05900002 470.25000000
-24.24099922 -21.68600082 470.26000977
-24.24099922 -22.31100082 470.26000977
-24.23999977 -22.93600082 470.25000000
-24.23999977 -23.56200027 470.23999023
-24.23999977 -24.18899918 470.23999023
-24.23999977 -24.81599998 470.23999023
-24.23999977 -25.44199944 470.23999023
-24.23999977 -26.06800079 470.23999023
-24.23900032 -26.69400024 470.23001099
-24.23900032 -27.31999969 470.23001099
-24.23900032 -27.94499969 470.23001099
-24.23900032 -28.57099915 470.23001099
-24.23900032 -29.19799995 470.23001099
-24.23900032 -29.82399940 470.23001099
-24.23900032 -30.45100021 470.23001099
-24.23900032 -31.07600021 470.23001099
-24.23900032 -31.70199966 470.22000122
-24.23900032 -32.32799911 470.22000122
-24.23800087 -32.95399857 470.20999146
-24.23800087 -33.58000183 470.20999146
-24.23800087 -34.20600128 470.20001221
-24.23699951 -34.83100128 470.19000244
-24.23699951 -36.70999908 470.19000244
-24.23699951 -37.33599854 470.19000244
-24.23699951 -37.96099854 470.19000244
-24.23699951 -38.58599854 470.19000244
-24.23699951 -39.21200180 470.17999268
-24.23600006 -40.46400070 470.17001343
-24.23600006 -41.09099960 470.17001343
-24.23600006 -41.71699905 470.17001343
-24.23600006 -42.34199905 470.17001343
-24.23600006 -42.96799850 470.16000366
-24.23600006 -43.59400177 470.16000366
-24.23500061 -44.21900177 470.16000366
-24.23600006 -44.84500122 470.16000366
-24.23600006 -45.47100067 470.16000366
-24.23500061 -46.09700012 470.14999390
-24.23500061 -46.72299957 470.14999390
-24.23500061 -47.34799957 470.14999390
-24.23500061 -47.97499847 470.14001465
-24.23399925 -48.59999847 470.14001465
-24.23399925 -49.22499847 470.13000488
-24.23399925 -49.84999847 470.11999512
-23.61400032 -49.86299896 470.25000000
-23.61499977 -49.23799896 470.26000977
-23.61499977 -48.61299896 470.26000977
-23.61499977 -47.98699951 470.26998901
-23.61599922 -47.36199951 470.26998901
-23.61599922 -46.73500061 470.26998901
-23.61599922 -46.10900116 470.27999878
-23.61599922 -45.48300171 470.27999878
-23.61599922 -44.85699844 470.27999878
-23.61599922 -44.23199844 470.29000854
-23.61700058 -43.60599899 470.29000854
-23.61599922 -42.97900009 470.29000854
-23.61599922 -42.35200119 470.27999878
-23.61599922 -41.72700119 470.29000854
-23.61700058 -41.10200119 470.29998779
-23.61700058 -40.47600174 470.29998779
-23.61700058 -39.84999847 470.29998779
-23.61800003 -39.22399902 470.30999756
-23.61700058 -38.59600067 470.29998779
-23.61800003 -37.97100067 470.30999756
-23.61800003 -37.34500122 470.30999756
-23.61800003 -36.72000122 470.30999756
-23.61800003 -35.46699905 470.32000732
-23.61899948 -34.84199905 470.32998657
-23.61899948 -34.21599960 470.33999634
-23.61899948 -33.59000015 470.33999634
-23.61899948 -32.96300125 470.33999634
-23.61899948 -32.33599854 470.33999634
-23.61899948 -31.71100044 470.35000610
-23.62000084 -31.08499908 470.35000610
-23.62000084 -30.45899963 470.35998535
-23.62000084 -29.83200073 470.35000610
-23.62000084 -29.20599937 470.35998535
-23.62000084 -28.57999992 470.35998535
-23.62000084 -27.95400047 470.35998535
-23.62000084 -27.32900047 470.35998535
-23.62000084 -26.70100021 470.35998535
-23.62000084 -26.07500076 470.36999512
-23.62000084 -25.44899940 470.36999512
-23.62100029 -24.82299995 470.36999512
-23.62100029 -24.19700050 470.36999512
-23.62100029 -23.56800079 470.36999512
-23.62100029 -22.94300079 470.38000488
-23.62100029 -22.31800079 470.38000488
-23.62100029 -21.69199944 470.38000488
-23.62100029 -21.06500053 470.38000488
-23.62100029 -20.43799973 470.38000488
-23.62199974 -19.81200027 470.39001465
-23.62199974 -19.18499947 470.39001465
-23.62199974 -18.55999947 470.39001465
-23.62199974 -17.93300056 470.39999390
-23.62199974 -17.30699921 470.39999390
-23.62199974 -16.68000031 470.39999390
-23.62199974 -16.05400085 470.39999390
-23.62199974 -15.42700005 470.39999390
-23.62199974 -14.80000019 470.39999390
-23.62199974 -14.17399979 470.39999390
-23.62199974 -13.54800034 470.39999390
-23.62199974 -12.92199993 470.39999390
-23.62199974 -12.29500008 470.39999390
-23.62199974 -11.66800022 470.39999390
-23.62199974 -9.78750038 470.41000366
-23.62199974 -9.16149998 470.41000366
-23.62299919 -8.53470039 470.41000366
-23.62299919 -7.90910006 470.42001343
-23.62299919 -7.28240013 470.42001343
-23.62400055 -6.65579987 470.42999268
-23.62400055 -6.02890015 470.42999268
-23.62299919 -5.40290022 470.42001343
-23.62299919 -4.77670002 470.42001343
-23.62299919 -1.64300001 470.42001343
-23.62400055 -1.01629996 470.42999268
-23.62400055 -0.38975999 470.42999268
-23.62400055 0.23649999 470.42999268
-23.62400055 0.86267000 470.44000244
-23.62400055 1.48979998 470.44000244
-23.62400055 2.11570001 470.44000244
-23.62400055 2.74349999 470.44000244
-23.62500000 3.36989999 470.45001221
-23.62500000 3.99600005 470.45001221
-23.62500000 4.62309980 470.45001221
-23.62400055 5.24910021 470.44000244
-23.62500000 5.87510014 470.45001221
-23.62400055 6.50150013 470.44000244
-23.62400055 7.12930012 470.45001221
-23.62400055 7.75579977 470.44000244
-23.62400055 8.38269997 470.44000244
-23.62400055 9.00979996 470.44000244
-23.62500000 9.63549995 470.45001221
-23.62500000 10.26200008 470.45001221
-23.62500000 10.88799953 470.45001221
-23.62400055 11.51399994 470.44000244
-23.62400055 12.14099979 470.44000244
-23.62400055 14.02200031 470.44000244
-23.62400055 14.64799976 470.44000244
-23.62400055 15.27400017 470.44000244
-23.62400055 15.90100002 470.44000244
-23.62400055 16.52799988 470.44000244
-23.62400055 17.15500069 470.44000244
-23.62400055 17.78100014 470.42999268
-23.62400055 18.40800095 470.42999268
-23.62299919 19.03400040 470.42001343
-23.62299919 19.65999985 470.42001343
-23.62299919 20.28599930 470.42001343
-23.62299919 20.91300011 470.42001343
-23.62299919 21.54000092 470.42001343
-23.62400055 22.16699982 470.42999268
-23.62400055 22.79400063 470.42999268
-23.62400055 23.42099953 470.42999268
-23.62400055 24.04700089 470.42999268
-23.62299919 24.67200089 470.42001343
-23.62299919 25.29999924 470.42001343
-23.62299919 25.92600060 470.42001343
-23.62299919 26.55299950 470.42001343
-23.62299919 27.17900085 470.41000366
-23.62199974 27.80400085 470.39999390
-23.62199974 28.43099976 470.39999390
-23.62199974 29.05699921 470.39999390
-23.62199974 29.68400002 470.39999390
-23.62199974 30.31100082 470.39999390
-23.62199974 30.93799973 470.39999390
-23.62199974 31.56399918 470.39999390
-23.62199974 32.19100189 470.39999390
-23.62199974 32.81700134 470.39001465
-23.62199974 33.44300079 470.38000488
-23.62100029 34.06999969 470.38000488
-23.62100029 34.69599915 470.38000488
-23.62100029 35.32199860 470.36999512
-23.62100029 35.95000076 470.38000488
-23.62100029 37.20299911 470.38000488
-23.62100029 37.82899857 470.36999512
-23.62100029 38.45399857 470.35998535
-23.62000084 39.08100128 470.35998535
-23.62000084 39.70800018 470.35998535
-23.62100029 40.33499908 470.36999512
-23.62000084 40.96099854 470.35998535
-23.62000084 41.58700180 470.35998535
-23.62000084 42.21300125 470.35000610
-23.61899948 42.84000015 470.33999634
-23.61899948 43.46599960 470.33999634
-23.61899948 44.09199905 470.33999634
-23.61899948 44.71799850 470.32998657
-23.61800003 45.34199905 470.32000732
-22.99799919 45.35400009 470.44000244
-22.99900055 44.72900009 470.45001221
-22.99900055 44.10400009 470.45999146
-22.99900055 43.47800064 470.45999146
-22.99900055 42.85200119 470.45999146
-23.00000000 42.22399902 470.47000122
-23.00000000 41.59799957 470.48001099
-23.00000000 40.97200012 470.48001099
-23.00099945 40.34500122 470.48999023
-23.00000000 39.71799850 470.48999023
-23.00099945 39.09199905 470.48999023
-23.00099945 38.46500015 470.48999023
-23.00099945 37.83900070 470.50000000
-23.00099945 37.21300125 470.50000000
-23.00099945 36.58599854 470.50000000
-23.00099945 35.95899963 470.50000000
-23.00099945 35.33200073 470.50000000
-23.00200081 34.70500183 470.51000977
-23.00200081 34.07899857 470.51000977
-23.00200081 33.45199966 470.51998901
-23.00200081 32.82600021 470.51998901
-23.00200081 32.20000076 470.51998901
-23.00200081 31.57299995 470.51998901
-23.00200081 30.94599915 470.51998901
-23.00200081 30.31900024 470.51998901
-23.00200081 29.69199944 470.52999878
-23.00200081 29.06500053 470.52999878
-23.00200081 28.43899918 470.52999878
-23.00200081 27.81200027 470.52999878
-23.00300026 27.18600082 470.52999878
-23.00300026 26.55999947 470.54000854
-23.00300026 25.93199921 470.54000854
-23.00300026 25.30599976 470.54000854
-23.00300026 24.67900085 470.54998779
-23.00399971 24.05299950 470.54998779
-23.00399971 23.42700005 470.54998779
-23.00399971 22.79999924 470.54998779
-23.00399971 22.17300034 470.54998779
-23.00300026 21.54500008 470.54998779
-23.00300026 20.91799927 470.54000854
-23.00300026 20.29199982 470.54000854
-23.00300026 19.66500092 470.54000854
-23.00300026 19.03899956 470.54998779
-23.00399971 18.41200066 470.54998779
-23.00399971 17.78599930 470.55999756
-23.00399971 17.15800095 470.55999756
-23.00399971 16.53100014 470.55999756
-23.00399971 15.90499973 470.57000732
-23.00399971 15.27799988 470.57000732
-23.00399971 14.65200043 470.57000732
-23.00399971 14.02600002 470.55999756
-23.00399971 13.39799976 470.55999756
-23.00399971 12.14500046 470.55999756
-23.00399971 11.51700020 470.55999756
-23.00499916 10.89000034 470.57000732
-23.00499916 10.26399994 470.57000732
-23.00499916 9.63809967 470.57000732
-23.00399971 9.01200008 470.57000732
-23.00499916 8.38500023 470.57000732
-23.00499916 7.75799990 470.57000732
-23.00499916 7.13119984 470.57000732
-23.00499916 6.50430012 470.57000732
-23.00399971 5.87650013 470.55999756
-23.00399971 5.25019979 470.55999756
-23.00399971 4.62389994 470.55999756
-23.00399971 3.99729991 470.57000732
-23.00399971 3.37059999 470.55999756
-23.00399971 2.74429989 470.55999756
-23.00399971 2.11640000 470.55999756
-23.00399971 1.48979998 470.55999756
-23.00399971 0.86317003 470.57000732
-23.00399971 0.23679000 470.55999756
-23.00399971 -0.38971001 470.55999756
-23.00399971 -1.01619995 470.54998779
-23.00300026 -4.77799988 470.54000854
-23.00300026 -5.40439987 470.54998779
-23.00399971 -6.03090000 470.54998779
-23.00399971 -6.65759993 470.55999756
-23.00399971 -7.28450012 470.55999756
-23.00300026 -7.91099977 470.54000854
-23.00300026 -8.53750038 470.54000854
-23.00300026 -9.16429996 470.52999878
-23.00200081 -11.04399967 470.52999878
-23.00200081 -13.55200005 470.52999878
-23.00300026 -14.17800045 470.52999878
-23.00300026 -14.80399990 470.52999878
-23.00300026 -15.43099976 470.52999878
-23.00300026 -16.05800056 470.52999878
-23.00200081 -16.68499947 470.52999878
-23.00200081 -17.31100082 470.52999878
-23.00200081 -17.93799973 470.51998901
-23.00200081 -18.56500053 470.51998901
-23.00200081 -19.19099998 470.51998901
-23.00200081 -19.81800079 470.51998901
-23.00099945 -20.44400024 470.51000977
-23.00099945 -21.06999969 470.50000000
-23.00099945 -21.69700050 470.50000000
-23.00099945 -22.32299995 470.50000000
-23.00099945 -22.94899940 470.50000000
-23.00000000 -23.57500076 470.48999023
-23.00000000 -24.20299911 470.48999023
-23.00099945 -24.82900047 470.48999023
-23.00099945 -25.45499992 470.48999023
-23.00000000 -26.08200073 470.48999023
-23.00000000 -26.70800018 470.48001099
-23.00000000 -27.33600044 470.48001099
-23.00000000 -27.96199989 470.48999023
-23.00000000 -28.58799934 470.48999023
-23.00000000 -29.21400070 470.48999023
-23.00000000 -29.84000015 470.48001099
-23.00000000 -30.46699905 470.48001099
-23.00000000 -31.09300041 470.47000122
-22.99900055 -31.71800041 470.45999146
-22.99900055 -32.34600067 470.45999146
-22.99900055 -32.97200012 470.45999146
-22.99900055 -33.59899902 470.45999146
-22.99900055 -34.22499847 470.45999146
-22.99900055 -34.85100174 470.45001221
-22.99799919 -35.47600174 470.45001221
-22.99799919 -36.72900009 470.44000244
-22.99799919 -37.35499954 470.44000244
-22.99799919 -37.98099899 470.44000244
-22.99799919 -38.60699844 470.42999268
-22.99799919 -39.23400116 470.42999268
-22.99699974 -39.86000061 470.42999268
-22.99699974 -40.48600006 470.42999268
-22.99699974 -41.11299896 470.42001343
-22.99699974 -41.73799896 470.41000366
-22.99699974 -42.36399841 470.41000366
-22.99699974 -42.99100113 470.41000366
-22.99699974 -43.61700058 470.41000366
-22.99699974 -44.24300003 470.41000366
-22.99600029 -44.86899948 470.39999390
-22.99600029 -45.49499893 470.39999390
-22.99600029 -46.12200165 470.41000366
-22.99699974 -46.74900055 470.41000366
-22.99600029 -47.37500000 470.41000366
-22.99600029 -48.00000000 470.39001465
-22.99500084 -48.62599945 470.38000488
-22.99500084 -49.25199890 470.38000488
-22.99500084 -49.87699890 470.38000488
-22.37500000 -49.88999939 470.48999023
-22.37500000 -49.26399994 470.50000000
-22.37500000 -48.63800049 470.51000977
-22.37599945 -48.01300049 470.51998901
-22.37599945 -47.38800049 470.52999878
-22.37599945 -46.76100159 470.52999878
-22.37599945 -46.13399887 470.52999878
-22.37599945 -45.50600052 470.51998901
-22.37599945 -44.88000107 470.52999878
-22.37700081 -44.25500107 470.54000854
-22.37700081 -43.62900162 470.54000854
-22.37700081 -43.00299835 470.54000854
-22.37700081 -42.37500000 470.54000854
-22.37700081 -41.74900055 470.54000854
-22.37700081 -41.12300110 470.54998779
-22.37700081 -40.49700165 470.54998779
-22.37700081 -39.87099838 470.55999756
-22.37800026 -39.24399948 470.55999756
-22.37800026 -38.61700058 470.55999756
-22.37800026 -37.99100113 470.55999756
-22.37800026 -36.73799896 470.55999756
-22.37800026 -35.48500061 470.57000732
-22.37899971 -34.86000061 470.57998657
-22.37899971 -34.23400116 470.57998657
-22.37899971 -33.60699844 470.57998657
-22.37899971 -32.97999954 470.57998657
-22.37899971 -31.72699928 470.58999634
-22.37899971 -31.10000038 470.58999634
-22.37999916 -30.47500038 470.60000610
-22.37999916 -29.84799957 470.60000610
-22.37999916 -29.22200012 470.60998535
-22.37999916 -28.59600067 470.60998535
-22.37999916 -27.96999931 470.60998535
-22.37999916 -27.34300041 470.60998535
-22.37999916 -26.71500015 470.60998535
-22.37999916 -26.08799934 470.60998535
-22.37999916 -25.46100044 470.60998535
-22.37999916 -24.83499908 470.60998535
-22.38100052 -24.20999908 470.61999512
-22.37999916 -23.58099937 470.61999512
-22.38100052 -22.95599937 470.61999512
-22.38100052 -22.32900047 470.61999512
-22.37999916 -21.70199966 470.61999512
-22.38100052 -21.07600021 470.61999512
-22.38100052 -20.44899940 470.63000488
-22.38100052 -19.82299995 470.64001465
-22.38199997 -19.19599915 470.64001465
-22.38199997 -18.56999969 470.64001465
-22.38199997 -17.94300079 470.64001465
-22.38199997 -17.31599998 470.64001465
-22.38199997 -16.68899918 470.64999390
-22.38199997 -16.06200027 470.64999390
-22.38199997 -15.43500042 470.64999390
-22.38199997 -14.80799961 470.66000366
-22.38199997 -14.18200016 470.66000366
-22.38199997 -13.55599976 470.64999390
-22.38199997 -12.92899990 470.64999390
-22.38199997 -12.30200005 470.64999390
-22.38199997 -11.67399979 470.64999390
-22.38199997 -11.04699993 470.64999390
-22.38299942 -7.91330004 470.66000366
-22.38299942 -7.28649998 470.67001343
-22.38299942 -6.65929985 470.67999268
-22.38299942 -6.03249979 470.67001343
-22.38299942 -5.40530014 470.67001343
-22.38299942 -4.77890015 470.67001343
-22.38299942 -1.01600003 470.67999268
-22.38299942 -0.38905999 470.67999268
-22.38400078 0.23717000 470.67999268
-22.38400078 0.86361998 470.70001221
-22.38400078 1.49020004 470.69000244
-22.38400078 2.11660004 470.69000244
-22.38400078 2.74489999 470.70001221
-22.38400078 3.37089992 470.67999268
-22.38400078 3.99830008 470.69000244
-22.38400078 4.62519979 470.69000244
-22.38400078 5.25159979 470.69000244
-22.38400078 5.87839985 470.69000244
-22.38400078 6.50579977 470.69000244
-22.38400078 7.13259983 470.69000244
-22.38400078 7.75960016 470.69000244
-22.38400078 8.38679981 470.69000244
-22.38400078 9.01410007 470.69000244
-22.38400078 9.64120007 470.69000244
-22.38400078 10.26799965 470.69000244
-22.38400078 10.89400005 470.69000244
-22.38400078 11.52000046 470.69000244
-22.38400078 12.14799976 470.69000244
-22.38400078 13.40200043 470.69000244
-22.38400078 14.02900028 470.69000244
-22.38400078 14.65600014 470.69000244
-22.38400078 15.28199959 470.69000244
-22.38400078 15.90999985 470.67999268
-22.38400078 16.53499985 470.67999268
-22.38400078 17.16300011 470.67999268
-22.38299942 17.79000092 470.67999268
-22.38299942 18.41699982 470.67001343
-22.38299942 19.04400063 470.67001343
-22.38299942 19.67000008 470.67001343
-22.38299942 20.29700089 470.67001343
-22.38299942 20.92399979 470.67001343
-22.38299942 21.55100060 470.67001343
-22.38299942 22.17799950 470.67001343
-22.38299942 22.80500031 470.67999268
-22.38400078 23.43300056 470.67999268
-22.38299942 24.05999947 470.67999268
-22.38299942 24.68499947 470.67001343
-22.38299942 25.31200027 470.66000366
-22.38299942 25.93899918 470.66000366
-22.38299942 26.56599998 470.66000366
-22.38299942 27.19300079 470.66000366
-22.38199997 27.81999969 470.66000366
-22.38299942 28.44700050 470.66000366
-22.38299942 29.07399940 470.66000366
-22.38299942 29.70100021 470.66000366
-22.38299942 30.32699966 470.66000366
-22.38299942 30.95499992 470.66000366
-22.38199997 31.58099937 470.66000366
-22.38199997 32.20800018 470.64999390
-22.38199997 32.83499908 470.64999390
-22.38199997 33.46200180 470.64001465
-22.38199997 34.08800125 470.64001465
-22.38100052 34.71500015 470.64001465
-22.38100052 35.34099960 470.63000488
-22.38100052 35.96799850 470.63000488
-22.38100052 36.59500122 470.63000488
-22.38100052 37.22200012 470.63000488
-22.38100052 37.84899902 470.61999512
-22.38100052 38.47600174 470.61999512
-22.38100052 39.10300064 470.61999512
-22.37999916 39.72900009 470.60998535
-22.37999916 40.35599899 470.60998535
-22.37999916 40.98199844 470.60000610
-22.37999916 41.60900116 470.60000610
-22.37899971 42.23500061 470.58999634
-22.37899971 42.86199951 470.58999634
-22.37899971 43.48899841 470.57998657
-22.37899971 44.11500168 470.57998657
-22.37800026 44.74100113 470.57000732
-22.37800026 45.36600113 470.55999756
-21.75799942 45.37900162 470.69000244
-21.75799942 44.75299835 470.70001221
-21.75799942 44.12699890 470.70001221
-21.75900078 43.50000000 470.70999146
-21.75900078 42.87200165 470.70999146
-21.75900078 42.24499893 470.70999146
-21.75900078 41.61899948 470.72000122
-21.75900078 40.99200058 470.72000122
-21.75900078 40.36500168 470.73001099
-21.76000023 39.73899841 470.73001099
-21.76000023 39.11199951 470.73999023
-21.76000023 38.48500061 470.73999023
-21.76000023 37.85900116 470.73999023
-21.76000023 37.23199844 470.75000000
-21.76000023 36.60499954 470.75000000
-21.76099968 35.97800064 470.75000000
-21.76099968 35.35100174 470.76000977
-21.76099968 34.72399902 470.76000977
-21.76099968 34.09700012 470.76000977
-21.76099968 33.47000122 470.76998901
-21.76199913 32.84400177 470.77999878
-21.76199913 32.21699905 470.77999878
-21.76199913 31.59000015 470.77999878
-21.76199913 30.96299934 470.77999878
-21.76199913 30.33600044 470.79000854
-21.76199913 29.70899963 470.79000854
-21.76199913 29.08200073 470.79000854
-21.76199913 28.45499992 470.79000854
-21.76199913 27.82699966 470.77999878
-21.76199913 27.20000076 470.79000854
-21.76199913 26.57299995 470.79000854
-21.76199913 25.94599915 470.79000854
-21.76199913 25.31900024 470.79000854
-21.76199913 24.69300079 470.79000854
-21.76300049 24.06599998 470.79998779
-21.76300049 23.43799973 470.79998779
-21.76300049 22.81100082 470.79998779
-21.76300049 22.18300056 470.79998779
-21.76300049 21.55599976 470.79998779
-21.76300049 20.93000031 470.79998779
-21.76199913 20.30299950 470.79000854
-21.76199913 19.67600060 470.79000854
-21.76199913 19.04899979 470.79000854
-21.76199913 18.42099953 470.79000854
-21.76199913 17.79400063 470.79000854
-21.76300049 17.16699982 470.79998779
-21.76300049 16.54000092 470.79998779
-21.76300049 15.91300011 470.79998779
-21.76300049 15.28600025 470.80999756
-21.76300049 14.65999985 470.80999756
-21.76300049 14.03299999 470.80999756
-21.76300049 13.40499973 470.80999756
-21.76300049 12.15100002 470.80999756
-21.76300049 11.52400017 470.82000732
-21.76399994 10.89700031 470.82000732
-21.76399994 10.27000046 470.82000732
-21.76300049 9.64360046 470.82000732
-21.76300049 9.01640034 470.80999756
-21.76300049 8.38869953 470.80999756
-21.76300049 7.76119995 470.80999756
-21.76300049 7.13399982 470.80999756
-21.76300049 6.50689983 470.80999756
-21.76300049 5.25279999 470.79998779
-21.76300049 2.74399996 470.80999756
-21.76300049 2.11730003 470.82000732
-21.76300049 1.49070001 470.80999756
-21.76300049 0.86404997 470.80999756
-21.76300049 0.23714000 470.79998779
-21.76300049 -0.38975999 470.80999756
-21.76300049 -1.01680005 470.79998779
-21.76300049 -2.27200007 470.79998779
-21.76199913 -4.15269995 470.79000854
-21.76199913 -4.78020000 470.79000854
-21.76199913 -5.40700006 470.79000854
-21.76199913 -6.03389978 470.79000854
-21.76199913 -6.66109991 470.79000854
-21.76199913 -7.28830004 470.79000854
-21.76199913 -7.91489983 470.77999878
-21.76199913 -8.54300022 470.77999878
-21.76199913 -9.16969967 470.77999878
-21.76099968 -11.05000019 470.76998901
-21.76099968 -12.30500031 470.76998901
-21.76099968 -12.93299961 470.76998901
-21.76199913 -13.56000042 470.77999878
-21.76199913 -14.18599987 470.77999878
-21.76099968 -14.81200027 470.76998901
-21.76099968 -15.43799973 470.76998901
-21.76199913 -16.06599998 470.77999878
-21.76099968 -16.69300079 470.76998901
-21.76099968 -17.31999969 470.76998901
-21.76099968 -17.94700050 470.76000977
-21.76099968 -18.57399940 470.76000977
-21.76099968 -19.20100021 470.76000977
-21.76099968 -19.82799911 470.76000977
-21.76000023 -20.45400047 470.75000000
-21.76000023 -21.08099937 470.73999023
-21.76000023 -21.70700073 470.73999023
-21.76000023 -22.33499908 470.73999023
-21.76000023 -22.96199989 470.75000000
-21.76000023 -23.58799934 470.73999023
-21.76000023 -24.21599960 470.73999023
-21.75900078 -24.84199905 470.73001099
-21.75900078 -25.46800041 470.73001099
-21.75900078 -26.09499931 470.73001099
-21.75900078 -26.72200012 470.73001099
-21.75900078 -27.34900093 470.73001099
-21.75900078 -27.97599983 470.73001099
-21.76000023 -28.60300064 470.73001099
-21.75900078 -29.22999954 470.73001099
-21.75900078 -29.85600090 470.73001099
-21.75900078 -30.48200035 470.72000122
-21.75799942 -31.10799980 470.70999146
-21.75799942 -31.73500061 470.70999146
-21.75799942 -33.61600113 470.70001221
-21.75799942 -34.24200058 470.70001221
-21.75799942 -34.86800003 470.69000244
-21.75699997 -35.49399948 470.67999268
-21.75699997 -38.62799835 470.67999268
-21.75699997 -39.25400162 470.67999268
-21.75699997 -39.88199997 470.67999268
-21.75699997 -40.50799942 470.67999268
-21.75600052 -41.13399887 470.67001343
-21.75600052 -41.75999832 470.66000366
-21.75600052 -42.38700104 470.66000366
-21.75600052 -43.01399994 470.66000366
-21.75600052 -43.64099884 470.67001343
-21.75600052 -44.26599884 470.66000366
-21.75600052 -44.89199829 470.64999390
-21.75499916 -45.51800156 470.64999390
-21.75600052 -46.14599991 470.64999390
-21.75600052 -46.77299881 470.64999390
-21.75499916 -47.39899826 470.64999390
-21.75499916 -48.02500153 470.64001465
-21.75499916 -48.65000153 470.63000488
-21.75499916 -49.27700043 470.63000488
-21.75499916 -49.90399933 470.63000488
-21.13400078 -49.91600037 470.75000000
-21.13400078 -49.28900146 470.75000000
-21.13400078 -48.66299820 470.76000977
-21.13400078 -48.03799820 470.76000977
-21.13500023 -47.41099930 470.76998901
-21.13500023 -46.78599930 470.76998901
-21.13400078 -46.15800095 470.76000977
-21.13400078 -45.52999878 470.76000977
-21.13500023 -44.90399933 470.76998901
-21.13500023 -44.27700043 470.77999878
-21.13599968 -43.65200043 470.79000854
-21.13500023 -43.02500153 470.77999878
-21.13500023 -42.39799881 470.77999878
-21.13500023 -41.77099991 470.77999878
-21.13500023 -41.14400101 470.79000854
-21.13599968 -40.51800156 470.79000854
-21.13599968 -39.89199829 470.79998779
-21.13599968 -39.26399994 470.79998779
-21.13699913 -38.63899994 470.80999756
-21.13599968 -38.01100159 470.79998779
-21.13599968 -37.38299942 470.79998779
-21.13599968 -36.75699997 470.80999756
-21.13599968 -35.50299835 470.80999756
-21.13699913 -34.87699890 470.80999756
-21.13699913 -34.25099945 470.82000732
-21.13699913 -33.62400055 470.82000732
-21.13800049 -32.37099838 470.82998657
-21.13800049 -31.74399948 470.82998657
-21.13800049 -31.11700058 470.83999634
-21.13800049 -30.49099922 470.85000610
-21.13800049 -29.86400032 470.85000610
-21.13800049 -29.23800087 470.85000610
-21.13800049 -28.61100006 470.85000610
-21.13800049 -27.98299980 470.85000610
-21.13800049 -27.35600090 470.85000610
-21.13800049 -26.72900009 470.85000610
-21.13800049 -26.10199928 470.85000610
-21.13800049 -25.47500038 470.85000610
-21.13800049 -24.84799957 470.85000610
-21.13899994 -24.22200012 470.85998535
-21.13899994 -23.59499931 470.86999512
-21.13899994 -22.96800041 470.86999512
-21.13899994 -22.34000015 470.86999512
-21.13899994 -21.08600044 470.85998535
-21.13899994 -20.45999908 470.88000488
-21.13999939 -19.83399963 470.88000488
-21.13999939 -19.20700073 470.88000488
-21.13999939 -18.57900047 470.88000488
-21.13999939 -17.95199966 470.88000488
-21.13999939 -17.32500076 470.89001465
-21.13999939 -16.69799995 470.89001465
-21.13999939 -16.07099915 470.89999390
-21.13999939 -15.44299984 470.89001465
-21.13999939 -14.81599998 470.89001465
-21.13999939 -14.18900013 470.89001465
-21.13999939 -13.56299973 470.89999390
-21.13999939 -12.93599987 470.89001465
-21.13999939 -12.30799961 470.89999390
-21.13999939 -11.05300045 470.89999390
-21.14100075 -8.54520035 470.89999390
-21.14100075 -7.91699982 470.89999390
-21.14100075 -7.29020023 470.91000366
-21.14200020 -6.66300011 470.92001343
-21.14200020 -6.03569984 470.92999268
-21.14100075 -5.40899992 470.92001343
-21.14100075 -4.78090000 470.92001343
-21.14100075 -4.15399981 470.92001343
-21.14100075 -3.52719998 470.92001343
-21.14200020 -2.89989996 470.92999268
-21.14200020 -2.27250004 470.92999268
-21.14200020 -1.64450002 470.92999268
-21.14200020 -1.01719999 470.92999268
-21.14200020 -0.38982999 470.92999268
-21.14200020 0.23707999 470.92999268
-21.14200020 0.86418998 470.92999268
-21.14200020 1.49100006 470.94000244
-21.14200020 2.11759996 470.94000244
-21.14200020 2.74449992 470.94000244
-21.14200020 4.62699986 470.92999268
-21.14200020 5.25409985 470.92999268
-21.14200020 5.88100004 470.92999268
-21.14200020 6.50850010 470.94000244
-21.14200020 7.13549995 470.94000244
-21.14200020 7.76300001 470.94000244
-21.14200020 8.39089966 470.94000244
-21.14200020 9.01860046 470.94000244
-21.14200020 9.64610004 470.94000244
-21.14200020 10.27299976 470.94000244
-21.14200020 10.89999962 470.94000244
-21.14200020 11.52700043 470.94000244
-21.14200020 12.15400028 470.94000244
-21.14200020 12.78100014 470.92999268
-21.14200020 13.40900040 470.94000244
-21.14200020 14.03600025 470.94000244
-21.14200020 14.66399956 470.94000244
-21.14200020 15.29100037 470.94000244
-21.14200020 15.91899967 470.94000244
-21.14200020 16.54500008 470.92999268
-21.14200020 17.17200089 470.92999268
-21.14200020 17.79800034 470.92999268
-21.14200020 18.42600060 470.92001343
-21.14200020 19.05299950 470.92001343
-21.14200020 19.68099976 470.92001343
-21.14200020 20.30800056 470.92001343
-21.14200020 20.93499947 470.92999268
-21.14200020 21.56299973 470.92999268
-21.14200020 22.19000053 470.92999268
-21.14200020 22.81699944 470.92999268
-21.14200020 23.44499969 470.92999268
-21.14200020 24.07200050 470.92001343
-21.14200020 24.70000076 470.92999268
-21.14200020 25.32600021 470.92001343
-21.14200020 25.95400047 470.92001343
-21.14200020 26.58099937 470.92001343
-21.14100075 27.20700073 470.91000366
-21.14100075 27.83399963 470.91000366
-21.14100075 28.46199989 470.91000366
-21.14100075 29.08900070 470.91000366
-21.14100075 29.71699905 470.91000366
-21.14100075 30.34499931 470.91000366
-21.14100075 30.97200012 470.91000366
-21.14100075 31.59900093 470.91000366
-21.14100075 32.22600174 470.91000366
-21.14100075 32.85200119 470.89999390
-21.13999939 33.47900009 470.89001465
-21.13999939 34.10599899 470.88000488
-21.13999939 34.73300171 470.88000488
-21.13999939 35.36000061 470.88000488
-21.13999939 35.98699951 470.88000488
-21.13899994 36.61399841 470.86999512
-21.13899994 37.24100113 470.86999512
-21.13899994 37.86800003 470.86999512
-21.13899994 38.49599838 470.86999512
-21.13899994 39.12200165 470.85998535
-21.13899994 39.74900055 470.85000610
-21.13800049 40.37599945 470.85000610
-21.13800049 41.00299835 470.83999634
-21.13800049 41.63000107 470.83999634
-21.13800049 42.25699997 470.83999634
-21.13800049 42.88399887 470.82998657
-21.13800049 43.51200104 470.82998657
-21.13800049 44.13899994 470.82998657
-21.13800049 44.76599884 470.82998657
-21.13699913 45.39199829 470.82000732
-20.51600075 46.03099823 470.94000244
-20.51600075 45.40499878 470.95001221
-20.51600075 44.77799988 470.95999146
-20.51700020 44.15100098 470.95999146
-20.51700020 43.52299881 470.95999146
-20.51700020 42.89500046 470.95999146
-20.51700020 42.26800156 470.97000122
-20.51700020 41.64099884 470.97000122
-20.51700020 41.01399994 470.98001099
-20.51700020 40.38600159 470.98001099
-20.51700020 39.75899887 470.98001099
-20.51799965 39.13199997 470.98001099
-20.51799965 38.50600052 470.98999023
-20.51799965 37.87900162 470.98999023
-20.51799965 37.25099945 470.98999023
-20.51799965 36.62400055 471.00000000
-20.51899910 35.99700165 471.00000000
-20.51899910 35.36999893 471.01000977
-20.51899910 34.74200058 471.01000977
-20.51899910 34.11500168 471.01000977
-20.51899910 33.48799896 471.01998901
-20.51899910 32.86100006 471.01998901
-20.52000046 32.23400116 471.02999878
-20.52000046 31.60700035 471.02999878
-20.52000046 30.97900009 471.02999878
-20.52000046 30.35199928 471.02999878
-20.52000046 29.72400093 471.02999878
-20.52000046 29.09600067 471.02999878
-20.52000046 28.46899986 471.02999878
-20.52000046 27.84099960 471.02999878
-20.52000046 27.21500015 471.04000854
-20.52000046 26.58799934 471.04998779
-20.52000046 25.96100044 471.04998779
-20.52000046 25.33300018 471.04998779
-20.52099991 24.70599937 471.04998779
-20.52000046 24.07799911 471.04998779
-20.52099991 23.45000076 471.04998779
-20.52099991 22.82299995 471.04998779
-20.52099991 22.19599915 471.04998779
-20.52099991 21.56900024 471.04998779
-20.52099991 20.94099998 471.04998779
-20.52000046 20.31399918 471.04998779
-20.52000046 19.68600082 471.04998779
-20.52000046 19.05800056 471.04000854
-20.52000046 18.43000031 471.04000854
-20.52099991 17.80299950 471.04998779
-20.52099991 17.17600060 471.05999756
-20.52099991 16.54999924 471.05999756
-20.52099991 15.92300034 471.05999756
-20.52099991 15.29399967 471.05999756
-20.52099991 14.66699982 471.05999756
-20.52099991 14.03999996 471.07000732
-20.52099991 13.41199970 471.07000732
-20.52099991 12.78499985 471.05999756
-20.52099991 12.15699959 471.05999756
-20.52099991 11.52999973 471.05999756
-20.52099991 10.90299988 471.05999756
-20.52099991 10.27600002 471.05999756
-20.52099991 9.64799976 471.05999756
-20.52099991 9.02050018 471.05999756
-20.52099991 8.39239979 471.05999756
-20.52099991 7.76440001 471.05999756
-20.52099991 7.13689995 471.05999756
-20.52099991 6.50950003 471.05999756
-20.52099991 5.88250017 471.05999756
-20.52099991 5.25570011 471.05999756
-20.52099991 4.00059986 471.04998779
-20.52099991 3.37249994 471.05999756
-20.52099991 2.74530005 471.05999756
-20.52099991 2.11820006 471.05999756
-20.52099991 1.49059999 471.05999756
-20.52099991 0.86379999 471.05999756
-20.52099991 0.23672000 471.04998779
-20.52099991 -0.39032999 471.04998779
-20.52099991 -1.01789999 471.04998779
-20.52099991 -1.64549994 471.05999756
-20.52099991 -2.27329993 471.04998779
-20.52000046 -2.90100002 471.04998779
-20.52000046 -3.52870011 471.04000854
-20.52000046 -4.15579987 471.04000854
-20.52000046 -4.78340006 471.04000854
-20.52000046 -5.40969992 471.04000854
-20.52000046 -6.03679991 471.04998779
-20.52000046 -6.66450024 471.04000854
-20.52000046 -7.29199982 471.04000854
-20.52000046 -7.92019987 471.04000854
-20.52000046 -8.54769993 471.02999878
-20.52000046 -9.17500019 471.04000854
-20.52000046 -9.80169964 471.02999878
-20.52000046 -10.42899990 471.02999878
-20.52000046 -11.05599976 471.02999878
-20.52000046 -11.68299961 471.02999878
-20.51899910 -12.93799973 471.01998901
-20.51899910 -14.81999969 471.01000977
-20.51899910 -15.44699955 471.01000977
-20.51899910 -16.07500076 471.01000977
-20.51899910 -16.70199966 471.01000977
-20.51899910 -17.32900047 471.01000977
-20.51899910 -17.95700073 471.01000977
-20.51799965 -18.58300018 471.00000000
-20.51799965 -19.21100044 471.00000000
-20.51799965 -19.83900070 471.00000000
-20.51799965 -20.46599960 471.00000000
-20.51799965 -21.09199905 471.00000000
-20.51799965 -21.71800041 470.98999023
-20.51799965 -22.34600067 470.98999023
-20.51799965 -22.97299957 470.98999023
-20.51799965 -23.60099983 470.98999023
-20.51700020 -24.22900009 470.98001099
-20.51700020 -26.10899925 470.97000122
-20.51700020 -26.73699951 470.98001099
-20.51700020 -27.36300087 470.98001099
-20.51799965 -27.99099922 470.98001099
-20.51799965 -28.61899948 470.98999023
-20.51700020 -29.24600029 470.98001099
-20.51700020 -29.87299919 470.98001099
-20.51700020 -30.50000000 470.98001099
-20.51700020 -31.12599945 470.95999146
-20.51700020 -31.75300026 470.95999146
-20.51600075 -32.37900162 470.95999146
-20.51600075 -33.00600052 470.95001221
-20.51499939 -36.76699829 470.92999268
-20.51499939 -37.39400101 470.92999268
-20.51499939 -38.02099991 470.92999268
-20.51499939 -38.64799881 470.92999268
-20.51499939 -39.27399826 470.92999268
-20.51499939 -39.90200043 470.92001343
-20.51399994 -41.15599823 470.91000366
-20.51399994 -41.78200150 470.91000366
-20.51399994 -42.40999985 470.91000366
-20.51399994 -43.03699875 470.91000366
-20.51399994 -43.66299820 470.91000366
-20.51399994 -44.29000092 470.91000366
-20.51399994 -44.91699982 470.89999390
-20.51399994 -45.54299927 470.89999390
-20.51399994 -46.16999817 470.89999390
-20.51399994 -46.79700089 470.89001465
-20.51300049 -47.42300034 470.89001465
-20.51300049 -48.04999924 470.88000488
-20.51300049 -48.67599869 470.88000488
-20.51199913 -49.30099869 470.86999512
-20.51199913 -49.92900085 470.85998535
-19.89100075 -49.94200134 470.98999023
-19.89100075 -49.31499863 471.00000000
-19.89200020 -48.68899918 471.00000000
-19.89200020 -48.06299973 471.01000977
-19.89200020 -47.43600082 471.01000977
-19.89200020 -46.80899811 471.01998901
-19.89200020 -46.18399811 471.01998901
-19.89200020 -45.55599976 471.01998901
-19.89200020 -44.92900085 471.01998901
-19.89299965 -44.30199814 471.02999878
-19.89299965 -43.67499924 471.02999878
-19.89299965 -43.04800034 471.04000854
-19.89299965 -42.42100143 471.02999878
-19.89299965 -41.79399872 471.02999878
-19.89299965 -41.16699982 471.02999878
-19.89299965 -40.53900146 471.04000854
-19.89299965 -39.91299820 471.04998779
-19.89399910 -39.28599930 471.05999756
-19.89399910 -38.65900040 471.05999756
-19.89399910 -38.03200150 471.05999756
-19.89399910 -37.40499878 471.07000732
-19.89399910 -36.77700043 471.05999756
-19.89399910 -36.14899826 471.05999756
-19.89399910 -35.52299881 471.07000732
-19.89500046 -34.89599991 471.07000732
-19.89399910 -34.27000046 471.07000732
-19.89399910 -33.64199829 471.07000732
-19.89399910 -33.01499939 471.07000732
-19.89500046 -32.38800049 471.07998657
-19.89500046 -31.76199913 471.08999634
-19.89500046 -31.13500023 471.08999634
-19.89599991 -30.50799942 471.10000610
-19.89599991 -29.87999916 471.10000610
-19.89599991 -29.25399971 471.10998535
-19.89599991 -28.62700081 471.10998535
-19.89599991 -27.99900055 471.10998535
-19.89599991 -26.74399948 471.10000610
-19.89599991 -26.11700058 471.10000610
-19.89599991 -25.48999977 471.10000610
-19.89599991 -24.86300087 471.10998535
-19.89599991 -24.23500061 471.10998535
-19.89599991 -23.60700035 471.11999512
-19.89599991 -22.97900009 471.11999512
-19.89599991 -22.35199928 471.11999512
-19.89599991 -21.72500038 471.11999512
-19.89699936 -21.09799957 471.13000488
-19.89699936 -20.47200012 471.13000488
-19.89699936 -19.84399986 471.13000488
-19.89699936 -19.21599960 471.13000488
-19.89699936 -18.58799934 471.13000488
-19.89699936 -17.96100044 471.13000488
-19.89800072 -17.33399963 471.14001465
-19.89699936 -16.70700073 471.14001465
-19.89800072 -16.07999992 471.14001465
-19.89699936 -15.45199966 471.14001465
-19.89699936 -14.82499981 471.14001465
-19.89800072 -12.94099998 471.14001465
-19.89800072 -11.68599987 471.14999390
-19.89800072 -11.05900002 471.16000366
-19.89800072 -10.43200016 471.16000366
-19.89800072 -9.80449963 471.16000366
-19.89800072 -9.17730045 471.16000366
-19.89800072 -8.54959965 471.16000366
-19.89800072 -7.92189980 471.16000366
-19.89800072 -7.29370022 471.16000366
-19.89900017 -6.66610003 471.17001343
-19.89900017 -6.03859997 471.17001343
-19.89900017 -5.41139984 471.17001343
-19.89900017 -4.78439999 471.17001343
-19.89900017 -4.15730000 471.17001343
-19.89900017 -3.52979994 471.17001343
-19.89900017 -2.90190005 471.17001343
-19.89900017 -2.27390003 471.17999268
-19.89900017 -1.64629996 471.19000244
-19.89900017 -1.01859999 471.17999268
-19.89900017 -0.39067000 471.17999268
-19.89900017 0.23654000 471.17999268
-19.89900017 0.86378002 471.17999268
-19.89900017 1.49090004 471.17999268
-19.89900017 2.11849999 471.17999268
-19.89900017 2.74609995 471.17999268
-19.89900017 3.37360001 471.17999268
-19.89900017 4.00169992 471.17999268
-19.89900017 5.25710011 471.19000244
-19.89999962 5.88420010 471.19000244
-19.89999962 6.51130009 471.19000244
-19.89999962 7.13899994 471.19000244
-19.89900017 7.76609993 471.17999268
-19.89900017 8.39430046 471.17999268
-19.89900017 9.02250004 471.19000244
-19.89900017 9.65040016 471.17999268
-19.89900017 10.27900028 471.17999268
-19.89900017 10.90600014 471.17999268
-19.89900017 11.53299999 471.19000244
-19.89900017 12.15999985 471.17999268
-19.89999962 12.78800011 471.19000244
-19.89999962 13.41499996 471.19000244
-19.89999962 14.04300022 471.19000244
-19.89900017 14.67099953 471.17999268
-19.89900017 15.29899979 471.17999268
-19.89900017 15.92700005 471.17999268
-19.89900017 16.55400085 471.17999268
-19.89900017 17.18099976 471.17999268
-19.89900017 17.80800056 471.17001343
-19.89900017 18.43499947 471.17001343
-19.89900017 19.06299973 471.17001343
-19.89900017 19.69099998 471.17001343
-19.89900017 20.31900024 471.17001343
-19.89900017 20.94599915 471.17001343
-19.89900017 21.57399940 471.17001343
-19.89900017 22.20199966 471.17001343
-19.89900017 22.82900047 471.17001343
-19.89900017 23.45599937 471.17001343
-19.89900017 24.08399963 471.17001343
-19.89900017 24.71199989 471.17001343
-19.89900017 25.34000015 471.17001343
-19.89900017 25.96800041 471.17001343
-19.89900017 26.59499931 471.17001343
-19.89900017 27.22200012 471.17001343
-19.89800072 27.84900093 471.16000366
-19.89800072 28.47599983 471.14999390
-19.89800072 29.10400009 471.14999390
-19.89800072 29.73100090 471.14999390
-19.89800072 30.35899925 471.14001465
-19.89800072 30.98600006 471.14001465
-19.89800072 31.61400032 471.14001465
-19.89800072 32.24300003 471.14001465
-19.89800072 32.87099838 471.14999390
-19.89800072 33.49700165 471.14001465
-19.89699936 34.12400055 471.14001465
-19.89699936 34.75099945 471.13000488
-19.89699936 35.38000107 471.14001465
-19.89699936 36.00699997 471.13000488
-19.89699936 36.63399887 471.13000488
-19.89699936 37.26200104 471.13000488
-19.89699936 37.88899994 471.11999512
-19.89699936 38.51599884 471.11999512
-19.89599991 39.14300156 471.10998535
-19.89599991 39.77000046 471.10998535
-19.89599991 40.39699936 471.10000610
-19.89599991 41.02500153 471.10000610
-19.89599991 41.65200043 471.10000610
-19.89599991 42.27999878 471.10000610
-19.89500046 42.90700150 471.08999634
-19.89500046 43.53499985 471.08999634
-19.89500046 44.16199875 471.07998657
-19.89500046 44.79000092 471.07998657
-19.89399910 45.41699982 471.07000732
-19.89399910 46.04399872 471.05999756
-19.27199936 46.05500031 471.17999268
-19.27300072 45.42800140 471.19000244
-19.27300072 44.79999924 471.20001221
-19.27300072 44.17300034 471.20999146
-19.27300072 43.54600143 471.20999146
-19.27400017 42.91799927 471.22000122
-19.27400017 42.29100037 471.22000122
-19.27400017 41.66400146 471.23001099
-19.27400017 41.03599930 471.23001099
-19.27400017 40.40900040 471.23001099
-19.27400017 39.78099823 471.23999023
-19.27499962 39.15399933 471.23999023
-19.27499962 38.52700043 471.25000000
-19.27499962 37.89899826 471.25000000
-19.27499962 37.27099991 471.25000000
-19.27499962 36.64500046 471.26000977
-19.27599907 36.01800156 471.26998901
-19.27599907 35.38999939 471.26998901
-19.27599907 34.76200104 471.26998901
-19.27599907 34.13399887 471.26998901
-19.27599907 33.50699997 471.26998901
-19.27599907 32.87900162 471.26998901
-19.27599907 32.25099945 471.26000977
-19.27599907 31.62199974 471.26000977
-19.27599907 30.99399948 471.26998901
-19.27599907 30.36599922 471.26998901
-19.27599907 29.73900032 471.26998901
-19.27599907 29.11199951 471.26998901
-19.27599907 28.48399925 471.27999878
-19.27599907 27.85700035 471.29000854
-19.27700043 27.22999954 471.29000854
-19.27700043 26.60199928 471.29998779
-19.27700043 25.97500038 471.29998779
-19.27700043 25.34700012 471.29000854
-19.27700043 24.71800041 471.29000854
-19.27700043 24.09000015 471.29998779
-19.27700043 23.46299934 471.29998779
-19.27700043 22.83499908 471.29998779
-19.27700043 22.20700073 471.29998779
-19.27700043 21.57999992 471.29000854
-19.27700043 20.95100021 471.29000854
-19.27700043 20.32399940 471.29000854
-19.27700043 19.69599915 471.29000854
-19.27700043 19.06699944 471.29000854
-19.27700043 18.44000053 471.29998779
-19.27700043 17.81299973 471.30999756
-19.27700043 17.18600082 471.29998779
-19.27700043 16.55900002 471.29998779
-19.27700043 15.93099976 471.29998779
-19.27700043 15.30200005 471.29998779
-19.27700043 14.67399979 471.30999756
-19.27700043 14.04699993 471.30999756
-19.27799988 13.41800022 471.32000732
-19.27799988 12.79100037 471.32000732
-19.27700043 12.16399956 471.30999756
-19.27799988 11.53699970 471.30999756
-19.27799988 10.90999985 471.30999756
-19.27799988 10.28100014 471.30999756
-19.27799988 9.65299988 471.30999756
-19.27700043 9.02470016 471.30999756
-19.27700043 8.39630032 471.30999756
-19.27700043 7.76789999 471.30999756
-19.27799988 7.14080000 471.32000732
-19.27799988 6.51329994 471.32000732
-19.27799988 5.88630009 471.32000732
-19.27799988 5.25930023 471.32000732
-19.27799988 4.63070011 471.30999756
-19.27799988 4.00290012 471.30999756
-19.27700043 3.37479997 471.30999756
-19.27700043 2.74740005 471.30999756
-19.27700043 2.11870003 471.29998779
-19.27700043 1.49100006 471.30999756
-19.27700043 0.86369997 471.30999756
-19.27700043 0.23645000 471.30999756
-19.27700043 -0.39081001 471.30999756
-19.27700043 -1.01880002 471.30999756
-19.27700043 -1.64660001 471.30999756
-19.27700043 -2.27460003 471.29998779
-19.27700043 -2.90269995 471.29998779
-19.27700043 -3.53110003 471.29998779
-19.27700043 -4.15859985 471.29998779
-19.27700043 -4.78599977 471.29998779
-19.27700043 -5.41279984 471.29998779
-19.27700043 -6.03999996 471.29998779
-19.27700043 -6.66760015 471.29000854
-19.27700043 -7.29580021 471.29000854
-19.27700043 -7.92430019 471.29000854
-19.27700043 -8.55179977 471.29000854
-19.27700043 -9.17990017 471.29000854
-19.27700043 -9.80739975 471.29000854
-19.27599907 -10.43500042 471.29000854
-19.27599907 -11.06200027 471.29000854
-19.27599907 -11.68900013 471.27999878
-19.27599907 -12.31700039 471.27999878
-19.27599907 -12.94400024 471.26998901
-19.27499962 -13.57199955 471.26000977
-19.27499962 -14.19999981 471.26000977
-19.27499962 -14.82900047 471.26000977
-19.27599907 -15.45699978 471.26998901
-19.27599907 -16.08499908 471.26998901
-19.27599907 -16.71199989 471.26998901
-19.27599907 -17.33900070 471.26998901
-19.27599907 -17.96599960 471.26998901
-19.27499962 -18.59399986 471.26000977
-19.27499962 -19.22100067 471.26000977
-19.27499962 -19.84900093 471.26000977
-19.27499962 -20.47699928 471.25000000
-19.27499962 -21.10400009 471.25000000
-19.27499962 -21.73100090 471.25000000
-19.27499962 -22.35799980 471.23999023
-19.27400017 -22.98600006 471.23999023
-19.27400017 -23.61400032 471.23999023
-19.27400017 -24.24099922 471.23999023
-19.27400017 -24.86899948 471.23999023
-19.27400017 -25.49600029 471.23001099
-19.27400017 -26.12400055 471.23001099
-19.27400017 -26.75099945 471.23001099
-19.27400017 -27.37899971 471.23001099
-19.27400017 -28.00600052 471.23001099
-19.27400017 -28.63400078 471.23001099
-19.27400017 -29.26099968 471.23001099
-19.27400017 -29.88800049 471.23001099
-19.27400017 -30.51600075 471.23001099
-19.27400017 -31.14299965 471.22000122
-19.27300072 -31.77000046 471.20999146
-19.27300072 -32.39699936 471.20001221
-19.27300072 -33.02399826 471.20001221
-19.27199936 -33.65100098 471.19000244
-19.27300072 -34.27799988 471.19000244
-19.27300072 -34.90599823 471.20001221
-19.27300072 -35.53300095 471.20001221
-19.27300072 -36.15999985 471.20001221
-19.27300072 -36.78799820 471.19000244
-19.27300072 -37.41500092 471.19000244
-19.27199936 -38.04199982 471.19000244
-19.27199936 -38.66899872 471.19000244
-19.27199936 -39.29600143 471.17999268
-19.27199936 -39.92399979 471.17001343
-19.27099991 -40.54999924 471.16000366
-19.27099991 -41.17800140 471.16000366
-19.27099991 -41.80400085 471.16000366
-19.27099991 -42.43099976 471.14999390
-19.27099991 -43.05899811 471.16000366
-19.27099991 -43.68600082 471.14999390
-19.27099991 -44.31299973 471.14999390
-19.27099991 -44.93999863 471.14999390
-19.27099991 -45.56700134 471.14999390
-19.27000046 -46.19499969 471.14001465
-19.27000046 -46.81999969 471.13000488
-19.27000046 -47.44699860 471.13000488
-19.27000046 -48.07400131 471.11999512
-19.27000046 -48.70100021 471.11999512
-19.27000046 -49.32899857 471.11999512
-19.26899910 -49.95500183 471.10998535
-18.64699936 -49.96799850 471.23999023
-18.64800072 -49.34199905 471.25000000
-18.64800072 -48.71400070 471.25000000
-18.64800072 -48.08700180 471.25000000
-18.64800072 -46.20500183 471.26000977
-18.64800072 -45.57899857 471.26998901
-18.64900017 -44.95199966 471.26998901
-18.64900017 -44.32500076 471.27999878
-18.64900017 -43.69800186 471.26998901
-18.64900017 -43.06999969 471.26998901
-18.64900017 -42.44200134 471.26998901
-18.64900017 -41.81499863 471.27999878
-18.64900017 -41.18799973 471.29000854
-18.64900017 -40.56100082 471.29000854
-18.64999962 -39.93399811 471.29998779
-18.64999962 -39.30699921 471.29998779
-18.64999962 -38.68000031 471.30999756
-18.64999962 -38.05199814 471.30999756
-18.64999962 -37.42499924 471.30999756
-18.64999962 -36.79700089 471.32000732
-18.65099907 -36.16999817 471.32000732
-18.64999962 -35.54299927 471.32000732
-18.65099907 -34.91500092 471.32998657
-18.65099907 -34.28799820 471.32998657
-18.65099907 -33.65999985 471.32998657
-18.65099907 -33.03300095 471.32998657
-18.65099907 -32.40499878 471.32998657
-18.65099907 -31.77799988 471.32998657
-18.65099907 -31.14999962 471.33999634
-18.65099907 -30.52300072 471.33999634
-18.65200043 -29.89599991 471.35000610
-18.65200043 -29.26899910 471.35000610
-18.65200043 -28.64100075 471.35000610
-18.65200043 -28.01300049 471.35998535
-18.65200043 -27.38599968 471.35998535
-18.65200043 -26.75799942 471.35998535
-18.65200043 -26.12999916 471.35000610
-18.65200043 -25.50300026 471.35998535
-18.65200043 -24.87500000 471.35998535
-18.65200043 -24.24699974 471.35998535
-18.65200043 -23.62000084 471.36999512
-18.65200043 -22.99200058 471.36999512
-18.65200043 -22.36499977 471.36999512
-18.65299988 -21.73800087 471.36999512
-18.65299988 -21.11000061 471.36999512
-18.65299988 -20.48200035 471.38000488
-18.65299988 -19.85400009 471.38000488
-18.65299988 -19.22599983 471.38000488
-18.65299988 -18.59799957 471.39001465
-18.65299988 -17.97100067 471.39999390
-18.65299988 -17.34300041 471.39001465
-18.65299988 -16.71599960 471.39001465
-18.65299988 -16.08900070 471.39001465
-18.65299988 -15.46100044 471.39001465
-18.65299988 -14.83300018 471.39001465
-18.65299988 -13.57600021 471.39001465
-18.65399933 -12.94799995 471.39999390
-18.65399933 -12.31999969 471.41000366
-18.65399933 -11.69299984 471.41000366
-18.65399933 -11.06499958 471.42001343
-18.65399933 -10.43799973 471.41000366
-18.65399933 -9.81019974 471.42001343
-18.65399933 -9.18220043 471.42001343
-18.65399933 -8.55399990 471.42001343
-18.65399933 -7.92630005 471.42001343
-18.65399933 -7.29769993 471.42001343
-18.65399933 -6.66940022 471.41000366
-18.65399933 -6.04150009 471.41000366
-18.65500069 -5.41389990 471.42001343
-18.65500069 -4.78679991 471.42999268
-18.65500069 -4.15959978 471.42001343
-18.65500069 -3.53189993 471.42999268
-18.65500069 -2.90370011 471.42999268
-18.65500069 -2.27509999 471.42999268
-18.65500069 -1.64719999 471.44000244
-18.65500069 -1.01890004 471.42999268
-18.65500069 -0.39102000 471.42999268
-18.65500069 0.23644000 471.42999268
-18.65500069 0.86370999 471.42999268
-18.65500069 1.49129999 471.42999268
-18.65399933 2.11910009 471.42001343
-18.65500069 2.74780011 471.42001343
-18.65500069 3.37590003 471.42999268
-18.65500069 4.00409985 471.44000244
-18.65500069 4.63189983 471.44000244
-18.65500069 5.26100016 471.44000244
-18.65500069 5.88870001 471.44000244
-18.65600014 6.51539993 471.45001221
-18.65500069 7.14190006 471.44000244
-18.65500069 7.76940012 471.44000244
-18.65500069 8.39799976 471.42999268
-18.65500069 9.02649975 471.42999268
-18.65500069 9.65520000 471.44000244
-18.65500069 10.28400040 471.44000244
-18.65500069 10.91300011 471.44000244
-18.65500069 11.53899956 471.44000244
-18.65500069 12.16699982 471.44000244
-18.65500069 12.79500008 471.44000244
-18.65500069 13.42099953 471.42999268
-18.65500069 14.05000019 471.42999268
-18.65500069 14.67800045 471.42999268
-18.65500069 15.30599976 471.42001343
-18.65500069 15.93400002 471.42999268
-18.65500069 16.56299973 471.42999268
-18.65500069 17.19099998 471.42001343
-18.65500069 17.81800079 471.42999268
-18.65500069 18.44499969 471.42001343
-18.65500069 19.07200050 471.42001343
-18.65500069 19.70100021 471.42001343
-18.65500069 20.32900047 471.42001343
-18.65500069 20.95700073 471.42001343
-18.65399933 21.58499908 471.42001343
-18.65500069 22.21299934 471.42001343
-18.65500069 22.84099960 471.42001343
-18.65500069 23.46899986 471.42001343
-18.65500069 24.09700012 471.42001343
-18.65399933 24.72500038 471.41000366
-18.65399933 25.35300064 471.42001343
-18.65500069 25.98100090 471.42001343
-18.65399933 26.60899925 471.42001343
-18.65500069 27.23699951 471.42001343
-18.65399933 27.86499977 471.41000366
-18.65399933 28.49300003 471.41000366
-18.65399933 29.12000084 471.39999390
-18.65399933 29.74699974 471.39999390
-18.65399933 30.37500000 471.39999390
-18.65399933 31.00300026 471.39999390
-18.65399933 31.63100052 471.39999390
-18.65399933 32.25999832 471.39999390
-18.65399933 32.88800049 471.39999390
-18.65399933 33.51599884 471.39999390
-18.65399933 34.14400101 471.39999390
-18.65399933 34.77199936 471.39999390
-18.65399933 35.40100098 471.39999390
-18.65399933 36.02799988 471.39001465
-18.65399933 36.65499878 471.39001465
-18.65299988 37.28099823 471.38000488
-18.65299988 37.90900040 471.38000488
-18.65299988 38.53699875 471.36999512
-18.65299988 39.16500092 471.38000488
-18.65200043 39.79199982 471.36999512
-18.65200043 40.41999817 471.36999512
-18.65200043 41.04800034 471.35998535
-18.65200043 41.67499924 471.35998535
-18.65200043 42.30300140 471.35000610
-18.65200043 42.93000031 471.33999634
-18.65099907 43.55699921 471.33999634
-18.65099907 44.18500137 471.32998657
-18.65099907 44.81299973 471.32998657
-18.64999962 45.43999863 471.32000732
-18.02799988 45.45100021 471.44000244
-18.02799988 44.82400131 471.45001221
-18.02899933 44.19699860 471.45001221
-18.02899933 43.56800079 471.45999146
-18.02899933 42.94100189 471.45999146
-18.02899933 42.31299973 471.47000122
-18.02899933 41.68600082 471.48001099
-18.03000069 41.05799866 471.48001099
-18.03000069 40.43099976 471.48999023
-18.03000069 39.80300140 471.48999023
-18.03000069 39.17499924 471.50000000
-18.03000069 38.54700089 471.50000000
-18.03000069 37.91899872 471.50000000
-18.03000069 37.29100037 471.50000000
-18.03100014 36.66400146 471.51000977
-18.03100014 36.03699875 471.51998901
-18.03100014 35.40999985 471.51998901
-18.03100014 34.78099823 471.51998901
-18.03100014 34.15299988 471.51998901
-18.03100014 33.52399826 471.51998901
-18.03100014 32.89599991 471.51998901
-18.03100014 32.26900101 471.52999878
-18.03100014 31.63999939 471.52999878
-18.03100014 31.01199913 471.52999878
-18.03100014 30.38400078 471.52999878
-18.03199959 29.75699997 471.52999878
-18.03199959 29.12800026 471.52999878
-18.03199959 28.50000000 471.54000854
-18.03199959 27.87199974 471.54000854
-18.03199959 27.24399948 471.54000854
-18.03199959 26.61599922 471.54000854
-18.03199959 25.98800087 471.54000854
-18.03199959 25.36000061 471.54000854
-18.03199959 24.73100090 471.54000854
-18.03199959 24.10300064 471.54998779
-18.03199959 23.47599983 471.54998779
-18.03199959 22.84700012 471.54998779
-18.03199959 22.21899986 471.54998779
-18.03199959 21.59099960 471.54000854
-18.03199959 20.96199989 471.54998779
-18.03199959 20.33399963 471.54998779
-18.03199959 19.70599937 471.54998779
-18.03199959 19.07699966 471.54998779
-18.03199959 18.45000076 471.54998779
-18.03199959 17.82299995 471.54998779
-18.03199959 17.19499969 471.54998779
-18.03199959 16.56800079 471.54998779
-18.03199959 15.93799973 471.54998779
-18.03199959 15.31000042 471.54998779
-18.03199959 14.68200016 471.55999756
-18.03199959 14.05399990 471.54998779
-18.03199959 13.42500019 471.54998779
-18.03300095 12.79800034 471.55999756
-18.03300095 12.17000008 471.55999756
-18.03300095 11.54199982 471.55999756
-18.03300095 10.91499996 471.55999756
-18.03300095 10.28600025 471.55999756
-18.03300095 9.65690041 471.57000732
-18.03300095 9.02939987 471.55999756
-18.03300095 8.40079975 471.55999756
-18.03300095 7.77190018 471.57000732
-18.03300095 7.14540005 471.57000732
-18.03300095 6.51760006 471.57000732
-18.03300095 5.89050007 471.55999756
-18.03199959 5.26259995 471.55999756
-18.03199959 4.63310003 471.54998779
-18.03199959 4.00500011 471.55999756
-18.03199959 3.37630010 471.54998779
-18.03199959 2.74850011 471.54998779
-18.03199959 2.11999989 471.54998779
-18.03199959 1.49160004 471.55999756
-18.03199959 0.86409003 471.55999756
-18.03199959 0.23683000 471.54998779
-18.03199959 -0.39116001 471.54998779
-18.03199959 -1.01909995 471.54998779
-18.03199959 -1.64769995 471.55999756
-18.03199959 -2.27570009 471.54998779
-18.03199959 -2.90440011 471.54998779
-18.03199959 -3.53290009 471.54998779
-18.03199959 -4.16060019 471.54000854
-18.03199959 -4.78830004 471.54998779
-18.03199959 -5.41550016 471.54998779
-18.03199959 -6.04320002 471.54000854
-18.03199959 -6.67049980 471.54000854
-18.03199959 -7.29939985 471.54000854
-18.03199959 -7.92799997 471.54000854
-18.03100014 -8.55640030 471.52999878
-18.03100014 -9.18439960 471.52999878
-18.03199959 -9.81340027 471.54000854
-18.03199959 -10.44099998 471.54000854
-18.03199959 -11.06799984 471.54000854
-18.03199959 -11.69600010 471.54000854
-18.03199959 -12.32299995 471.54000854
-18.03100014 -12.95199966 471.52999878
-18.03100014 -13.57999992 471.51998901
-18.03100014 -14.20800018 471.51000977
-18.03100014 -14.83600044 471.51998901
-18.03100014 -15.46500015 471.51998901
-18.03100014 -16.09199905 471.51000977
-18.03100014 -16.71999931 471.51000977
-18.03100014 -17.34799957 471.51000977
-18.03100014 -17.97599983 471.51000977
-18.03100014 -18.60400009 471.51000977
-18.03100014 -19.23100090 471.51000977
-18.03000069 -19.85899925 471.50000000
-18.03000069 -20.48800087 471.51000977
-18.03000069 -21.11499977 471.50000000
-18.03000069 -21.74300003 471.50000000
-18.03000069 -22.37100029 471.50000000
-18.03000069 -22.99799919 471.48999023
-18.03000069 -23.62599945 471.48999023
-18.03000069 -24.25399971 471.48999023
-18.03000069 -24.88199997 471.48001099
-18.02899933 -25.50900078 471.48001099
-18.02899933 -26.13699913 471.47000122
-18.02899933 -26.76499939 471.48001099
-18.02899933 -27.39299965 471.47000122
-18.02899933 -28.02000046 471.47000122
-18.02899933 -28.64800072 471.47000122
-18.02899933 -29.27599907 471.47000122
-18.02899933 -29.90399933 471.47000122
-18.02899933 -30.53100014 471.47000122
-18.02899933 -31.15800095 471.45999146
-18.02799988 -31.78499985 471.45001221
-18.02799988 -32.41299820 471.45001221
-18.02799988 -33.04199982 471.45999146
-18.02899933 -33.66999817 471.45999146
-18.02799988 -34.29800034 471.45999146
-18.02799988 -34.92499924 471.45001221
-18.02700043 -35.55199814 471.42999268
-18.02700043 -36.17900085 471.42999268
-18.02799988 -36.80699921 471.44000244
-18.02799988 -37.43399811 471.42999268
-18.02700043 -38.06100082 471.42999268
-18.02700043 -38.68899918 471.42999268
-18.02700043 -39.31600189 471.41000366
-18.02700043 -39.94300079 471.41000366
-18.02700043 -40.57099915 471.41000366
-18.02700043 -41.20000076 471.41000366
-18.02700043 -41.82600021 471.41000366
-18.02599907 -42.45299911 471.39999390
-18.02599907 -43.08100128 471.39999390
-18.02599907 -43.70800018 471.39001465
-18.02599907 -44.33599854 471.39001465
-18.02599907 -44.96400070 471.39001465
-18.02599907 -45.59099960 471.39001465
-18.02599907 -46.21799850 471.38000488
-18.02499962 -47.47200012 471.36999512
-18.02499962 -48.09799957 471.35998535
-18.02499962 -48.72600174 471.35998535
-18.02499962 -49.35400009 471.35998535
-18.02499962 -49.98099899 471.35998535
-17.40200043 -49.36700058 471.48999023
-17.40200043 -48.73899841 471.48999023
-17.40200043 -48.11100006 471.48999023
-17.40299988 -47.48400116 471.50000000
-17.40299988 -46.85599899 471.50000000
-17.40299988 -46.22900009 471.50000000
-17.40299988 -45.60200119 471.51000977
-17.40299988 -44.97499847 471.51000977
-17.40299988 -44.34700012 471.51998901
-17.40299988 -43.71900177 471.51998901
-17.40299988 -43.09199905 471.51998901
-17.40399933 -42.46500015 471.52999878
-17.40399933 -41.83700180 471.52999878
-17.40399933 -41.20999908 471.52999878
-17.40299988 -40.58100128 471.51998901
-17.40399933 -39.95299911 471.52999878
-17.40399933 -38.69800186 471.54000854
-17.40399933 -38.06999969 471.54998779
-17.40500069 -37.44300079 471.54998779
-17.40399933 -36.81600189 471.54998779
-17.40399933 -36.18799973 471.54998779
-17.40500069 -35.56100082 471.54998779
-17.40500069 -34.93299866 471.55999756
-17.40500069 -34.30599976 471.57000732
-17.40500069 -33.67800140 471.57000732
-17.40500069 -33.04899979 471.57000732
-17.40500069 -32.42100143 471.57000732
-17.40500069 -31.79299927 471.57000732
-17.40600014 -31.16600037 471.57998657
-17.40600014 -30.53899956 471.58999634
-17.40600014 -29.91099930 471.58999634
-17.40600014 -29.28400040 471.58999634
-17.40600014 -28.65600014 471.58999634
-17.40600014 -28.02700043 471.58999634
-17.40600014 -27.39900017 471.58999634
-17.40600014 -26.77099991 471.58999634
-17.40600014 -26.14299965 471.58999634
-17.40600014 -25.51499939 471.58999634
-17.40600014 -24.88800049 471.60000610
-17.40600014 -24.26000023 471.60000610
-17.40699959 -23.63299942 471.60998535
-17.40699959 -23.00399971 471.60998535
-17.40699959 -22.37700081 471.61999512
-17.40699959 -21.74900055 471.61999512
-17.40699959 -21.12100029 471.61999512
-17.40699959 -20.49300003 471.61999512
-17.40699959 -19.86400032 471.63000488
-17.40699959 -19.23600006 471.63000488
-17.40699959 -18.60899925 471.63000488
-17.40800095 -17.98100090 471.63000488
-17.40800095 -17.35300064 471.64001465
-17.40800095 -16.72500038 471.64999390
-17.40800095 -16.09700012 471.64999390
-17.40800095 -15.46899986 471.64999390
-17.40800095 -14.84000015 471.64001465
-17.40800095 -14.21100044 471.64001465
-17.40800095 -13.58399963 471.64001465
-17.40800095 -12.95499992 471.64999390
-17.40900040 -12.32699966 471.66000366
-17.40900040 -11.69999981 471.66000366
-17.40900040 -11.07100010 471.66000366
-17.40900040 -10.44400024 471.66000366
-17.40800095 -9.81599998 471.66000366
-17.40800095 -9.18690014 471.64999390
-17.40800095 -8.55860043 471.64999390
-17.40800095 -7.92999983 471.64999390
-17.40900040 -7.30149984 471.66000366
-17.40900040 -6.67250013 471.66000366
-17.40900040 -6.04500008 471.66000366
-17.40900040 -5.41739988 471.67001343
-17.40900040 -4.78929996 471.67001343
-17.40900040 -4.16149998 471.67999268
-17.40900040 -3.53360009 471.67999268
-17.40900040 -2.90510011 471.67999268
-17.40900040 -2.27659988 471.67999268
-17.40900040 -1.64779997 471.67001343
-17.40900040 -0.39063001 471.67999268
-17.40900040 0.23746000 471.67999268
-17.40999985 0.86453003 471.69000244
-17.40900040 1.49189997 471.67999268
-17.40900040 2.12010002 471.67001343
-17.40900040 2.74889994 471.67999268
-17.40900040 3.37649989 471.67001343
-17.40900040 4.00559998 471.67001343
-17.40900040 4.63399982 471.67001343
-17.40900040 5.26329994 471.67999268
-17.40900040 5.89139986 471.67999268
-17.40999985 6.51959991 471.67999268
-17.40999985 7.14760017 471.69000244
-17.40999985 7.77430010 471.69000244
-17.40999985 8.40310001 471.69000244
-17.40999985 9.03160000 471.67999268
-17.40999985 9.65900040 471.69000244
-17.40900040 10.28800011 471.67999268
-17.40900040 10.91699982 471.67999268
-17.40999985 11.54500008 471.67999268
-17.40900040 12.17399979 471.67999268
-17.40999985 12.80300045 471.67999268
-17.40999985 13.42899990 471.69000244
-17.40999985 14.05799961 471.69000244
-17.40999985 14.68599987 471.69000244
-17.40999985 15.31400013 471.67999268
-17.40999985 15.94299984 471.67999268
-17.40999985 16.57200050 471.67999268
-17.40900040 17.20000076 471.67999268
-17.40900040 17.82699966 471.67999268
-17.40900040 18.45599937 471.67001343
-17.40900040 19.08300018 471.67999268
-17.40900040 19.71199989 471.67999268
-17.40900040 20.34000015 471.67001343
-17.40900040 20.96800041 471.67001343
-17.40900040 21.59600067 471.67001343
-17.40900040 22.22500038 471.67001343
-17.40900040 22.85300064 471.67001343
-17.40900040 23.48200035 471.67001343
-17.40900040 24.11000061 471.67001343
-17.40900040 24.73800087 471.67001343
-17.40900040 25.36700058 471.66000366
-17.40900040 25.99500084 471.66000366
-17.40900040 26.62299919 471.66000366
-17.40900040 27.25099945 471.66000366
-17.40900040 27.87899971 471.66000366
-17.40900040 28.50799942 471.66000366
-17.40900040 29.13599968 471.66000366
-17.40900040 29.76499939 471.66000366
-17.40900040 30.39299965 471.66000366
-17.40900040 31.02099991 471.66000366
-17.40900040 31.64900017 471.66000366
-17.40800095 32.27700043 471.64999390
-17.40800095 32.90499878 471.64999390
-17.40800095 33.53300095 471.64999390
-17.40800095 34.16099930 471.64999390
-17.40800095 34.78900146 471.64001465
-17.40800095 35.41699982 471.64001465
-17.40800095 36.04499817 471.63000488
-17.40699959 36.67300034 471.61999512
-17.40699959 37.30099869 471.61999512
-17.40699959 37.92900085 471.61999512
-17.40699959 38.55699921 471.61999512
-17.40699959 39.18500137 471.61999512
-17.40699959 39.81299973 471.60998535
-17.40699959 40.44100189 471.60998535
-17.40699959 41.06900024 471.60000610
-17.40699959 41.69699860 471.60000610
-17.40600014 42.32500076 471.60000610
-17.40600014 42.95199966 471.58999634
-17.40600014 43.58000183 471.58999634
-17.40600014 44.20800018 471.57998657
-17.40600014 44.83599854 471.57000732
-17.40500069 45.46300125 471.57000732
-16.78199959 45.47499847 471.69000244
-16.78199959 44.84700012 471.70001221
-16.78300095 44.22000122 471.70999146
-16.78300095 43.59299850 471.72000122
-16.78300095 42.96500015 471.72000122
-16.78300095 42.33599854 471.72000122
-16.78300095 41.70800018 471.72000122
-16.78300095 41.07899857 471.73001099
-16.78400040 40.45100021 471.73001099
-16.78400040 39.82400131 471.73999023
-16.78400040 39.19599915 471.75000000
-16.78400040 38.56800079 471.75000000
-16.78400040 37.93899918 471.75000000
-16.78400040 37.31000137 471.73999023
-16.78400040 36.68199921 471.73999023
-16.78400040 36.05400085 471.75000000
-16.78400040 35.42599869 471.75000000
-16.78499985 34.79800034 471.76000977
-16.78499985 34.16999817 471.76000977
-16.78499985 33.54199982 471.76998901
-16.78499985 32.91299820 471.76998901
-16.78499985 32.28599930 471.76998901
-16.78499985 31.65699959 471.77999878
-16.78499985 31.02899933 471.77999878
-16.78599930 30.40099907 471.79000854
-16.78599930 29.77300072 471.79000854
-16.78499985 29.14399910 471.77999878
-16.78599930 28.51499939 471.79000854
-16.78499985 27.88699913 471.77999878
-16.78599930 27.25799942 471.79000854
-16.78599930 26.62999916 471.79000854
-16.78599930 26.00200081 471.79000854
-16.78599930 25.37400055 471.79000854
-16.78599930 24.74500084 471.79998779
-16.78599930 24.11700058 471.79998779
-16.78599930 23.48800087 471.79998779
-16.78599930 22.85899925 471.79000854
-16.78599930 22.22999954 471.79998779
-16.78599930 21.60199928 471.79998779
-16.78599930 20.97400093 471.80999756
-16.78599930 20.34600067 471.80999756
-16.78599930 19.71699905 471.80999756
-16.78599930 19.08900070 471.79998779
-16.78599930 18.46199989 471.79998779
-16.78599930 17.83200073 471.79998779
-16.78599930 17.20400047 471.79998779
-16.78599930 16.57500076 471.80999756
-16.78599930 15.94699955 471.80999756
-16.78599930 15.31799984 471.80999756
-16.78599930 14.68999958 471.80999756
-16.78599930 14.06200027 471.80999756
-16.78599930 13.43299961 471.80999756
-16.78599930 12.80599976 471.80999756
-16.78599930 12.17700005 471.80999756
-16.78599930 11.54800034 471.80999756
-16.78599930 10.92000008 471.79998779
-16.78599930 10.29100037 471.79998779
-16.78599930 9.66139984 471.80999756
-16.78599930 9.03339958 471.80999756
-16.78700066 8.40550041 471.82000732
-16.78599930 7.77710009 471.80999756
-16.78599930 7.14930010 471.79998779
-16.78599930 6.52129984 471.79998779
-16.78599930 5.89249992 471.79998779
-16.78599930 5.26389980 471.79998779
-16.78599930 3.37709999 471.79000854
-16.78599930 2.74830008 471.79998779
-16.78599930 2.12039995 471.79998779
-16.78599930 1.49240005 471.80999756
-16.78599930 0.86495000 471.80999756
-16.78599930 0.23762000 471.80999756
-16.78599930 -0.39091000 471.79998779
-16.78599930 -1.64839995 471.79000854
-16.78599930 -2.27729988 471.79998779
-16.78599930 -2.90590000 471.79998779
-16.78599930 -3.53489995 471.79998779
-16.78599930 -4.16279984 471.79998779
-16.78599930 -4.79090023 471.79998779
-16.78599930 -5.41900015 471.79998779
-16.78599930 -6.04680014 471.79000854
-16.78599930 -6.67490005 471.79000854
-16.78499985 -7.30340004 471.79000854
-16.78499985 -7.93230009 471.77999878
-16.78499985 -8.56070042 471.77999878
-16.78499985 -9.18929958 471.76998901
-16.78499985 -9.81859970 471.76998901
-16.78499985 -10.44699955 471.77999878
-16.78499985 -11.07400036 471.77999878
-16.78499985 -11.70300007 471.77999878
-16.78499985 -12.33100033 471.77999878
-16.78499985 -12.95899963 471.77999878
-16.78499985 -13.58699989 471.76998901
-16.78499985 -14.21500015 471.76000977
-16.78499985 -14.84399986 471.76998901
-16.78499985 -15.47299957 471.76998901
-16.78499985 -16.10099983 471.76998901
-16.78499985 -16.72900009 471.76998901
-16.78400040 -17.35799980 471.76000977
-16.78400040 -17.98600006 471.75000000
-16.78400040 -18.61400032 471.75000000
-16.78400040 -19.24099922 471.75000000
-16.78400040 -19.86899948 471.75000000
-16.78400040 -20.49799919 471.73999023
-16.78400040 -21.12599945 471.73999023
-16.78400040 -21.75399971 471.73999023
-16.78400040 -22.38299942 471.73999023
-16.78400040 -23.01000023 471.73999023
-16.78400040 -23.63899994 471.73999023
-16.78300095 -24.26700020 471.73001099
-16.78300095 -24.89500046 471.72000122
-16.78300095 -25.52199936 471.70999146
-16.78300095 -26.14999962 471.70999146
-16.78300095 -26.77799988 471.70999146
-16.78300095 -27.40600014 471.70999146
-16.78300095 -28.03400040 471.70999146
-16.78300095 -28.66300011 471.70999146
-16.78300095 -29.29100037 471.70999146
-16.78300095 -29.91900063 471.70999146
-16.78300095 -30.54700089 471.70999146
-16.78199959 -31.80299950 471.70001221
-16.78199959 -32.43000031 471.70001221
-16.78199959 -33.05899811 471.70001221
-16.78199959 -33.68700027 471.70001221
-16.78199959 -34.31399918 471.69000244
-16.78100014 -34.94200134 471.67999268
-16.78100014 -36.82500076 471.67001343
-16.78100014 -38.08100128 471.67001343
-16.78100014 -38.70800018 471.66000366
-16.78100014 -39.33599854 471.64999390
-16.78100014 -39.96400070 471.64999390
-16.78000069 -40.59199905 471.64999390
-16.78100014 -41.22100067 471.66000366
-16.78100014 -41.84799957 471.64999390
-16.78000069 -42.47600174 471.64999390
-16.78000069 -43.72999954 471.64001465
-16.78000069 -44.35800171 471.64001465
-16.78000069 -44.98600006 471.64001465
-16.78000069 -45.61399841 471.63000488
-16.78000069 -46.24200058 471.63000488
-16.78000069 -46.86899948 471.61999512
-16.78000069 -47.49700165 471.61999512
-16.77899933 -48.12500000 471.61999512
-16.77899933 -48.75199890 471.60998535
-16.77899933 -50.00699997 471.60000610
-16.15500069 -50.01900101 471.72000122
-16.15500069 -49.39099884 471.72000122
-16.15600014 -48.76499939 471.73001099
-16.15600014 -48.13700104 471.73999023
-16.15600014 -47.50999832 471.75000000
-16.15600014 -46.88199997 471.75000000
-16.15600014 -46.25400162 471.75000000
-16.15600014 -45.62599945 471.75000000
-16.15699959 -42.48600006 471.76000977
-16.15699959 -41.85800171 471.76998901
-16.15699959 -41.23099899 471.77999878
-16.15699959 -40.60200119 471.77999878
-16.15699959 -39.97499847 471.77999878
-16.15699959 -39.34700012 471.77999878
-16.15800095 -38.72000122 471.79000854
-16.15800095 -38.09199905 471.79000854
-16.15800095 -36.83499908 471.79000854
-16.15800095 -36.20700073 471.79998779
-16.15800095 -35.58000183 471.79998779
-16.15800095 -34.95199966 471.80999756
-16.15900040 -34.32400131 471.82000732
-16.15800095 -33.69499969 471.80999756
-16.15900040 -33.06700134 471.82000732
-16.15900040 -32.43899918 471.82000732
-16.15900040 -31.81100082 471.82998657
-16.15900040 -30.55500031 471.82998657
-16.15900040 -29.92700005 471.82998657
-16.15900040 -29.29899979 471.82998657
-16.15900040 -28.67000008 471.82998657
-16.15900040 -28.04100037 471.82998657
-16.15900040 -27.41300011 471.82998657
-16.15900040 -26.78499985 471.82998657
-16.15900040 -26.15699959 471.83999634
-16.15900040 -25.52899933 471.83999634
-16.15999985 -24.90099907 471.85000610
-16.15999985 -24.27300072 471.85000610
-16.15999985 -23.64500046 471.85000610
-16.15999985 -23.01600075 471.85998535
-16.15999985 -22.38800049 471.85998535
-16.15999985 -21.75900078 471.85998535
-16.15999985 -21.13100052 471.86999512
-16.15999985 -20.50399971 471.86999512
-16.15999985 -19.87500000 471.86999512
-16.15999985 -19.24600029 471.86999512
-16.15999985 -18.61899948 471.86999512
-16.16099930 -17.98999977 471.88000488
-16.16099930 -17.36199951 471.88000488
-16.16099930 -16.73399925 471.89001465
-16.16099930 -16.10499954 471.89999390
-16.16099930 -15.47599983 471.89001465
-16.16099930 -14.84799957 471.89999390
-16.16099930 -14.21899986 471.89999390
-16.16200066 -13.59200001 471.89999390
-16.16099930 -12.96399975 471.89999390
-16.16099930 -12.33399963 471.89001465
-16.16099930 -11.70600033 471.89001465
-16.16099930 -11.07699966 471.89999390
-16.16099930 -10.44900036 471.89999390
-16.16099930 -9.82100010 471.89999390
-16.16099930 -9.19200039 471.89999390
-16.16200066 -8.56289959 471.89999390
-16.16200066 -7.93470001 471.91000366
-16.16200066 -7.30600023 471.91000366
-16.16200066 -6.67759991 471.92001343
-16.16200066 -6.04820013 471.91000366
-16.16200066 -5.42000008 471.92001343
-16.16200066 -4.79220009 471.92001343
-16.16200066 -4.16389990 471.92999268
-16.16200066 -3.53539991 471.92001343
-16.16200066 -2.90639997 471.92001343
-16.16200066 -2.27760005 471.92001343
-16.16200066 -0.39087000 471.92001343
-16.16200066 0.23750000 471.92999268
-16.16200066 0.86505997 471.92999268
-16.16200066 1.49290001 471.92999268
-16.16200066 2.12100005 471.92999268
-16.16200066 2.74920011 471.92001343
-16.16200066 3.37789989 471.92001343
-16.16200066 4.00699997 471.92001343
-16.16200066 4.63590002 471.92001343
-16.16200066 5.26490021 471.92999268
-16.16300011 5.89359999 471.92999268
-16.16300011 6.52229977 471.92999268
-16.16300011 7.15119982 471.94000244
-16.16300011 7.77930021 471.94000244
-16.16300011 8.40730000 471.94000244
-16.16300011 9.03549957 471.92999268
-16.16300011 9.66390038 471.92999268
-16.16200066 10.29300022 471.92001343
-16.16200066 10.92199993 471.92999268
-16.16300011 11.55099964 471.92999268
-16.16300011 12.18000031 471.92999268
-16.16300011 12.80900002 471.92999268
-16.16300011 13.43700027 471.92999268
-16.16300011 14.06599998 471.92999268
-16.16300011 14.69400024 471.92999268
-16.16300011 15.32199955 471.92999268
-16.16300011 15.95100021 471.92999268
-16.16300011 16.57999992 471.92999268
-16.16300011 17.20800018 471.92999268
-16.16200066 17.83699989 471.92999268
-16.16200066 18.46699905 471.92999268
-16.16300011 19.09499931 471.92999268
-16.16300011 19.72299957 471.92999268
-16.16300011 20.35099983 471.92999268
-16.16300011 20.97999954 471.92999268
-16.16300011 21.60799980 471.92999268
-16.16200066 22.23600006 471.92999268
-16.16200066 22.86499977 471.92001343
-16.16200066 23.49399948 471.92999268
-16.16300011 24.12299919 471.92999268
-16.16300011 24.75200081 471.92999268
-16.16300011 25.38100052 471.92999268
-16.16200066 26.01000023 471.92001343
-16.16200066 26.63800049 471.92001343
-16.16200066 27.26600075 471.91000366
-16.16200066 27.89399910 471.91000366
-16.16200066 28.52199936 471.91000366
-16.16200066 29.15099907 471.89999390
-16.16200066 29.78000069 471.91000366
-16.16200066 30.40800095 471.91000366
-16.16200066 31.03700066 471.89999390
-16.16200066 31.66500092 471.89999390
-16.16099930 32.29299927 471.89001465
-16.16099930 32.92200089 471.89001465
-16.16099930 33.54999924 471.89001465
-16.16099930 34.17900085 471.89001465
-16.16099930 34.80699921 471.89001465
-16.16099930 35.43600082 471.89001465
-16.16099930 36.06399918 471.88000488
-16.16099930 36.69200134 471.88000488
-16.16099930 37.32099915 471.86999512
-16.16099930 37.95000076 471.88000488
-16.16099930 38.57799911 471.86999512
-16.15999985 39.20600128 471.86999512
-16.15999985 39.83399963 471.85998535
-16.15999985 40.46200180 471.85000610
-16.15999985 41.09000015 471.85000610
-16.15999985 41.71900177 471.85000610
-16.15999985 42.34700012 471.85000610
-16.15999985 42.97600174 471.83999634
-16.15900040 43.60400009 471.83999634
-16.15900040 44.23099899 471.82998657
-16.15900040 44.85900116 471.82000732
-16.15900040 45.48699951 471.82000732
-15.53499985 45.50000000 471.95001221
-15.53499985 44.87099838 471.95001221
-15.53600025 44.24300003 471.95999146
-15.53600025 43.61600113 471.97000122
-15.53600025 42.98799896 471.97000122
-15.53600025 42.35900116 471.98001099
-15.53600025 41.73099899 471.98001099
-15.53600025 41.10200119 471.98001099
-15.53600025 40.47299957 471.98001099
-15.53600025 39.84500122 471.98999023
-15.53699970 39.21599960 471.98999023
-15.53699970 38.58800125 472.00000000
-15.53699970 37.95999908 472.00000000
-15.53699970 37.33100128 472.00000000
-15.53699970 36.70199966 472.01000977
-15.53699970 36.07300186 472.01000977
-15.53699970 35.44499969 472.01000977
-15.53699970 34.81700134 472.01000977
-15.53699970 34.18799973 472.01000977
-15.53699970 33.55899811 472.01000977
-15.53699970 32.93000031 472.01000977
-15.53699970 32.30099869 472.01000977
-15.53800011 31.67200089 472.01998901
-15.53800011 31.04400063 472.01998901
-15.53800011 30.41600037 472.01998901
-15.53800011 29.78800011 472.02999878
-15.53800011 29.15900040 472.02999878
-15.53800011 28.53100014 472.02999878
-15.53800011 27.90200043 472.04000854
-15.53800011 27.27400017 472.04000854
-15.53899956 26.64500046 472.04998779
-15.53899956 26.01600075 472.04998779
-15.53899956 25.38800049 472.04998779
-15.53899956 24.75799942 472.04998779
-15.53899956 24.12899971 472.04998779
-15.53800011 23.50000000 472.04998779
-15.53800011 22.87100029 472.04998779
-15.53899956 22.24200058 472.04998779
-15.53899956 21.61400032 472.05999756
-15.53899956 20.98600006 472.05999756
-15.53899956 20.35700035 472.05999756
-15.53899956 19.72800064 472.05999756
-15.53899956 19.09900093 472.05999756
-15.53800011 18.47100067 472.04998779
-15.53800011 17.84099960 472.04998779
-15.53899956 17.21299934 472.04998779
-15.53899956 16.58399963 472.05999756
-15.53899956 15.95499992 472.05999756
-15.53899956 15.32600021 472.05999756
-15.53899956 14.69799995 472.04998779
-15.53899956 14.06900024 472.05999756
-15.53899956 13.44099998 472.07000732
-15.53899956 12.81299973 472.05999756
-15.53899956 12.18400002 472.05999756
-15.53899956 11.55399990 472.05999756
-15.53899956 10.92500019 472.05999756
-15.53899956 10.29599953 472.05999756
-15.53899956 9.66709995 472.05999756
-15.53899956 9.03759956 472.05999756
-15.53899956 8.40919971 472.05999756
-15.53899956 7.78079987 472.05999756
-15.53899956 7.15259981 472.05999756
-15.53899956 6.52409983 472.05999756
-15.53899956 5.89519978 472.05999756
-15.53899956 3.37870002 472.04998779
-15.53899956 2.74979997 472.04998779
-15.53899956 2.12159991 472.05999756
-15.53899956 1.49380004 472.05999756
-15.53800011 0.86537999 472.04998779
-15.53800011 0.23761000 472.04000854
-15.53800011 -0.39069000 472.04000854
-15.53800011 -1.01979995 472.04000854
-15.53800011 -1.64909995 472.04998779
-15.53800011 -2.27850008 472.04998779
-15.53899956 -2.90739989 472.04998779
-15.53899956 -3.53690004 472.04998779
-15.53800011 -4.16520023 472.04998779
-15.53800011 -4.79370022 472.04998779
-15.53800011 -5.42220020 472.04998779
-15.53800011 -6.05019999 472.04000854
-15.53800011 -6.68020010 472.04000854
-15.53800011 -7.30819988 472.04000854
-15.53800011 -7.93660021 472.04000854
-15.53800011 -8.56529999 472.02999878
-15.53800011 -9.19429970 472.02999878
-15.53800011 -9.82289982 472.01998901
-15.53800011 -10.45199966 472.01998901
-15.53699970 -11.70899963 472.01998901
-15.53699970 -12.33800030 472.01000977
-15.53699970 -12.96700001 472.01998901
-15.53699970 -13.59500027 472.01998901
-15.53699970 -14.22299957 472.01998901
-15.53699970 -14.85200024 472.01998901
-15.53699970 -15.47999954 472.01000977
-15.53699970 -16.10899925 472.01000977
-15.53699970 -16.73800087 472.01998901
-15.53699970 -17.36599922 472.01000977
-15.53699970 -17.99500084 472.00000000
-15.53699970 -18.62299919 472.00000000
-15.53699970 -19.25200081 472.00000000
-15.53699970 -19.87999916 472.00000000
-15.53600025 -20.50799942 471.98999023
-15.53600025 -21.13699913 471.98999023
-15.53600025 -21.76499939 471.98999023
-15.53600025 -22.39399910 471.98999023
-15.53600025 -23.02199936 471.98001099
-15.53600025 -23.65099907 471.98001099
-15.53600025 -24.28000069 471.98001099
-15.53600025 -24.90800095 471.97000122
-15.53600025 -25.53700066 471.97000122
-15.53499985 -26.16500092 471.95999146
-15.53499985 -26.79299927 471.95999146
-15.53499985 -27.42099953 471.95999146
-15.53499985 -28.04899979 471.95999146
-15.53499985 -28.67799950 471.95999146
-15.53499985 -31.81999969 471.95001221
-15.53499985 -32.44800186 471.95001221
-15.53499985 -33.07600021 471.94000244
-15.53499985 -33.70299911 471.92999268
-15.53400040 -34.33200073 471.92999268
-15.53400040 -34.95999908 471.92999268
-15.53400040 -35.58900070 471.92999268
-15.53400040 -36.21599960 471.92001343
-15.53400040 -36.84400177 471.91000366
-15.53400040 -37.47299957 471.91000366
-15.53400040 -38.10200119 471.91000366
-15.53400040 -38.73099899 471.92001343
-15.53400040 -39.35900116 471.92001343
-15.53400040 -39.98600006 471.91000366
-15.53400040 -40.61399841 471.91000366
-15.53299999 -44.38000107 471.86999512
-15.53299999 -45.00899887 471.86999512
-15.53299999 -45.63700104 471.86999512
-15.53299999 -46.26499939 471.86999512
-15.53299999 -46.89400101 471.86999512
-15.53100014 -50.03200150 471.83999634
-14.90799999 -48.78900146 471.97000122
-14.90799999 -48.16199875 471.98999023
-14.90799999 -47.53499985 471.98999023
-14.90900040 -46.90599823 472.00000000
-14.90799999 -45.64899826 472.00000000
-14.90900040 -41.25199890 472.01998901
-14.90999985 -40.62500000 472.02999878
-14.90999985 -39.99700165 472.04000854
-14.90999985 -39.36899948 472.04998779
-14.90999985 -38.74100113 472.04998779
-14.90999985 -38.11299896 472.04998779
-14.90999985 -37.48300171 472.04998779
-14.90999985 -36.22600174 472.04998779
-14.90999985 -35.59799957 472.05999756
-14.90999985 -34.97000122 472.05999756
-14.91100025 -34.34199905 472.07000732
-14.91100025 -33.71400070 472.07000732
-14.91100025 -33.08599854 472.07998657
-14.91100025 -32.45700073 472.07998657
-14.91100025 -31.82799911 472.07998657
-14.91100025 -30.57099915 472.07998657
-14.91100025 -29.94300079 472.07998657
-14.91100025 -27.42900085 472.07998657
-14.91100025 -26.80100060 472.07998657
-14.91100025 -26.17200089 472.08999634
-14.91199970 -25.54400063 472.10000610
-14.91199970 -24.91500092 472.10000610
-14.91199970 -24.28599930 472.10998535
-14.91199970 -23.65699959 472.10000610
-14.91199970 -23.02799988 472.10998535
-14.91199970 -22.39999962 472.10998535
-14.91199970 -21.77000046 472.10998535
-14.91199970 -21.14200020 472.11999512
-14.91199970 -20.51399994 472.11999512
-14.91199970 -19.88599968 472.11999512
-14.91199970 -19.25699997 472.11999512
-14.91199970 -18.62800026 472.11999512
-14.91300011 -18.00000000 472.13000488
-14.91300011 -17.37100029 472.13000488
-14.91300011 -16.74200058 472.14001465
-14.91300011 -16.11300087 472.13000488
-14.91300011 -14.85499954 472.14001465
-14.91300011 -14.22700024 472.14001465
-14.91300011 -13.59899998 472.14999390
-14.91300011 -12.97000027 472.14999390
-14.91300011 -12.34099960 472.14999390
-14.91300011 -11.71199989 472.14999390
-14.91399956 -10.45400047 472.16000366
-14.91399956 -9.82569981 472.16000366
-14.91399956 -9.19709969 472.16000366
-14.91399956 -8.56799984 472.17001343
-14.91399956 -7.93860006 472.17001343
-14.91399956 -7.31010008 472.17001343
-14.91399956 -6.68190002 472.17001343
-14.91399956 -6.05210018 472.17001343
-14.91399956 -5.42399979 472.17001343
-14.91399956 -4.79489994 472.16000366
-14.91399956 -4.16610003 472.17001343
-14.91399956 -3.53810000 472.17999268
-14.91399956 -2.90790009 472.17001343
-14.91399956 -2.27880001 472.17001343
-14.91399956 -1.64919996 472.17001343
-14.91399956 -0.39087000 472.17001343
-14.91399956 0.23750000 472.17001343
-14.91399956 0.86567003 472.17001343
-14.91399956 1.49450004 472.17999268
-14.91399956 2.12240005 472.17999268
-14.91399956 2.75099993 472.17999268
-14.91399956 3.37980008 472.17999268
-14.91399956 4.00909996 472.17999268
-14.91499996 4.63840008 472.17999268
-14.91499996 5.26779985 472.19000244
-14.91499996 5.89680004 472.19000244
-14.91499996 6.52549982 472.19000244
-14.91499996 7.15469980 472.19000244
-14.91499996 7.78319979 472.19000244
-14.91399956 8.41269970 472.17999268
-14.91499996 9.04139996 472.19000244
-14.91499996 9.67049980 472.19000244
-14.91499996 10.29899979 472.19000244
-14.91499996 10.92800045 472.19000244
-14.91499996 11.55700016 472.19000244
-14.91499996 12.18599987 472.19000244
-14.91499996 12.81599998 472.19000244
-14.91499996 13.44400024 472.17999268
-14.91399956 14.07299995 472.17999268
-14.91399956 14.70199966 472.17999268
-14.91399956 15.33100033 472.17999268
-14.91499996 15.96000004 472.19000244
-14.91399956 16.58799934 472.17999268
-14.91399956 17.21699905 472.17999268
-14.91399956 17.84600067 472.17001343
-14.91399956 18.47500038 472.17001343
-14.91399956 19.10400009 472.17999268
-14.91499996 19.73299980 472.17999268
-14.91499996 20.36199951 472.17999268
-14.91499996 20.99099922 472.17999268
-14.91399956 21.62000084 472.17999268
-14.91399956 22.24900055 472.17999268
-14.91399956 22.87800026 472.17001343
-14.91399956 23.50600052 472.17001343
-14.91399956 24.13500023 472.17001343
-14.91399956 24.76399994 472.17001343
-14.91399956 25.39399910 472.17001343
-14.91399956 26.02300072 472.17001343
-14.91399956 26.65200043 472.17001343
-14.91399956 27.28000069 472.16000366
-14.91399956 27.90900040 472.16000366
-14.91399956 28.53800011 472.14999390
-14.91300011 29.16600037 472.14999390
-14.91300011 29.79500008 472.14999390
-14.91300011 30.42399979 472.14999390
-14.91300011 31.05200005 472.14001465
-14.91300011 31.68099976 472.14001465
-14.91300011 32.30899811 472.14001465
-14.91300011 32.93799973 472.14001465
-14.91300011 33.56700134 472.13000488
-14.91300011 34.19699860 472.14001465
-14.91300011 34.82600021 472.14001465
-14.91300011 35.45500183 472.14001465
-14.91300011 36.08300018 472.13000488
-14.91300011 36.71200180 472.13000488
-14.91300011 37.34099960 472.13000488
-14.91300011 37.97000122 472.13000488
-14.91300011 38.59799957 472.11999512
-14.91199970 39.22600174 472.10998535
-14.91199970 39.85499954 472.10998535
-14.91199970 40.48400116 472.10998535
-14.91199970 41.11199951 472.10998535
-14.91199970 41.74100113 472.10000610
-14.91199970 42.36999893 472.10000610
-14.91199970 42.99800110 472.08999634
-14.91199970 43.62699890 472.08999634
-14.91100025 44.25500107 472.07998657
-14.91100025 44.88399887 472.07998657
-14.91100025 45.51200104 472.07000732
-14.28699970 45.52399826 472.20001221
-14.28699970 44.89500046 472.20001221
-14.28699970 44.26699829 472.20999146
-14.28699970 43.63800049 472.20999146
-14.28699970 43.00999832 472.22000122
-14.28800011 42.38100052 472.23001099
-14.28800011 41.75199890 472.23001099
-14.28800011 41.12400055 472.23999023
-14.28800011 39.86600113 472.23999023
-14.28800011 38.60900116 472.25000000
-14.28800011 37.97999954 472.25000000
-14.28800011 37.35100174 472.25000000
-14.28800011 36.72100067 472.26000977
-14.28800011 36.09199905 472.26000977
-14.28899956 35.46400070 472.26000977
-14.28899956 34.83499908 472.26000977
-14.28899956 34.20600128 472.26000977
-14.28899956 33.57600021 472.26000977
-14.28899956 32.94699860 472.26000977
-14.28899956 32.31800079 472.26000977
-14.28899956 31.68899918 472.26998901
-14.28899956 31.05999947 472.26998901
-14.28899956 30.43099976 472.26998901
-14.28899956 29.80299950 472.26998901
-14.28899956 29.17399979 472.26998901
-14.28899956 28.54500008 472.27999878
-14.28899956 27.91600037 472.27999878
-14.28899956 27.28700066 472.27999878
-14.28899956 26.65800095 472.29000854
-14.28899956 26.02899933 472.29000854
-14.28899956 25.39999962 472.29000854
-14.28899956 24.77099991 472.29000854
-14.28899956 24.14200020 472.29000854
-14.28899956 23.51300049 472.29000854
-14.28999996 22.88400078 472.29998779
-14.28999996 22.25499916 472.29998779
-14.28999996 21.62599945 472.29998779
-14.28999996 20.99699974 472.29998779
-14.28999996 20.36700058 472.29998779
-14.28999996 19.73699951 472.29998779
-14.28999996 19.10799980 472.29998779
-14.28999996 18.47900009 472.29998779
-14.28999996 17.85000038 472.29998779
-14.28999996 17.22100067 472.30999756
-14.28999996 16.59300041 472.30999756
-14.28999996 15.96399975 472.30999756
-14.28999996 15.33500004 472.30999756
-14.28999996 14.70600033 472.29998779
-14.28999996 14.07699966 472.30999756
-14.28999996 13.44799995 472.30999756
-14.28999996 12.81900024 472.32000732
-14.28999996 12.18900013 472.32000732
-14.28999996 11.56000042 472.32000732
-14.28999996 10.93000031 472.32000732
-14.28999996 10.30200005 472.32000732
-14.28999996 9.67280006 472.32000732
-14.28999996 9.04380035 472.32000732
-14.28999996 8.41520023 472.30999756
-14.28999996 7.78579998 472.32000732
-14.28999996 7.15689993 472.30999756
-14.28999996 6.52710009 472.32000732
-14.28999996 5.89839983 472.32000732
-14.28999996 5.26929998 472.30999756
-14.28999996 4.63990021 472.30999756
-14.28999996 4.01049995 472.30999756
-14.28999996 3.38089991 472.30999756
-14.28999996 2.75200009 472.30999756
-14.28999996 2.12330008 472.30999756
-14.28999996 1.49460006 472.29998779
-14.28999996 0.86589003 472.29998779
-14.28999996 0.23746000 472.29998779
-14.28899956 -0.39111999 472.29000854
-14.28999996 -1.64979994 472.29998779
-14.28999996 -2.27950001 472.29998779
-14.28999996 -2.90849996 472.30999756
-14.28999996 -3.53850007 472.30999756
-14.28899956 -4.16680002 472.29000854
-14.28899956 -4.79710007 472.29000854
-14.28899956 -5.42600012 472.29000854
-14.28899956 -6.05439997 472.29000854
-14.28899956 -6.68300009 472.29000854
-14.28899956 -7.31169987 472.29000854
-14.28899956 -7.94059992 472.29000854
-14.28899956 -8.57059956 472.29000854
-14.28899956 -9.19950008 472.29000854
-14.28899956 -9.82810020 472.29000854
-14.28899956 -10.45699978 472.27999878
-14.28899956 -11.08600044 472.26998901
-14.28899956 -11.71599960 472.26998901
-14.28899956 -12.34500027 472.27999878
-14.28899956 -12.97399998 472.27999878
-14.28899956 -13.60200024 472.27999878
-14.28899956 -14.23099995 472.26998901
-14.28800011 -14.85799980 472.26000977
-14.28800011 -16.11700058 472.26000977
-14.28800011 -16.74600029 472.26000977
-14.28800011 -17.37599945 472.26000977
-14.28800011 -18.00399971 472.25000000
-14.28800011 -18.63299942 472.25000000
-14.28800011 -19.26199913 472.25000000
-14.28800011 -19.89100075 472.25000000
-14.28800011 -20.52000046 472.23999023
-14.28800011 -21.14900017 472.23999023
-14.28800011 -21.77799988 472.25000000
-14.28800011 -22.40699959 472.25000000
-14.28800011 -23.03400040 472.23999023
-14.28800011 -23.66300011 472.23001099
-14.28699970 -24.29199982 472.23001099
-14.28699970 -24.92099953 472.22000122
-14.28699970 -25.55100060 472.22000122
-14.28699970 -26.18000031 472.22000122
-14.28699970 -26.80800056 472.22000122
-14.28699970 -27.43600082 472.20999146
-14.28699970 -28.06500053 472.20999146
-14.28699970 -29.95100021 472.20999146
-14.28699970 -30.57999992 472.20999146
-14.28699970 -31.20899963 472.20999146
-14.28699970 -31.83799934 472.20999146
-14.28699970 -32.46599960 472.20001221
-14.28699970 -33.09500122 472.20001221
-14.28600025 -33.72299957 472.19000244
-14.28600025 -34.35100174 472.19000244
-14.28600025 -34.97999954 472.17999268
-14.28600025 -35.60800171 472.17999268
-14.28600025 -36.23699951 472.17999268
-14.28600025 -37.49399948 472.17999268
-14.28600025 -38.12300110 472.17999268
-14.28600025 -38.75099945 472.17001343
-14.28499985 -39.37900162 472.16000366
-14.28499985 -40.00699997 472.16000366
-14.28499985 -40.63499832 472.14999390
-14.28499985 -41.26300049 472.14999390
-14.28499985 -41.89099884 472.14001465
-14.28400040 -42.52000046 472.13000488
-14.28499985 -43.14799881 472.14001465
-14.28400040 -43.77600098 472.13000488
-14.28400040 -44.40499878 472.13000488
-14.28400040 -45.03400040 472.13000488
-14.28400040 -45.66199875 472.13000488
-14.28400040 -46.91899872 472.13000488
-14.28400040 -47.54700089 472.11999512
-14.28400040 -48.17499924 472.11999512
-14.28400040 -48.80300140 472.10000610
-14.28299999 -49.43199921 472.10000610
-13.65900040 -49.44499969 472.23001099
-13.65900040 -48.81600189 472.23999023
-13.65900040 -48.18899918 472.23999023
-13.65900040 -47.55899811 472.23999023
-13.65999985 -46.93199921 472.26000977
-13.65999985 -46.30199814 472.25000000
-13.65999985 -45.67499924 472.26000977
-13.65999985 -45.04600143 472.26000977
-13.65999985 -44.41699982 472.26000977
-13.65999985 -43.78799820 472.26000977
-13.65999985 -43.15999985 472.26000977
-13.65999985 -42.53099823 472.26000977
-13.65999985 -41.90200043 472.26000977
-13.65999985 -41.27399826 472.26998901
-13.65999985 -40.64500046 472.26998901
-13.65999985 -40.01699829 472.27999878
-13.66100025 -39.38899994 472.27999878
-13.66100025 -38.76100159 472.29000854
-13.66100025 -38.13199997 472.29998779
-13.66100025 -37.50400162 472.29998779
-13.66100025 -36.87500000 472.29998779
-13.66100025 -36.24700165 472.30999756
-13.66100025 -35.61700058 472.30999756
-13.66100025 -34.98799896 472.30999756
-13.66100025 -34.35900116 472.30999756
-13.66199970 -33.73099899 472.32000732
-13.66199970 -33.10300064 472.32000732
-13.66199970 -32.47399902 472.32000732
-13.66199970 -31.84600067 472.32998657
-13.66199970 -31.21699905 472.32998657
-13.66199970 -30.58900070 472.33999634
-13.66199970 -29.95999908 472.33999634
-13.66199970 -27.44300079 472.33999634
-13.66199970 -26.81500053 472.33999634
-13.66199970 -26.18600082 472.35000610
-13.66199970 -25.55699921 472.35000610
-13.66300011 -24.92799950 472.35000610
-13.66300011 -24.29800034 472.35998535
-13.66300011 -23.66900063 472.35998535
-13.66300011 -23.04100037 472.35998535
-13.66300011 -22.41399956 472.36999512
-13.66300011 -21.78400040 472.36999512
-13.66300011 -19.26700020 472.36999512
-13.66300011 -18.63800049 472.38000488
-13.66300011 -18.00900078 472.38000488
-13.66300011 -17.37899971 472.38000488
-13.66399956 -16.12199974 472.39001465
-13.66399956 -15.49199963 472.39001465
-13.66399956 -14.86299992 472.39001465
-13.66399956 -14.23400021 472.39001465
-13.66399956 -13.60599995 472.39999390
-13.66399956 -12.97700024 472.39999390
-13.66399956 -12.34799957 472.39999390
-13.66399956 -11.71899986 472.39999390
-13.66399956 -11.08899975 472.39999390
-13.66399956 -10.46000004 472.41000366
-13.66399956 -9.83049965 472.41000366
-13.66399956 -9.20180035 472.41000366
-13.66399956 -8.57289982 472.42001343
-13.66399956 -7.94280005 472.42001343
-13.66499996 -7.31389999 472.42001343
-13.66399956 -6.68529987 472.42001343
-13.66499996 -6.05429983 472.42001343
-13.66499996 -5.42719984 472.42999268
-13.66499996 -4.79829979 472.42001343
-13.66499996 -4.16820002 472.42999268
-13.66499996 -3.54029989 472.42999268
-13.66499996 -2.90969992 472.42999268
-13.66499996 -2.28090000 472.42999268
-13.66499996 -1.65110004 472.42999268
-13.66499996 -1.02030003 472.42999268
-13.66499996 -0.39118999 472.42999268
-13.66499996 0.23767000 472.42999268
-13.66499996 0.86584002 472.42999268
-13.66499996 1.49430001 472.42999268
-13.66499996 2.12360001 472.42999268
-13.66499996 2.75259995 472.42999268
-13.66499996 3.38170004 472.42999268
-13.66499996 4.01149988 472.42999268
-13.66499996 4.64099979 472.44000244
-13.66499996 5.27059984 472.44000244
-13.66499996 5.89979982 472.44000244
-13.66499996 6.52869987 472.42999268
-13.66499996 7.15889978 472.42999268
-13.66499996 7.78770018 472.42999268
-13.66499996 8.41740036 472.42999268
-13.66499996 9.04640007 472.44000244
-13.66499996 9.67529964 472.44000244
-13.66499996 10.30500031 472.44000244
-13.66499996 10.93299961 472.44000244
-13.66499996 11.56299973 472.44000244
-13.66499996 12.19200039 472.45001221
-13.66499996 12.82199955 472.45001221
-13.66499996 13.45100021 472.44000244
-13.66499996 14.07999992 472.42999268
-13.66499996 14.71000004 472.42999268
-13.66499996 15.33899975 472.42999268
-13.66499996 15.96800041 472.42999268
-13.66499996 16.59700012 472.42999268
-13.66499996 17.22599983 472.42999268
-13.66499996 17.85499954 472.42001343
-13.66499996 18.48399925 472.42001343
-13.66499996 19.11300087 472.42001343
-13.66499996 19.74200058 472.42001343
-13.66499996 20.37199974 472.42001343
-13.66499996 21.00200081 472.42001343
-13.66499996 21.63100052 472.42001343
-13.66499996 22.26099968 472.42001343
-13.66399956 22.88999939 472.42001343
-13.66399956 23.51899910 472.41000366
-13.66399956 24.14800072 472.41000366
-13.66399956 24.77700043 472.41000366
-13.66399956 25.40699959 472.41000366
-13.66499996 26.03599930 472.42001343
-13.66399956 26.66500092 472.41000366
-13.66399956 27.29400063 472.41000366
-13.66399956 27.92300034 472.39999390
-13.66399956 28.55200005 472.39999390
-13.66399956 29.18099976 472.39999390
-13.66399956 29.80999947 472.39999390
-13.66399956 30.43899918 472.39999390
-13.66399956 31.06800079 472.39001465
-13.66399956 31.69799995 472.39001465
-13.66399956 32.32699966 472.39001465
-13.66399956 32.95600128 472.39001465
-13.66399956 33.58499908 472.39001465
-13.66399956 34.21400070 472.39001465
-13.66399956 34.84400177 472.39001465
-13.66399956 35.47299957 472.38000488
-13.66399956 36.10200119 472.38000488
-13.66300011 36.73099899 472.38000488
-13.66300011 37.36000061 472.36999512
-13.66300011 37.98899841 472.36999512
-13.66300011 38.61800003 472.36999512
-13.66300011 39.24800110 472.36999512
-13.66300011 39.87699890 472.36999512
-13.66300011 40.50600052 472.36999512
-13.66300011 41.13499832 472.35998535
-13.66300011 41.76399994 472.35998535
-13.66300011 42.39199829 472.35000610
-13.66300011 43.02099991 472.35000610
-13.66199970 43.65000153 472.33999634
-13.66199970 44.27799988 472.32998657
-13.66199970 44.90700150 472.32998657
-13.66199970 45.53599930 472.32000732
-13.03699970 45.54800034 472.45001221
-13.03699970 44.91899872 472.45999146
-13.03699970 44.29000092 472.45999146
-13.03699970 43.66199875 472.47000122
-13.03800011 43.03300095 472.48001099
-13.03800011 42.40399933 472.48001099
-13.03800011 41.77500153 472.48999023
-13.03800011 41.14599991 472.48999023
-13.03800011 40.51699829 472.48999023
-13.03800011 39.88700104 472.48999023
-13.03800011 39.25799942 472.48999023
-13.03800011 38.62900162 472.50000000
-13.03800011 38.00000000 472.50000000
-13.03800011 37.36999893 472.50000000
-13.03800011 36.74100113 472.51000977
-13.03800011 36.11199951 472.51000977
-13.03800011 35.48199844 472.51000977
-13.03800011 34.85300064 472.51000977
-13.03800011 34.22399902 472.51000977
-13.03899956 33.59500122 472.51000977
-13.03899956 32.96500015 472.51998901
-13.03899956 32.33599854 472.51998901
-13.03899956 31.70599937 472.51998901
-13.03899956 31.07699966 472.51998901
-13.03899956 30.44700050 472.51998901
-13.03899956 29.81800079 472.52999878
-13.03899956 29.18799973 472.52999878
-13.03899956 28.55900002 472.52999878
-13.03899956 27.93000031 472.52999878
-13.03899956 27.30100060 472.52999878
-13.03899956 26.67200089 472.54000854
-13.03899956 26.04299927 472.54000854
-13.03899956 25.41300011 472.54000854
-13.03899956 24.78400040 472.54000854
-13.03899956 24.15500069 472.54000854
-13.03899956 23.52499962 472.54000854
-13.03899956 22.89599991 472.54000854
-13.03899956 22.26600075 472.54000854
-13.03899956 21.63599968 472.54000854
-13.03899956 21.00699997 472.54000854
-13.03899956 20.37700081 472.54998779
-13.03899956 19.74799919 472.54998779
-13.03899956 19.11899948 472.54998779
-13.03899956 18.48900032 472.54998779
-13.03899956 17.86000061 472.54998779
-13.03999996 17.23100090 472.54998779
-13.03999996 16.60199928 472.55999756
-13.03999996 15.97200012 472.54998779
-13.03999996 15.34300041 472.54998779
-13.03999996 14.71399975 472.54998779
-13.03999996 14.08399963 472.55999756
-13.03999996 13.45499992 472.57000732
-13.03999996 12.82499981 472.57000732
-13.03999996 12.19499969 472.55999756
-13.03999996 11.56599998 472.55999756
-13.03999996 10.93599987 472.55999756
-13.03999996 10.30700016 472.54998779
-13.03999996 9.67800045 472.54998779
-13.03999996 9.04920006 472.55999756
-13.03999996 8.41989994 472.55999756
-13.03999996 7.79020023 472.55999756
-13.03999996 7.16090012 472.54998779
-13.03999996 6.53049994 472.54998779
-13.03999996 5.90110016 472.55999756
-13.03999996 5.27159977 472.55999756
-13.03999996 4.64200020 472.55999756
-13.03999996 4.01219988 472.55999756
-13.03999996 3.38249993 472.55999756
-13.03999996 2.75329995 472.55999756
-13.03999996 2.12409997 472.55999756
-13.03999996 1.49479997 472.55999756
-13.03899956 0.86619997 472.54998779
-13.03999996 0.23736000 472.54998779
-13.03899956 -0.39258999 472.54998779
-13.03999996 -1.02199996 472.55999756
-13.03999996 -1.65240002 472.55999756
-13.03999996 -2.28130007 472.55999756
-13.03899956 -2.91030002 472.54998779
-13.03899956 -3.54130006 472.54998779
-13.03899956 -4.16890001 472.54998779
-13.03999996 -4.79909992 472.54998779
-13.03899956 -5.42659998 472.54000854
-13.03899956 -6.05670023 472.54000854
-13.03899956 -6.68690014 472.54000854
-13.03899956 -7.31610012 472.54000854
-13.03899956 -7.94509983 472.54000854
-13.03899956 -8.57499981 472.54000854
-13.03899956 -9.20390034 472.54000854
-13.03899956 -9.83290005 472.52999878
-13.03899956 -10.46199989 472.52999878
-13.03899956 -11.09200001 472.52999878
-13.03899956 -11.72200012 472.52999878
-13.03899956 -12.35099983 472.52999878
-13.03899956 -12.98099995 472.52999878
-13.03899956 -13.60999966 472.51998901
-13.03899956 -14.23900032 472.51998901
-13.03800011 -14.86800003 472.51998901
-13.03800011 -15.49600029 472.51000977
-13.03800011 -16.12599945 472.51000977
-13.03800011 -16.75399971 472.51000977
-13.03800011 -17.38400078 472.51000977
-13.03800011 -18.01399994 472.51000977
-13.03800011 -18.64299965 472.50000000
-13.03800011 -21.79000092 472.48999023
-13.03800011 -22.42000008 472.48999023
-13.03800011 -23.04700089 472.48999023
-13.03800011 -23.67600060 472.48001099
-13.03699970 -24.30400085 472.48001099
-13.03699970 -24.93499947 472.48001099
-13.03699970 -25.56399918 472.48001099
-13.03699970 -26.19199944 472.47000122
-13.03699970 -26.82099915 472.47000122
-13.03699970 -27.45000076 472.45999146
-13.03699970 -29.96699905 472.45999146
-13.03699970 -30.59700012 472.45999146
-13.03699970 -31.22500038 472.45001221
-13.03699970 -31.85499954 472.45999146
-13.03600025 -32.48300171 472.45001221
-13.03699970 -33.11199951 472.45001221
-13.03600025 -33.74000168 472.44000244
-13.03600025 -34.36800003 472.42999268
-13.03600025 -34.99800110 472.42999268
-13.03600025 -35.62599945 472.42999268
-13.03600025 -36.25600052 472.42999268
-13.03600025 -36.88399887 472.42999268
-13.03600025 -37.51300049 472.42001343
-13.03600025 -38.14199829 472.42001343
-13.03600025 -38.77099991 472.42001343
-13.03499985 -39.39899826 472.39999390
-13.03499985 -40.02700043 472.39999390
-13.03499985 -40.65599823 472.39001465
-13.03499985 -41.28499985 472.39001465
-13.03499985 -41.91400146 472.39001465
-13.03499985 -42.54199982 472.39001465
-13.03499985 -43.17100143 472.39001465
-13.03499985 -43.79999924 472.39001465
-13.03499985 -44.42900085 472.39001465
-13.03499985 -45.05899811 472.39001465
-13.03499985 -45.68700027 472.39001465
-13.03499985 -46.31499863 472.38000488
-13.03499985 -46.94400024 472.38000488
-13.03400040 -47.57199860 472.35998535
-13.03400040 -48.20199966 472.36999512
-13.03400040 -48.83000183 472.35998535
-13.03400040 -49.45800018 472.35998535
-12.40900040 -49.47000122 472.48001099
-12.40900040 -48.84199905 472.48001099
-12.40900040 -48.21400070 472.48001099
-12.40900040 -46.95600128 472.50000000
-12.40900040 -46.32699966 472.50000000
-12.40900040 -45.69900131 472.51000977
-12.40900040 -45.06999969 472.51000977
-12.40900040 -44.44100189 472.51000977
-12.40900040 -43.81200027 472.51000977
-12.40900040 -43.18199921 472.51000977
-12.40999985 -42.55300140 472.51998901
-12.40999985 -41.92499924 472.51998901
-12.40999985 -41.29600143 472.51998901
-12.40999985 -40.66699982 472.51000977
-12.40999985 -40.03799820 472.51998901
-12.40999985 -39.40900040 472.52999878
-12.40999985 -38.78200150 472.54000854
-12.40999985 -38.15299988 472.54998779
-12.40999985 -37.52399826 472.54000854
-12.40999985 -36.89300156 472.54998779
-12.41100025 -36.26499939 472.54998779
-12.41100025 -35.63499832 472.54998779
-12.41100025 -35.00699997 472.54998779
-12.41100025 -34.37699890 472.55999756
-12.41100025 -33.74900055 472.55999756
-12.41100025 -33.11999893 472.57000732
-12.41100025 -32.49200058 472.57000732
-12.41100025 -31.86300087 472.57998657
-12.41100025 -31.23299980 472.57998657
-12.41100025 -30.60400009 472.57998657
-12.41100025 -29.97500038 472.57998657
-12.41100025 -29.34600067 472.57998657
-12.41199970 -27.45700073 472.58999634
-12.41199970 -26.82799911 472.58999634
-12.41199970 -26.19899940 472.60000610
-12.41199970 -25.56999969 472.60000610
-12.41199970 -24.94099998 472.60000610
-12.41199970 -24.31100082 472.60998535
-12.41199970 -23.68300056 472.60998535
-12.41199970 -23.05299950 472.61999512
-12.41199970 -22.42499924 472.61999512
-12.41199970 -21.79500008 472.61999512
-12.41300011 -19.27700043 472.63000488
-12.41300011 -18.64699936 472.63000488
-12.41300011 -18.01799965 472.63000488
-12.41300011 -17.38800049 472.63000488
-12.41300011 -16.75900078 472.63000488
-12.41300011 -16.12999916 472.63000488
-12.41300011 -15.50100040 472.64001465
-12.41300011 -14.87199974 472.64001465
-12.41300011 -14.24300003 472.64999390
-12.41300011 -13.61299992 472.64999390
-12.41300011 -12.98299980 472.64999390
-12.41300011 -12.35499954 472.66000366
-12.41300011 -11.72500038 472.66000366
-12.41300011 -11.09500027 472.64999390
-12.41300011 -10.46500015 472.64999390
-12.41300011 -9.83510017 472.64999390
-12.41300011 -9.20580006 472.64999390
-12.41300011 -8.57660007 472.66000366
-12.41399956 -7.94719982 472.67001343
-12.41399956 -7.31809998 472.67001343
-12.41399956 -6.68870020 472.67001343
-12.41399956 -6.05770016 472.67001343
-12.41399956 -5.42829990 472.67999268
-12.41399956 -4.79930019 472.66000366
-12.41300011 -4.17040014 472.66000366
-12.41300011 -3.54180002 472.66000366
-12.41300011 -2.91109991 472.66000366
-12.41399956 -2.28169990 472.67001343
-12.41399956 -1.65279996 472.67999268
-12.41399956 -1.02300000 472.67999268
-12.41399956 -0.39311001 472.67999268
-12.41399956 0.23716000 472.67999268
-12.41399956 0.86633998 472.67999268
-12.41399956 1.49539995 472.67999268
-12.41399956 2.12479997 472.67999268
-12.41399956 2.75410008 472.67999268
-12.41399956 3.38319993 472.67999268
-12.41399956 4.64289999 472.67999268
-12.41399956 5.27269983 472.67999268
-12.41399956 5.90259981 472.67001343
-12.41399956 6.53210020 472.67001343
-12.41399956 7.16230011 472.67001343
-12.41399956 7.79190016 472.67999268
-12.41399956 8.42160034 472.67999268
-12.41399956 9.05130005 472.67999268
-12.41399956 9.68050003 472.67999268
-12.41399956 10.31099987 472.67999268
-12.41399956 10.93999958 472.69000244
-12.41399956 11.56900024 472.69000244
-12.41399956 12.19799995 472.69000244
-12.41399956 12.82699966 472.69000244
-12.41399956 13.45800018 472.69000244
-12.41399956 14.08800030 472.69000244
-12.41399956 14.71700001 472.67999268
-12.41399956 15.34700012 472.67999268
-12.41399956 15.97700024 472.67999268
-12.41399956 16.60600090 472.67999268
-12.41399956 17.23600006 472.67999268
-12.41399956 17.86499977 472.67001343
-12.41399956 18.49500084 472.67001343
-12.41399956 19.12400055 472.67001343
-12.41399956 19.75300026 472.67001343
-12.41399956 20.38299942 472.67001343
-12.41399956 21.01199913 472.66000366
-12.41399956 21.64200020 472.66000366
-12.41399956 22.27199936 472.66000366
-12.41399956 22.90099907 472.66000366
-12.41399956 23.53100014 472.66000366
-12.41399956 24.16099930 472.66000366
-12.41399956 24.79100037 472.67001343
-12.41399956 25.42000008 472.66000366
-12.41399956 26.04899979 472.67001343
-12.41399956 26.67900085 472.66000366
-12.41399956 27.30800056 472.66000366
-12.41399956 27.93799973 472.66000366
-12.41300011 28.56699944 472.66000366
-12.41300011 29.19599915 472.66000366
-12.41300011 29.82600021 472.66000366
-12.41300011 30.45499992 472.64999390
-12.41300011 31.08499908 472.64999390
-12.41300011 31.71500015 472.64999390
-12.41300011 32.34500122 472.64999390
-12.41300011 32.97399902 472.64001465
-12.41300011 33.60400009 472.64001465
-12.41300011 34.23300171 472.64001465
-12.41300011 34.86299896 472.64001465
-12.41300011 35.49200058 472.64001465
-12.41300011 36.12099838 472.64001465
-12.41300011 36.75099945 472.63000488
-12.41300011 37.38000107 472.63000488
-12.41300011 38.00999832 472.63000488
-12.41300011 38.63899994 472.63000488
-12.41300011 39.26800156 472.61999512
-12.41300011 39.89799881 472.61999512
-12.41199970 40.52700043 472.61999512
-12.41199970 41.15599823 472.60998535
-12.41199970 41.78599930 472.60998535
-12.41199970 42.41500092 472.60998535
-12.41199970 43.04399872 472.60000610
-12.41199970 43.67300034 472.60000610
-12.41199970 44.30199814 472.58999634
-12.41199970 44.93099976 472.57998657
-12.41100025 45.56100082 472.57998657
-11.78600025 45.57300186 472.70001221
-11.78600025 44.94300079 472.70001221
-11.78600025 44.31399918 472.70999146
-11.78600025 43.68500137 472.72000122
-11.78600025 43.05500031 472.73001099
-11.78600025 42.42599869 472.73001099
-11.78600025 41.79700089 472.73001099
-11.78699970 41.16699982 472.73999023
-11.78699970 40.53699875 472.73999023
-11.78699970 39.90800095 472.75000000
-11.78699970 39.27899933 472.75000000
-11.78699970 38.65000153 472.75000000
-11.78699970 38.02000046 472.76000977
-11.78699970 37.38999939 472.76000977
-11.78699970 36.76100159 472.76998901
-11.78699970 36.13199997 472.76998901
-11.78699970 35.50099945 472.76000977
-11.78699970 34.87200165 472.76000977
-11.78699970 34.24200058 472.76000977
-11.78699970 33.61199951 472.76000977
-11.78699970 32.98199844 472.76998901
-11.78699970 32.35300064 472.76998901
-11.78699970 31.72400093 472.77999878
-11.78699970 31.09399986 472.76998901
-11.78699970 30.46400070 472.77999878
-11.78800011 29.83399963 472.77999878
-11.78800011 29.20499992 472.77999878
-11.78800011 28.57600021 472.79000854
-11.78800011 27.94599915 472.79000854
-11.78800011 27.31599998 472.79000854
-11.78800011 26.68600082 472.79000854
-11.78800011 26.05599976 472.79000854
-11.78800011 25.42600060 472.79000854
-11.78800011 24.79700089 472.79000854
-11.78800011 24.16699982 472.79000854
-11.78800011 23.53700066 472.79000854
-11.78800011 22.90800095 472.79998779
-11.78800011 22.27799988 472.79000854
-11.78800011 21.64800072 472.79000854
-11.78800011 21.01799965 472.79000854
-11.78800011 20.38899994 472.79998779
-11.78800011 19.75900078 472.79998779
-11.78800011 19.12999916 472.80999756
-11.78800011 18.50000000 472.79998779
-11.78800011 17.87000084 472.79998779
-11.78800011 17.23999977 472.79998779
-11.78800011 16.61000061 472.79998779
-11.78800011 15.97999954 472.79998779
-11.78800011 15.35000038 472.80999756
-11.78800011 14.72099972 472.80999756
-11.78800011 14.09099960 472.80999756
-11.78800011 13.46100044 472.79998779
-11.78800011 12.82999992 472.79998779
-11.78800011 12.20100021 472.80999756
-11.78800011 11.57199955 472.80999756
-11.78800011 10.94299984 472.79998779
-11.78800011 10.31400013 472.79998779
-11.78800011 9.68330002 472.79998779
-11.78800011 9.05360031 472.79998779
-11.78800011 8.42350006 472.80999756
-11.78800011 7.79360008 472.80999756
-11.78800011 7.16349983 472.79998779
-11.78800011 6.53369999 472.79998779
-11.78800011 5.90360022 472.80999756
-11.78800011 5.27379990 472.80999756
-11.78800011 4.64400005 472.80999756
-11.78800011 4.01389980 472.80999756
-11.78800011 3.38439989 472.80999756
-11.78800011 2.75419998 472.80999756
-11.78800011 2.12479997 472.80999756
-11.78800011 1.49609995 472.80999756
-11.78800011 0.86660999 472.80999756
-11.78800011 0.23762999 472.79998779
-11.78800011 -0.39271000 472.79998779
-11.78800011 -1.02330005 472.79998779
-11.78800011 -1.65330005 472.80999756
-11.78800011 -2.28239989 472.79998779
-11.78800011 -2.91199994 472.79000854
-11.78800011 -3.54270005 472.79998779
-11.78699970 -4.17229986 472.76998901
-11.78699970 -4.80089998 472.77999878
-11.78800011 -5.43179989 472.79000854
-11.78800011 -6.05950022 472.79998779
-11.78800011 -6.69119978 472.79998779
-11.78800011 -7.31990004 472.79998779
-11.78800011 -7.94910002 472.79000854
-11.78800011 -8.57919979 472.77999878
-11.78699970 -9.20860004 472.77999878
-11.78699970 -9.83829975 472.77999878
-11.78699970 -10.46800041 472.77999878
-11.78800011 -11.09799957 472.77999878
-11.78699970 -11.72799969 472.77999878
-11.78699970 -12.35700035 472.77999878
-11.78699970 -12.98700047 472.76998901
-11.78699970 -13.61699963 472.76998901
-11.78699970 -14.24699974 472.76998901
-11.78699970 -14.87600040 472.76000977
-11.78699970 -15.50599957 472.76998901
-11.78699970 -16.13500023 472.76000977
-11.78699970 -16.76399994 472.76000977
-11.78699970 -17.39299965 472.76000977
-11.78699970 -18.02199936 472.76000977
-11.78699970 -18.65200043 472.75000000
-11.78699970 -19.28199959 472.75000000
-11.78600025 -21.17000008 472.73999023
-11.78600025 -21.79999924 472.73999023
-11.78600025 -22.43000031 472.73001099
-11.78600025 -23.05900002 472.73001099
-11.78600025 -23.68899918 472.73001099
-11.78600025 -24.31900024 472.73999023
-11.78600025 -24.94799995 472.73999023
-11.78600025 -25.57799911 472.73001099
-11.78600025 -26.20700073 472.72000122
-11.78600025 -26.83499908 472.70999146
-11.78600025 -27.46400070 472.70999146
-11.78600025 -28.72299957 472.70999146
-11.78600025 -29.35300064 472.70999146
-11.78499985 -29.98200035 472.70001221
-11.78499985 -30.61199951 472.70001221
-11.78499985 -31.24099922 472.70001221
-11.78499985 -31.87100029 472.70001221
-11.78499985 -32.50000000 472.70001221
-11.78499985 -33.12900162 472.70001221
-11.78499985 -33.75799942 472.69000244
-11.78499985 -34.38600159 472.67999268
-11.78499985 -35.01499939 472.67001343
-11.78499985 -35.64400101 472.67001343
-11.78499985 -36.27399826 472.67001343
-11.78499985 -36.90299988 472.67001343
-11.78400040 -37.53400040 472.67001343
-11.78499985 -38.16299820 472.67001343
-11.78400040 -38.79199982 472.66000366
-11.78400040 -39.41899872 472.64999390
-11.78400040 -40.04899979 472.66000366
-11.78400040 -40.67800140 472.64001465
-11.78400040 -41.30699921 472.64999390
-11.78400040 -41.93700027 472.64999390
-11.78400040 -42.56600189 472.64999390
-11.78400040 -43.19400024 472.64001465
-11.78400040 -43.82500076 472.64999390
-11.78400040 -44.45399857 472.64999390
-11.78400040 -45.08399963 472.64999390
-11.78400040 -45.71200180 472.64001465
-11.78400040 -46.34000015 472.63000488
-11.78299999 -47.59700012 472.60998535
-11.78299999 -48.22600174 472.60998535
-11.78299999 -48.85499954 472.60998535
-11.78299999 -49.48400116 472.60998535
-11.15699959 -49.49599838 472.72000122
-11.15699959 -48.86700058 472.73001099
-11.15699959 -46.35200119 472.75000000
-11.15799999 -45.72399902 472.76000977
-11.15799999 -45.09400177 472.76998901
-11.15799999 -44.46500015 472.76998901
-11.15799999 -43.83599854 472.76998901
-11.15799999 -43.20800018 472.77999878
-11.15799999 -42.57699966 472.76998901
-11.15799999 -41.94800186 472.77999878
-11.15799999 -41.31800079 472.76998901
-11.15799999 -40.68799973 472.76998901
-11.15799999 -40.05899811 472.76998901
-11.15799999 -39.42900085 472.77999878
-11.15799999 -38.80199814 472.79000854
-11.15799999 -38.17300034 472.79000854
-11.15799999 -37.54399872 472.79000854
-11.15799999 -36.91299820 472.77999878
-11.15799999 -36.28300095 472.77999878
-11.15799999 -35.65299988 472.77999878
-11.15900040 -35.02500153 472.79998779
-11.15900040 -34.39599991 472.79998779
-11.15900040 -33.76699829 472.82000732
-11.15900040 -33.13800049 472.82998657
-11.15900040 -32.50799942 472.82000732
-11.15900040 -31.87800026 472.82000732
-11.15900040 -30.61899948 472.82000732
-11.15900040 -29.98900032 472.82998657
-11.15900040 -29.36000061 472.82998657
-11.15900040 -28.72999954 472.82998657
-11.15900040 -28.10099983 472.82998657
-11.15999985 -27.47200012 472.83999634
-11.15999985 -26.84300041 472.83999634
-11.15999985 -26.21400070 472.85000610
-11.15999985 -25.58399963 472.85000610
-11.15999985 -24.95499992 472.85000610
-11.15999985 -24.32600021 472.85998535
-11.15999985 -23.69499969 472.85998535
-11.15999985 -23.06500053 472.85998535
-11.15999985 -22.43499947 472.85998535
-11.15999985 -21.80500031 472.85998535
-11.15999985 -21.17499924 472.86999512
-11.15999985 -19.28700066 472.86999512
-11.15999985 -18.65699959 472.86999512
-11.15999985 -18.02700043 472.88000488
-11.16100025 -17.39800072 472.88000488
-11.16100025 -16.76899910 472.89001465
-11.16100025 -16.13899994 472.88000488
-11.16100025 -15.51000023 472.88000488
-11.16100025 -14.88000011 472.88000488
-11.16100025 -14.25000000 472.89001465
-11.16100025 -13.62100029 472.89001465
-11.16100025 -12.98999977 472.89999390
-11.16100025 -12.35999966 472.89999390
-11.16100025 -11.72999954 472.89999390
-11.16100025 -11.10099983 472.91000366
-11.16100025 -10.47099972 472.91000366
-11.16100025 -9.84119987 472.91000366
-11.16100025 -9.21140003 472.91000366
-11.16100025 -8.58180046 472.91000366
-11.16100025 -7.95130014 472.91000366
-11.16100025 -7.32149982 472.91000366
-11.16199970 -6.69259977 472.92001343
-11.16100025 -6.06379986 472.92001343
-11.16100025 -5.43349981 472.91000366
-11.16100025 -4.80319977 472.91000366
-11.16100025 -4.17290020 472.89999390
-11.16100025 -3.54229999 472.92001343
-11.16100025 -2.91260004 472.92001343
-11.16199970 -2.28279996 472.92001343
-11.16199970 -1.65310001 472.92999268
-11.16199970 -1.02349997 472.92999268
-11.16199970 -0.39249000 472.92999268
-11.16199970 0.23714000 472.92999268
-11.16199970 0.86686999 472.94000244
-11.16199970 1.49629998 472.94000244
-11.16199970 2.12529993 472.94000244
-11.16199970 2.75469995 472.92999268
-11.16199970 3.38529992 472.92999268
-11.16199970 4.01529980 472.92999268
-11.16199970 4.64510012 472.92999268
-11.16199970 5.27530003 472.92999268
-11.16199970 5.90500021 472.92999268
-11.16199970 6.53520012 472.92999268
-11.16199970 7.16559982 472.92999268
-11.16199970 7.79570007 472.92999268
-11.16199970 8.42570019 472.92999268
-11.16199970 9.05599976 472.92999268
-11.16199970 9.68589973 472.92999268
-11.16199970 10.31599998 472.92999268
-11.16199970 10.94499969 472.94000244
-11.16199970 11.57499981 472.92999268
-11.16199970 12.20499992 472.92999268
-11.16199970 12.83399963 472.92999268
-11.16199970 13.46500015 472.92999268
-11.16199970 14.09500027 472.92999268
-11.16199970 14.72399998 472.92999268
-11.16199970 15.35400009 472.92999268
-11.16199970 15.98400021 472.92999268
-11.16199970 16.61400032 472.92999268
-11.16199970 17.24500084 472.92999268
-11.16199970 17.87500000 472.92001343
-11.16199970 18.50499916 472.92999268
-11.16199970 19.13500023 472.92999268
-11.16199970 19.76499939 472.92999268
-11.16199970 20.39399910 472.92001343
-11.16199970 21.02400017 472.92001343
-11.16199970 21.65500069 472.92001343
-11.16199970 22.28400040 472.92001343
-11.16199970 22.91399956 472.92001343
-11.16199970 23.54400063 472.92001343
-11.16199970 24.17300034 472.92001343
-11.16199970 24.80299950 472.92001343
-11.16199970 25.43300056 472.92001343
-11.16199970 26.06299973 472.91000366
-11.16199970 26.69400024 472.92001343
-11.16199970 27.32399940 472.92001343
-11.16199970 27.95400047 472.92001343
-11.16199970 28.58399963 472.92001343
-11.16199970 29.21299934 472.91000366
-11.16100025 29.84300041 472.91000366
-11.16100025 30.47299957 472.91000366
-11.16100025 31.10300064 472.89999390
-11.16100025 31.73200035 472.89999390
-11.16100025 32.36199951 472.89999390
-11.16100025 32.99100113 472.89999390
-11.16100025 33.62099838 472.89001465
-11.16100025 34.25000000 472.89001465
-11.16100025 34.88100052 472.89001465
-11.16100025 35.50999832 472.89001465
-11.16100025 36.14099884 472.89001465
-11.16100025 36.77199936 472.89999390
-11.16100025 37.40100098 472.89001465
-11.16100025 38.03099823 472.89001465
-11.16100025 38.66099930 472.89001465
-11.16100025 39.28900146 472.88000488
-11.16100025 39.91799927 472.86999512
-11.15999985 40.54800034 472.85998535
-11.15999985 41.17800140 472.85998535
-11.15999985 41.80799866 472.85998535
-11.15999985 42.43700027 472.85000610
-11.15999985 43.06700134 472.85000610
-11.15999985 43.69599915 472.83999634
-11.15999985 44.32600021 472.83999634
-11.15999985 44.95500183 472.82998657
-11.15900040 45.58499908 472.82000732
-10.53299999 45.59700012 472.95001221
-10.53299999 44.96699905 472.95001221
-10.53299999 44.33700180 472.95999146
-10.53299999 43.70700073 472.95999146
-10.53400040 43.07799911 472.97000122
-10.53400040 42.44900131 472.98001099
-10.53400040 41.81900024 472.98999023
-10.53400040 41.18999863 472.98999023
-10.53400040 40.55899811 472.98999023
-10.53400040 39.93000031 473.00000000
-10.53400040 39.29999924 473.01000977
-10.53499985 38.67200089 473.01998901
-10.53499985 38.04199982 473.01998901
-10.53499985 37.41199875 473.01998901
-10.53499985 36.78200150 473.01998901
-10.53499985 36.15100098 473.01998901
-10.53400040 35.52000046 473.01998901
-10.53400040 34.88999939 473.01998901
-10.53400040 34.25999832 473.01998901
-10.53400040 33.62900162 473.01998901
-10.53499985 33.00000000 473.02999878
-10.53499985 32.37099838 473.02999878
-10.53499985 31.74099922 473.02999878
-10.53499985 31.11100006 473.02999878
-10.53499985 30.48100090 473.02999878
-10.53499985 29.85099983 473.04000854
-10.53499985 29.22100067 473.04000854
-10.53499985 28.59099960 473.04000854
-10.53499985 27.96100044 473.04998779
-10.53499985 27.33099937 473.04998779
-10.53499985 26.70100021 473.04000854
-10.53499985 26.06999969 473.04000854
-10.53499985 25.43899918 473.04000854
-10.53499985 24.80999947 473.04000854
-10.53499985 24.18000031 473.04998779
-10.53499985 23.54999924 473.04998779
-10.53499985 22.92099953 473.05999756
-10.53499985 22.29100037 473.04998779
-10.53499985 21.66099930 473.04998779
-10.53499985 21.03000069 473.04000854
-10.53499985 20.39999962 473.04998779
-10.53499985 19.77000046 473.04998779
-10.53499985 19.13999939 473.05999756
-10.53499985 18.51000023 473.04998779
-10.53499985 17.87899971 473.04998779
-10.53499985 17.24900055 473.05999756
-10.53499985 16.61899948 473.05999756
-10.53499985 15.98900032 473.05999756
-10.53499985 15.35799980 473.05999756
-10.53600025 14.72799969 473.07000732
-10.53499985 14.09799957 473.05999756
-10.53499985 13.46800041 473.07000732
-10.53499985 12.83699989 473.05999756
-10.53600025 12.20800018 473.07000732
-10.53499985 11.57900047 473.05999756
-10.53499985 10.94799995 473.05999756
-10.53499985 10.31900024 473.05999756
-10.53499985 9.68850040 473.05999756
-10.53499985 9.05840015 473.05999756
-10.53499985 8.42870045 473.05999756
-10.53499985 7.79769993 473.05999756
-10.53499985 7.16739988 473.05999756
-10.53499985 6.53639984 473.05999756
-10.53499985 5.90600014 473.05999756
-10.53499985 5.27629995 473.05999756
-10.53499985 4.64629984 473.05999756
-10.53499985 4.01660013 473.05999756
-10.53499985 3.38630009 473.04998779
-10.53499985 2.75530005 473.05999756
-10.53499985 2.12579989 473.05999756
-10.53499985 1.49650002 473.05999756
-10.53499985 0.86698997 473.05999756
-10.53499985 0.23660000 473.05999756
-10.53499985 -0.39278999 473.05999756
-10.53499985 -1.02330005 473.04998779
-10.53499985 -1.65409994 473.05999756
-10.53499985 -2.28340006 473.04998779
-10.53499985 -2.91350007 473.04998779
-10.53499985 -3.54369998 473.04000854
-10.53499985 -5.43459988 473.02999878
-10.53499985 -6.06519985 473.04000854
-10.53499985 -6.69460011 473.04000854
-10.53499985 -7.32359982 473.04000854
-10.53499985 -7.95289993 473.02999878
-10.53499985 -8.58390045 473.02999878
-10.53499985 -9.21409988 473.04000854
-10.53499985 -9.84410000 473.04000854
-10.53499985 -10.47399998 473.02999878
-10.53499985 -11.10299969 473.02999878
-10.53400040 -11.73299980 473.01998901
-10.53400040 -12.36299992 473.01998901
-10.53400040 -12.99300003 473.01998901
-10.53400040 -13.62399960 473.01998901
-10.53400040 -14.25300026 473.01000977
-10.53400040 -14.88300037 473.01000977
-10.53400040 -15.51399994 473.01000977
-10.53400040 -16.14399910 473.01000977
-10.53400040 -16.77300072 473.01000977
-10.53400040 -17.40299988 473.01000977
-10.53400040 -18.03199959 473.00000000
-10.53400040 -18.66200066 472.98999023
-10.53400040 -21.18000031 472.98999023
-10.53400040 -21.80999947 472.98001099
-10.53299999 -22.44000053 472.98001099
-10.53299999 -23.07099915 472.98001099
-10.53400040 -23.70100021 472.98001099
-10.53400040 -24.33200073 472.98001099
-10.53299999 -24.96100044 472.98001099
-10.53299999 -25.59099960 472.98001099
-10.53299999 -26.22100067 472.98001099
-10.53299999 -26.85000038 472.97000122
-10.53299999 -27.47900009 472.95999146
-10.53299999 -28.10899925 472.95999146
-10.53299999 -28.73800087 472.95999146
-10.53299999 -29.36800003 472.95999146
-10.53299999 -29.99699974 472.95001221
-10.53299999 -30.62700081 472.95001221
-10.53299999 -31.25699997 472.95001221
-10.53299999 -33.14799881 472.95001221
-10.53299999 -33.77700043 472.94000244
-10.53199959 -34.40499878 472.92999268
-10.53199959 -35.03400040 472.92999268
-10.53199959 -35.66400146 472.92001343
-10.53199959 -36.29399872 472.92001343
-10.53199959 -36.92300034 472.92001343
-10.53199959 -37.55300140 472.91000366
-10.53199959 -38.18199921 472.91000366
-10.53199959 -38.81200027 472.91000366
-10.53199959 -39.43999863 472.89999390
-10.53199959 -40.06999969 472.91000366
-10.53199959 -40.69900131 472.89001465
-10.53199959 -41.32899857 472.89999390
-10.53199959 -41.95899963 472.89999390
-10.53199959 -42.58800125 472.89999390
-10.53199959 -43.21900177 472.89001465
-10.53100014 -43.84700012 472.89001465
-10.53100014 -44.47700119 472.88000488
-10.53100014 -45.10599899 472.88000488
-10.53100014 -45.73600006 472.88000488
-10.53100014 -46.36399841 472.86999512
-10.53100014 -48.88000107 472.85000610
-10.52999973 -49.50899887 472.83999634
-9.90369987 -49.52199936 472.97000122
-9.90380001 -48.89199829 472.97000122
-9.90419960 -46.37599945 472.98999023
-9.90450001 -45.74700165 473.00000000
-9.90450001 -45.11700058 473.00000000
-9.90450001 -44.48799896 473.00000000
-9.90439987 -43.85699844 473.00000000
-9.90460014 -43.22900009 473.01000977
-9.90470028 -42.59899902 473.01000977
-9.90480042 -41.96900177 473.01000977
-9.90489960 -41.33900070 473.01998901
-9.90489960 -40.70999908 473.01998901
-9.90509987 -40.08100128 473.02999878
-9.90509987 -39.45199966 473.02999878
-9.90520000 -38.82199860 473.04000854
-9.90520000 -38.19300079 473.04000854
-9.90520000 -37.56299973 473.04000854
-9.90540028 -36.93299866 473.04998779
-9.90530014 -36.30300140 473.04000854
-9.90540028 -35.67399979 473.04998779
-9.90559959 -35.04399872 473.04998779
-9.90559959 -34.41400146 473.05999756
-9.90579987 -33.78599930 473.07000732
-9.90579987 -33.15599823 473.07000732
-9.90600014 -30.63500023 473.07000732
-9.90600014 -30.00499916 473.07998657
-9.90600014 -29.37500000 473.07998657
-9.90610027 -28.74600029 473.07998657
-9.90610027 -28.11599922 473.07998657
-9.90620041 -27.48699951 473.07998657
-9.90629959 -26.85700035 473.08999634
-9.90639973 -26.22800064 473.08999634
-9.90649986 -25.59700012 473.10000610
-9.90670013 -24.96800041 473.10998535
-9.90660000 -24.33799934 473.10998535
-9.90660000 -23.70700073 473.10000610
-9.90649986 -23.07600021 473.10000610
-9.90649986 -22.44599915 473.10000610
-9.90660000 -21.81599998 473.10000610
-9.90670013 -21.18600082 473.10998535
-9.90680027 -18.66699982 473.10998535
-9.90680027 -18.03800011 473.10998535
-9.90699959 -17.40800095 473.11999512
-9.90719986 -16.77799988 473.13000488
-9.90740013 -16.14800072 473.14001465
-9.90740013 -15.51799965 473.14001465
-9.90740013 -14.88700008 473.14001465
-9.90740013 -14.25699997 473.14001465
-9.90730000 -13.62699986 473.14001465
-9.90740013 -12.99699974 473.14001465
-9.90750027 -12.36699963 473.14001465
-9.90760040 -11.73600006 473.14999390
-9.90779972 -11.10599995 473.16000366
-9.90779972 -10.47700024 473.16000366
-9.90789986 -9.84669971 473.16000366
-9.90779972 -9.21689987 473.16000366
-9.90779972 -8.58650017 473.16000366
-9.90779972 -7.95569992 473.16000366
-9.90779972 -7.32560015 473.16000366
-9.90789986 -6.69640017 473.16000366
-9.90769958 -6.06650019 473.14999390
-9.90769958 -5.43529987 473.14999390
-9.90779972 -4.80539989 473.16000366
-9.90789986 -4.17539978 473.16000366
-9.90810013 -3.54509997 473.17001343
-9.90810013 -2.91569996 473.17001343
-9.90799999 -2.28379989 473.17001343
-9.90810013 -1.65409994 473.17001343
-9.90830040 -1.02370000 473.17999268
-9.90839958 -0.39297000 473.17999268
-9.90839958 0.23711000 473.17999268
-9.90839958 0.86704999 473.19000244
-9.90830040 1.49710000 473.17999268
-9.90820026 2.12660003 473.17999268
-9.90839958 2.75609994 473.19000244
-9.90830040 3.38709998 473.17999268
-9.90839958 4.01749992 473.19000244
-9.90849972 4.64729977 473.19000244
-9.90839958 5.27750015 473.17999268
-9.90830040 5.90740013 473.17999268
-9.90830040 6.53809977 473.17999268
-9.90839958 7.16900015 473.17999268
-9.90839958 7.79949999 473.17999268
-9.90849972 8.43089962 473.19000244
-9.90859985 9.06089973 473.19000244
-9.90859985 9.69110012 473.19000244
-9.90859985 10.32100010 473.19000244
-9.90839958 10.95100021 473.17999268
-9.90839958 11.58199978 473.17999268
-9.90839958 12.21199989 473.17999268
-9.90839958 12.84099960 473.17999268
-9.90839958 13.47099972 473.17999268
-9.90839958 14.10299969 473.17999268
-9.90849972 14.73200035 473.19000244
-9.90849972 15.36200047 473.19000244
-9.90859985 15.99300003 473.19000244
-9.90849972 16.62400055 473.19000244
-9.90839958 17.25399971 473.17999268
-9.90830040 17.88400078 473.17999268
-9.90820026 18.51399994 473.17001343
-9.90830040 19.14399910 473.17999268
-9.90830040 19.77499962 473.17999268
-9.90820026 20.40600014 473.17001343
-9.90810013 21.03599930 473.17001343
-9.90820026 21.66600037 473.17001343
-9.90830040 22.29700089 473.17999268
-9.90839958 22.92700005 473.17999268
-9.90839958 23.55699921 473.17999268
-9.90830040 24.18700027 473.17999268
-9.90820026 24.81699944 473.17001343
-9.90820026 25.44700050 473.17001343
-9.90830040 26.07699966 473.17001343
-9.90830040 26.70800018 473.17999268
-9.90830040 27.33799934 473.17999268
-9.90820026 27.96800041 473.17001343
-9.90810013 28.59799957 473.17001343
-9.90810013 29.22800064 473.17001343
-9.90799999 29.85799980 473.16000366
-9.90799999 30.48900032 473.16000366
-9.90799999 31.11899948 473.16000366
-9.90789986 31.74900055 473.16000366
-9.90789986 32.38000107 473.16000366
-9.90779972 33.00999832 473.14999390
-9.90769958 33.63899994 473.14999390
-9.90760040 34.27000046 473.14001465
-9.90760040 34.90000153 473.14001465
-9.90760040 35.52999878 473.14001465
-9.90769958 36.16099930 473.14999390
-9.90769958 36.79199982 473.14999390
-9.90769958 37.42300034 473.14999390
-9.90760040 38.05199814 473.14001465
-9.90760040 38.68199921 473.14001465
-9.90740013 39.31000137 473.13000488
-9.90719986 39.93999863 473.11999512
-9.90699959 40.56999969 473.11999512
-9.90699959 41.20100021 473.11999512
-9.90699959 41.83100128 473.10998535
-9.90699959 42.46099854 473.10998535
-9.90680027 43.09000015 473.10998535
-9.90660000 43.72000122 473.10000610
-9.90639973 44.34899902 473.08999634
-9.90629959 44.97900009 473.07998657
-9.90610027 45.60900116 473.07000732
-9.27910042 45.62099838 473.20001221
-9.27929974 44.99100113 473.20999146
-9.27950001 44.36100006 473.22000122
-9.27970028 43.73300171 473.23001099
-9.27980042 43.10300064 473.23999023
-9.27989960 42.47299957 473.23999023
-9.27980042 41.84299850 473.23999023
-9.27980042 41.21099854 473.23999023
-9.27980042 40.58000183 473.23999023
-9.27999973 39.95000076 473.25000000
-9.28020000 39.31999969 473.26000977
-9.28030014 38.69200134 473.26000977
-9.28040028 38.06200027 473.26998901
-9.28030014 37.43199921 473.26000977
-9.28040028 36.80199814 473.26998901
-9.28050041 36.16999817 473.26998901
-9.28050041 35.54000092 473.26998901
-9.28050041 34.90900040 473.26998901
-9.28059959 34.27899933 473.27999878
-9.28059959 33.64799881 473.27999878
-9.28069973 33.01800156 473.27999878
-9.28069973 32.38800049 473.27999878
-9.28069973 31.75699997 473.27999878
-9.28069973 31.12700081 473.27999878
-9.28069973 30.49600029 473.27999878
-9.28069973 29.86599922 473.27999878
-9.28079987 29.23600006 473.29000854
-9.28079987 28.60499954 473.29000854
-9.28090000 27.97599983 473.29000854
-9.28100014 27.34499931 473.29998779
-9.28110027 26.71599960 473.29998779
-9.28110027 26.08499908 473.30999756
-9.28110027 25.45499992 473.29998779
-9.28110027 24.82500076 473.29998779
-9.28110027 24.19400024 473.29998779
-9.28120041 23.56399918 473.30999756
-9.28110027 22.93300056 473.30999756
-9.28100014 22.30200005 473.29998779
-9.28100014 21.67099953 473.29998779
-9.28090000 21.04100037 473.29998779
-9.28100014 20.40999985 473.29998779
-9.28100014 19.78000069 473.29998779
-9.28100014 19.14900017 473.29998779
-9.28100014 18.51899910 473.29998779
-9.28100014 17.88800049 473.29998779
-9.28110027 17.25799942 473.30999756
-9.28129959 16.62700081 473.30999756
-9.28139973 15.99699974 473.32000732
-9.28129959 15.36699963 473.32000732
-9.28129959 14.73700047 473.32000732
-9.28120041 14.10700035 473.30999756
-9.28120041 13.47500038 473.30999756
-9.28129959 12.84500027 473.30999756
-9.28129959 12.21500015 473.32000732
-9.28129959 11.58500004 473.30999756
-9.28139973 10.95400047 473.32000732
-9.28129959 10.32400036 473.32000732
-9.28129959 9.69349957 473.30999756
-9.28120041 9.06309986 473.30999756
-9.28110027 8.43239975 473.30999756
-9.28110027 7.80119991 473.29998779
-9.28100014 7.17059994 473.29998779
-9.28100014 5.27909994 473.29998779
-9.28110027 4.64839983 473.30999756
-9.28110027 4.01849985 473.30999756
-9.28100014 3.38829994 473.29998779
-9.28100014 2.75749993 473.29998779
-9.28079987 2.12759995 473.29000854
-9.28090000 1.49720001 473.29998779
-9.28100014 0.86752999 473.29998779
-9.28100014 0.23710001 473.29998779
-9.28100014 -0.39322999 473.29998779
-9.28079987 -1.02359998 473.29000854
-9.28069973 -1.65419996 473.29000854
-9.28059959 -2.28449988 473.27999878
-9.28059959 -2.91650009 473.27999878
-9.28069973 -3.54629993 473.29000854
-9.28079987 -4.17659998 473.29000854
-9.28059959 -4.80660009 473.27999878
-9.28040028 -5.43669987 473.26998901
-9.28040028 -6.06769991 473.27999878
-9.28059959 -6.69759989 473.27999878
-9.28059959 -7.32800007 473.27999878
-9.28059959 -7.95819998 473.29000854
-9.28050041 -8.58899975 473.27999878
-9.28050041 -9.21920013 473.27999878
-9.28050041 -9.84910011 473.27999878
-9.28050041 -10.47900009 473.27999878
-9.28040028 -11.10900021 473.27999878
-9.28030014 -11.73900032 473.26998901
-9.28030014 -12.36999989 473.26998901
-9.28020000 -13.00000000 473.26998901
-9.28020000 -13.63000011 473.26000977
-9.28030014 -14.26099968 473.26998901
-9.28020000 -14.89099979 473.26000977
-9.28020000 -15.52200031 473.26998901
-9.28020000 -16.15200043 473.26998901
-9.27999973 -16.78199959 473.25000000
-9.27980042 -17.41200066 473.25000000
-9.27960014 -18.04299927 473.23999023
-9.27939987 -21.19099998 473.22000122
-9.27929974 -21.82099915 473.22000122
-9.27929974 -22.45100021 473.22000122
-9.27929974 -23.08200073 473.22000122
-9.27939987 -23.71299934 473.22000122
-9.27939987 -24.34399986 473.23001099
-9.27929974 -24.97400093 473.22000122
-9.27919960 -25.60300064 473.22000122
-9.27910042 -26.23399925 473.20999146
-9.27900028 -26.86400032 473.20999146
-9.27890015 -27.49399948 473.20001221
-9.27890015 -28.12400055 473.20001221
-9.27890015 -28.75300026 473.20001221
-9.27890015 -29.38299942 473.20001221
-9.27880001 -30.01300049 473.20001221
-9.27880001 -30.64299965 473.20001221
-9.27880001 -31.90399933 473.19000244
-9.27869987 -32.53400040 473.19000244
-9.27880001 -33.16500092 473.20001221
-9.27880001 -33.79499817 473.19000244
-9.27859974 -34.42399979 473.19000244
-9.27849960 -35.05400085 473.17999268
-9.27840042 -35.68299866 473.17999268
-9.27830029 -36.31200027 473.17001343
-9.27820015 -36.94200134 473.16000366
-9.27810001 -37.57199860 473.16000366
-9.27799988 -38.20199966 473.16000366
-9.27799988 -38.83200073 473.14999390
-9.27789974 -39.46200180 473.14999390
-9.27779961 -40.09199905 473.14999390
-9.27760029 -40.72100067 473.14001465
-9.27770042 -41.35100174 473.14001465
-9.27779961 -41.98099899 473.14001465
-9.27770042 -42.61000061 473.14001465
-9.27760029 -43.24000168 473.13000488
-9.27740002 -43.86800003 473.11999512
-9.27740002 -44.49900055 473.11999512
-9.27740002 -45.12900162 473.11999512
-9.27729988 -45.75799942 473.11999512
-9.27709961 -46.38800049 473.10998535
-8.64949989 -48.91899872 473.22000122
-8.64949989 -48.28799820 473.22000122
-8.64970016 -47.65900040 473.23001099
-8.64980030 -47.02999878 473.23001099
-8.64980030 -46.40000153 473.23999023
-8.65009975 -45.77099991 473.25000000
-8.65009975 -45.14099884 473.25000000
-8.65009975 -44.51100159 473.25000000
-8.64999962 -43.87900162 473.25000000
-8.65009975 -43.25099945 473.25000000
-8.65030003 -42.62099838 473.26000977
-8.65030003 -41.99100113 473.26000977
-8.65030003 -41.36199951 473.26000977
-8.65030003 -40.73099899 473.26000977
-8.65040016 -40.10200119 473.26998901
-8.65050030 -39.47200012 473.26998901
-8.65050030 -38.84099960 473.26998901
-8.65060043 -38.21099854 473.27999878
-8.65060043 -37.58200073 473.27999878
-8.65060043 -36.95199966 473.27999878
-8.65069962 -36.32099915 473.27999878
-8.65089989 -35.69100189 473.29000854
-8.65100002 -35.06299973 473.29998779
-8.65100002 -34.43299866 473.29998779
-8.65110016 -33.80400085 473.30999756
-8.65120029 -33.17399979 473.30999756
-8.65120029 -32.54299927 473.32000732
-8.65130043 -29.39100075 473.32000732
-8.65139961 -28.76099968 473.32000732
-8.65130043 -28.13100052 473.32000732
-8.65149975 -27.50099945 473.32998657
-8.65159988 -26.87100029 473.32998657
-8.65159988 -26.23999977 473.32998657
-8.65159988 -25.60899925 473.32998657
-8.65170002 -24.97999954 473.33999634
-8.65180016 -24.35000038 473.35000610
-8.65180016 -23.71899986 473.33999634
-8.65170002 -23.08900070 473.33999634
-8.65180016 -22.45800018 473.33999634
-8.65180016 -21.82799911 473.33999634
-8.65180016 -21.19799995 473.35000610
-8.65200043 -20.56800079 473.35000610
-8.65200043 -19.93799973 473.35000610
-8.65209961 -19.30800056 473.35998535
-8.65209961 -18.67799950 473.35998535
-8.65209961 -18.04700089 473.35998535
-8.65240002 -17.41699982 473.36999512
-8.65240002 -16.78599930 473.38000488
-8.65250015 -16.15600014 473.38000488
-8.65260029 -15.52600002 473.39001465
-8.65270042 -14.89500046 473.39001465
-8.65260029 -14.26399994 473.39001465
-8.65260029 -13.63399982 473.39001465
-8.65270042 -13.00399971 473.39001465
-8.65279961 -12.37300014 473.39999390
-8.65289974 -11.74300003 473.39999390
-8.65289974 -11.11200047 473.39999390
-8.65299988 -10.48200035 473.41000366
-8.65310001 -9.85210037 473.41000366
-8.65310001 -9.22189999 473.41000366
-8.65289974 -8.59160042 473.39999390
-8.65289974 -7.96070004 473.39999390
-8.65289974 -7.33010006 473.39999390
-8.65279961 -6.69939995 473.39999390
-8.65289974 -6.06899977 473.39999390
-8.65289974 -5.43809986 473.39999390
-8.65299988 -4.80800009 473.41000366
-8.65320015 -4.17789984 473.42001343
-8.65320015 -3.54719996 473.41000366
-8.65310001 -2.91700006 473.41000366
-8.65299988 -2.28500009 473.41000366
-8.65310001 -1.65429997 473.41000366
-8.65330029 -1.02400005 473.42001343
-8.65340042 -0.39368999 473.42999268
-8.65349960 0.23659000 473.42999268
-8.65340042 0.86736000 473.42999268
-8.65330029 1.49829996 473.42001343
-8.65340042 2.12870002 473.42999268
-8.65349960 2.75860000 473.42999268
-8.65359974 3.38919997 473.44000244
-8.65359974 4.01910019 473.44000244
-8.65349960 4.64930010 473.42999268
-8.65349960 5.28049994 473.42999268
-8.65340042 6.54090023 473.42001343
-8.65359974 7.17180014 473.44000244
-8.65349960 7.80289984 473.42999268
-8.65359974 8.43430042 473.44000244
-8.65369987 9.06550026 473.44000244
-8.65369987 9.69589996 473.44000244
-8.65369987 10.32600021 473.44000244
-8.65369987 10.95699978 473.44000244
-8.65369987 11.58800030 473.44000244
-8.65369987 12.21899986 473.44000244
-8.65369987 12.84799957 473.44000244
-8.65359974 13.47900009 473.44000244
-8.65359974 14.11100006 473.44000244
-8.65380001 14.74100018 473.44000244
-8.65380001 15.37100029 473.45001221
-8.65369987 16.00200081 473.44000244
-8.65369987 16.63199997 473.44000244
-8.65349960 17.26199913 473.42999268
-8.65340042 17.89299965 473.42999268
-8.65340042 18.52300072 473.42001343
-8.65340042 19.15399933 473.42001343
-8.65340042 19.78499985 473.42001343
-8.65340042 20.41500092 473.42001343
-8.65340042 21.04599953 473.42001343
-8.65340042 21.67700005 473.42001343
-8.65340042 22.30800056 473.42001343
-8.65349960 22.93899918 473.42999268
-8.65349960 23.56999969 473.42999268
-8.65349960 24.20100021 473.42999268
-8.65349960 24.83200073 473.42999268
-8.65349960 25.46199989 473.42999268
-8.65359974 26.09300041 473.42999268
-8.65349960 26.72200012 473.42999268
-8.65330029 27.35199928 473.42001343
-8.65330029 27.98299980 473.42001343
-8.65320015 28.61300087 473.41000366
-8.65320015 29.24399948 473.41000366
-8.65320015 29.87400055 473.41000366
-8.65320015 30.50499916 473.41000366
-8.65320015 31.13500023 473.41000366
-8.65320015 31.76600075 473.41000366
-8.65320015 32.39699936 473.41000366
-8.65310001 33.02700043 473.41000366
-8.65310001 33.65700150 473.39999390
-8.65299988 34.28799820 473.39999390
-8.65289974 34.91799927 473.39999390
-8.65289974 35.54899979 473.39001465
-8.65289974 36.17900085 473.39001465
-8.65279961 36.81000137 473.39001465
-8.65270042 37.44100189 473.39001465
-8.65270042 38.07099915 473.39001465
-8.65270042 38.70199966 473.38000488
-8.65270042 39.33100128 473.38000488
-8.65250015 39.96099854 473.36999512
-8.65240002 40.59199905 473.36999512
-8.65240002 41.22299957 473.36999512
-8.65219975 41.85300064 473.35998535
-8.65219975 42.48400116 473.35998535
-8.65229988 43.11399841 473.35998535
-8.65219975 43.74399948 473.35000610
-8.65200043 44.37300110 473.33999634
-8.65180016 45.00299835 473.32998657
-8.65159988 45.63299942 473.32000732
-8.02390003 45.64500046 473.45001221
-8.02410030 45.01499939 473.45999146
-8.02420044 44.38499832 473.47000122
-8.02429962 43.75500107 473.47000122
-8.02429962 43.12500000 473.48001099
-8.02429962 42.49399948 473.48001099
-8.02429962 41.86399841 473.48001099
-8.02460003 41.23300171 473.48999023
-8.02460003 40.60300064 473.50000000
-8.02470016 39.97299957 473.50000000
-8.02480030 39.34199905 473.51000977
-8.02470016 38.71099854 473.50000000
-8.02480030 38.08000183 473.50000000
-8.02480030 37.45000076 473.50000000
-8.02490044 36.81900024 473.51000977
-8.02490044 36.18799973 473.51000977
-8.02499962 35.55799866 473.51998901
-8.02509975 34.92699814 473.51998901
-8.02519989 34.29700089 473.52999878
-8.02519989 33.66600037 473.52999878
-8.02519989 33.03599930 473.52999878
-8.02530003 32.40499878 473.52999878
-8.02530003 31.77400017 473.52999878
-8.02530003 31.14399910 473.54000854
-8.02530003 30.51300049 473.54000854
-8.02530003 29.88199997 473.54000854
-8.02540016 29.25099945 473.54000854
-8.02550030 28.62100029 473.54000854
-8.02550030 27.99099922 473.54998779
-8.02560043 27.36000061 473.55999756
-8.02560043 26.72999954 473.54998779
-8.02569962 26.09900093 473.55999756
-8.02569962 25.46899986 473.55999756
-8.02560043 24.83799934 473.55999756
-8.02560043 24.20700073 473.55999756
-8.02560043 23.57600021 473.55999756
-8.02560043 22.94400024 473.54998779
-8.02550030 22.31299973 473.54998779
-8.02550030 21.68199921 473.54998779
-8.02550030 21.05100060 473.54998779
-8.02550030 20.42000008 473.54998779
-8.02550030 19.79000092 473.54998779
-8.02550030 19.15900040 473.54998779
-8.02550030 18.52799988 473.54998779
-8.02550030 17.89800072 473.54998779
-8.02560043 17.26700020 473.54998779
-8.02560043 16.63599968 473.55999756
-8.02569962 16.00499916 473.55999756
-8.02579975 15.37600040 473.57000732
-8.02569962 14.74600029 473.55999756
-8.02569962 14.11499977 473.55999756
-8.02569962 13.48299980 473.55999756
-8.02569962 12.85200024 473.55999756
-8.02579975 12.22200012 473.57000732
-8.02579975 11.59099960 473.57000732
-8.02579975 10.96000004 473.57000732
-8.02579975 10.32900047 473.57000732
-8.02569962 9.69799995 473.55999756
-8.02579975 9.06610012 473.57000732
-8.02569962 8.43610001 473.55999756
-8.02560043 7.80509996 473.55999756
-8.02569962 7.17399979 473.55999756
-8.02560043 6.54290009 473.55999756
-8.02550030 5.91209984 473.54998779
-8.02550030 5.28200006 473.54998779
-8.02550030 4.65110016 473.54998779
-8.02560043 4.02059984 473.55999756
-8.02560043 3.39010000 473.55999756
-8.02560043 2.75979996 473.55999756
-8.02550030 2.12940001 473.54998779
-8.02540016 1.49870002 473.54998779
-8.02550030 0.86761999 473.54998779
-8.02550030 0.23700000 473.54998779
-8.02540016 -0.39348999 473.54998779
-8.02519989 -1.02400005 473.54000854
-8.02509975 -1.65460002 473.52999878
-8.02509975 -2.91799998 473.52999878
-8.02509975 -3.54819989 473.52999878
-8.02519989 -4.17929983 473.54000854
-8.02499962 -4.80980015 473.52999878
-8.02499962 -5.44000006 473.51998901
-8.02490044 -6.07070017 473.51998901
-8.02490044 -6.70149994 473.51998901
-8.02490044 -7.33199978 473.51998901
-8.02490044 -7.96269989 473.51998901
-8.02499962 -8.59440041 473.52999878
-8.02509975 -9.22449970 473.52999878
-8.02519989 -9.85470009 473.54000854
-8.02509975 -10.48400021 473.52999878
-8.02499962 -11.11600018 473.52999878
-8.02499962 -11.74600029 473.52999878
-8.02490044 -12.37699986 473.51998901
-8.02490044 -13.00699997 473.51998901
-8.02470016 -13.63700008 473.51000977
-8.02470016 -14.26799965 473.51000977
-8.02470016 -14.89900017 473.51000977
-8.02470016 -15.52999973 473.51000977
-8.02460003 -16.15999985 473.50000000
-8.02449989 -16.79000092 473.50000000
-8.02449989 -17.42099953 473.50000000
-8.02429962 -18.05200005 473.48999023
-8.02429962 -18.68300056 473.48999023
-8.02429962 -19.31299973 473.48999023
-8.02410030 -19.94400024 473.48001099
-8.02410030 -20.57399940 473.48001099
-8.02400017 -21.20400047 473.47000122
-8.02410030 -22.46500015 473.48001099
-8.02420044 -23.09499931 473.48001099
-8.02420044 -23.72599983 473.48001099
-8.02420044 -24.35700035 473.48001099
-8.02379990 -24.98600006 473.45999146
-8.02379990 -25.61599922 473.45001221
-8.02379990 -26.24699974 473.45999146
-8.02379990 -26.87800026 473.45999146
-8.02369976 -27.50799942 473.45001221
-8.02359962 -28.13800049 473.45001221
-8.02359962 -28.76799965 473.44000244
-8.02350044 -29.39800072 473.44000244
-8.02359962 -30.02899933 473.45001221
-8.02369976 -30.65999985 473.45001221
-8.02369976 -31.29000092 473.45001221
-8.02369976 -31.92099953 473.45001221
-8.02369976 -32.55199814 473.45001221
-8.02340031 -33.18199921 473.44000244
-8.02330017 -33.81200027 473.42999268
-8.02320004 -34.44200134 473.42001343
-8.02309990 -35.07199860 473.42001343
-8.02299976 -35.70100021 473.41000366
-8.02280045 -38.85200119 473.39999390
-8.02280045 -39.48300171 473.39999390
-8.02289963 -40.11399841 473.39999390
-8.02280045 -40.74300003 473.39999390
-8.02280045 -41.37400055 473.39999390
-8.02280045 -42.00299835 473.39999390
-8.02250004 -42.63199997 473.38000488
-8.02250004 -43.26300049 473.38000488
-8.02239990 -43.89199829 473.36999512
-8.02239990 -44.52199936 473.38000488
-8.02250004 -45.15299988 473.38000488
-8.02239990 -45.78400040 473.38000488
-8.02229977 -46.41299820 473.36999512
-8.02219963 -47.04299927 473.35998535
-8.02210045 -47.67200089 473.35000610
-8.02200031 -48.30099869 473.35000610
-8.02190018 -48.93099976 473.33999634
-7.39389992 -48.94400024 473.47000122
-7.39410019 -48.31399918 473.48001099
-7.39419985 -47.68500137 473.48999023
-7.39429998 -47.05599976 473.50000000
-7.39429998 -46.42499924 473.48999023
-7.39429998 -45.79499817 473.48999023
-7.39429998 -45.16400146 473.50000000
-7.39429998 -44.53300095 473.48999023
-7.39440012 -43.90299988 473.50000000
-7.39449978 -43.27399826 473.50000000
-7.39440012 -42.64300156 473.50000000
-7.39470005 -42.01399994 473.51998901
-7.39470005 -41.38499832 473.51998901
-7.39470005 -40.75400162 473.51998901
-7.39480019 -40.12400055 473.52999878
-7.39470005 -39.49200058 473.51998901
-7.39470005 -38.86199951 473.51998901
-7.39470005 -38.23099899 473.51998901
-7.39470005 -37.60100174 473.51998901
-7.39489985 -35.70999908 473.52999878
-7.39499998 -35.08000183 473.54000854
-7.39499998 -33.81900024 473.54000854
-7.39550018 -32.55899811 473.57000732
-7.39550018 -31.92900085 473.57000732
-7.39550018 -31.29800034 473.57000732
-7.39559984 -30.66799927 473.57998657
-7.39550018 -30.03700066 473.57000732
-7.39540005 -29.40600014 473.57000732
-7.39540005 -28.77599907 473.57000732
-7.39550018 -28.14500046 473.57000732
-7.39569998 -27.51499939 473.57998657
-7.39569998 -26.88500023 473.58999634
-7.39569998 -26.25399971 473.57998657
-7.39559984 -25.62400055 473.57998657
-7.39559984 -24.99300003 473.57998657
-7.39580011 -24.36199951 473.58999634
-7.39589977 -23.73200035 473.60000610
-7.39599991 -23.10199928 473.60000610
-7.39589977 -22.47100067 473.60000610
-7.39599991 -21.84099960 473.60000610
-7.39610004 -21.20999908 473.60998535
-7.39610004 -20.57999992 473.60998535
-7.39620018 -19.94899940 473.60998535
-7.39620018 -19.31800079 473.61999512
-7.39620018 -18.68700027 473.61999512
-7.39620018 -18.05699921 473.61999512
-7.39629984 -17.42600060 473.61999512
-7.39629984 -16.79500008 473.61999512
-7.39629984 -16.16399956 473.61999512
-7.39639997 -15.53299999 473.63000488
-7.39639997 -14.90200043 473.63000488
-7.39639997 -14.27099991 473.63000488
-7.39639997 -13.64000034 473.63000488
-7.39650011 -13.01000023 473.64001465
-7.39669991 -12.37899971 473.64001465
-7.39680004 -11.74899960 473.64999390
-7.39690018 -11.11900043 473.66000366
-7.39699984 -10.48799992 473.66000366
-7.39690018 -9.85770035 473.66000366
-7.39680004 -9.22690010 473.64999390
-7.39669991 -8.59659958 473.64999390
-7.39669991 -7.96500015 473.64001465
-7.39669991 -7.33400011 473.64001465
-7.39669991 -6.70310020 473.64001465
-7.39669991 -6.07219982 473.64001465
-7.39669991 -5.44129992 473.64999390
-7.39690018 -2.28660011 473.66000366
-7.39699984 -1.65520000 473.66000366
-7.39720011 -1.02489996 473.67001343
-7.39729977 -0.39396000 473.67999268
-7.39720011 0.23709001 473.67999268
-7.39720011 0.86761999 473.67001343
-7.39709997 1.49890006 473.67001343
-7.39720011 2.12980008 473.67999268
-7.39720011 2.76049995 473.67999268
-7.39729977 3.39129996 473.67999268
-7.39729977 4.02180004 473.67999268
-7.39720011 4.65240002 473.67001343
-7.39720011 5.28319979 473.67999268
-7.39729977 5.91379976 473.67999268
-7.39739990 6.54549980 473.67999268
-7.39750004 7.17630005 473.69000244
-7.39739990 7.80760002 473.69000244
-7.39750004 8.43869972 473.69000244
-7.39739990 9.06869984 473.69000244
-7.39729977 9.70020008 473.67999268
-7.39739990 10.33199978 473.69000244
-7.39729977 10.96300030 473.67999268
-7.39739990 11.59399986 473.67999268
-7.39739990 12.22399998 473.67999268
-7.39729977 12.85499954 473.67999268
-7.39739990 13.48600006 473.67999268
-7.39739990 14.11800003 473.67999268
-7.39750004 14.74899960 473.69000244
-7.39750004 15.38000011 473.69000244
-7.39750004 16.01000023 473.69000244
-7.39739990 16.64100075 473.67999268
-7.39739990 17.27199936 473.67999268
-7.39729977 21.05699921 473.67001343
-7.39720011 21.68799973 473.67001343
-7.39729977 22.31900024 473.67999268
-7.39739990 22.95100021 473.67999268
-7.39750004 23.58200073 473.69000244
-7.39750004 24.21299934 473.69000244
-7.39739990 24.84399986 473.67999268
-7.39729977 25.47500038 473.67999268
-7.39729977 26.10600090 473.67999268
-7.39729977 26.73699951 473.67999268
-7.39729977 27.36800003 473.67999268
-7.39729977 27.99900055 473.67999268
-7.39720011 28.62899971 473.67001343
-7.39720011 29.25900078 473.67001343
-7.39709997 29.88999939 473.66000366
-7.39709997 30.52099991 473.66000366
-7.39709997 31.15200043 473.66000366
-7.39699984 31.78300095 473.66000366
-7.39699984 32.41400146 473.66000366
-7.39699984 33.04399872 473.66000366
-7.39699984 33.67499924 473.66000366
-7.39709997 34.30599976 473.66000366
-7.39699984 34.93700027 473.66000366
-7.39690018 35.56800079 473.64999390
-7.39680004 36.19800186 473.64001465
-7.39669991 36.82799911 473.64001465
-7.39659977 37.45899963 473.63000488
-7.39659977 38.09000015 473.63000488
-7.39659977 38.72100067 473.63000488
-7.39659977 39.35200119 473.63000488
-7.39659977 39.98400116 473.63000488
-7.39650011 40.61399841 473.61999512
-7.39629984 41.24399948 473.60998535
-7.39610004 41.87400055 473.60000610
-7.39610004 42.50400162 473.60000610
-7.39610004 43.13499832 473.60000610
-7.39610004 43.76599884 473.58999634
-7.39599991 44.39599991 473.58999634
-7.39589977 45.02700043 473.58999634
-7.39580011 45.65700150 473.57998657
-6.76730013 45.66799927 473.70001221
-6.76739979 45.03799820 473.70999146
-6.76749992 44.40700150 473.70999146
-6.76749992 43.77600098 473.70999146
-6.76760006 43.14599991 473.72000122
-6.76770020 42.51599884 473.72000122
-6.76770020 41.88499832 473.73001099
-6.76789999 41.25500107 473.73999023
-6.76800013 40.62400055 473.75000000
-6.76809978 39.99399948 473.76000977
-6.76819992 39.36299896 473.76000977
-6.76819992 38.73199844 473.76000977
-6.76819992 38.10100174 473.76000977
-6.76809978 37.46900177 473.76000977
-6.76819992 36.83900070 473.76000977
-6.76830006 36.20800018 473.76998901
-6.76840019 35.57799911 473.77999878
-6.76849985 34.94699860 473.77999878
-6.76849985 34.31600189 473.77999878
-6.76849985 33.68500137 473.77999878
-6.76840019 33.05300140 473.77999878
-6.76849985 32.42200089 473.77999878
-6.76849985 31.79199982 473.77999878
-6.76849985 31.15999985 473.79000854
-6.76859999 30.53000069 473.79000854
-6.76859999 29.89800072 473.79000854
-6.76870012 29.26700020 473.79998779
-6.76870012 28.63699913 473.79998779
-6.76870012 28.00600052 473.79998779
-6.76879978 27.37400055 473.79998779
-6.76879978 26.74399948 473.80999756
-6.76879978 26.11300087 473.80999756
-6.76879978 25.48200035 473.80999756
-6.76879978 24.85099983 473.80999756
-6.76889992 24.21899986 473.80999756
-6.76889992 23.58799934 473.80999756
-6.76879978 22.95700073 473.80999756
-6.76879978 22.32500076 473.79998779
-6.76870012 21.69400024 473.79998779
-6.76870012 21.06200027 473.79998779
-6.76870012 20.43199921 473.79998779
-6.76870012 19.80100060 473.79998779
-6.76870012 19.17000008 473.79998779
-6.76870012 18.53899956 473.79998779
-6.76870012 17.90800095 473.79998779
-6.76879978 17.27700043 473.79998779
-6.76879978 16.64599991 473.80999756
-6.76879978 16.01499939 473.80999756
-6.76889992 15.38300037 473.80999756
-6.76889992 14.75300026 473.80999756
-6.76879978 14.12100029 473.80999756
-6.76870012 13.48999977 473.79998779
-6.76870012 12.85900021 473.79998779
-6.76870012 12.22700024 473.79998779
-6.76870012 11.59599972 473.80999756
-6.76870012 10.96500015 473.79998779
-6.76870012 10.33399963 473.79998779
-6.76870012 9.70230007 473.79998779
-6.76870012 9.07089996 473.79998779
-6.76879978 8.44060040 473.80999756
-6.76879978 7.80989981 473.80999756
-6.76879978 7.17850018 473.80999756
-6.76870012 6.54750013 473.80999756
-6.76859999 5.91550016 473.79998779
-6.76859999 5.28469992 473.79998779
-6.76859999 4.65390015 473.79998779
-6.76870012 4.02320004 473.80999756
-6.76870012 3.39249992 473.80999756
-6.76879978 2.76090002 473.80999756
-6.76879978 2.13039994 473.80999756
-6.76870012 1.49930000 473.80999756
-6.76879978 0.86770999 473.80999756
-6.76870012 0.23808999 473.79998779
-6.76859999 -0.39398000 473.79998779
-6.76859999 -1.02540004 473.79998779
-6.76849985 -1.65610003 473.79000854
-6.76840019 -2.28740001 473.79000854
-6.76830006 -2.91880012 473.77999878
-6.76819992 -4.81239986 473.76998901
-6.76819992 -5.44309998 473.76998901
-6.76819992 -6.07420015 473.76998901
-6.76819992 -6.70569992 473.77999878
-6.76830006 -7.33620024 473.77999878
-6.76830006 -7.96719980 473.77999878
-6.76840019 -8.59869957 473.79000854
-6.76819992 -9.22939968 473.76998901
-6.76830006 -9.86110020 473.77999878
-6.76830006 -10.49100018 473.77999878
-6.76830006 -11.12199974 473.77999878
-6.76819992 -11.75199986 473.77999878
-6.76809978 -12.38199997 473.76000977
-6.76800013 -13.01299953 473.76000977
-6.76779985 -14.90600014 473.75000000
-6.76779985 -15.53699970 473.75000000
-6.76779985 -16.16799927 473.73999023
-6.76770020 -16.79899979 473.73999023
-6.76779985 -17.43099976 473.75000000
-6.76789999 -18.06200027 473.75000000
-6.76789999 -18.69300079 473.76000977
-6.76779985 -19.32299995 473.75000000
-6.76770020 -19.95400047 473.73999023
-6.76770020 -20.58499908 473.73999023
-6.76760006 -21.21599960 473.73001099
-6.76749992 -21.84700012 473.73001099
-6.76749992 -22.47800064 473.73001099
-6.76749992 -23.10899925 473.73001099
-6.76749992 -23.73900032 473.73001099
-6.76730013 -24.36899948 473.70999146
-6.76719999 -24.99900055 473.70001221
-6.76709986 -25.62999916 473.70001221
-6.76719999 -26.26199913 473.70999146
-6.76730013 -26.89299965 473.70999146
-6.76730013 -27.52300072 473.70999146
-6.76709986 -28.15299988 473.70001221
-6.76709986 -28.78400040 473.70001221
-6.76700020 -29.41399956 473.69000244
-6.76700020 -30.04500008 473.69000244
-6.76709986 -30.67600060 473.70001221
-6.76709986 -31.30699921 473.70001221
-6.76709986 -31.93700027 473.70001221
-6.76690006 -32.56600189 473.69000244
-6.76660013 -34.45800018 473.66000366
-6.76650000 -35.08800125 473.66000366
-6.76650000 -35.71900177 473.66000366
-6.76639986 -38.87300110 473.64999390
-6.76639986 -39.50299835 473.64999390
-6.76639986 -40.13399887 473.64999390
-6.76639986 -40.76499939 473.64999390
-6.76639986 -41.39599991 473.64999390
-6.76639986 -42.02600098 473.64999390
-6.76620007 -42.65599823 473.64001465
-6.76630020 -43.28599930 473.64001465
-6.76609993 -43.91500092 473.63000488
-6.76599979 -44.54600143 473.61999512
-6.76599979 -45.17599869 473.61999512
-6.76590014 -45.80699921 473.61999512
-6.76599979 -46.43799973 473.61999512
-6.76599979 -47.06800079 473.61999512
-6.76580000 -47.69699860 473.60998535
-6.76569986 -48.32600021 473.60000610
-6.76560020 -48.95600128 473.58999634
-6.13689995 -49.59999847 473.70999146
-6.13700008 -48.96900177 473.72000122
-6.13710022 -48.33800125 473.72000122
-6.13719988 -47.70899963 473.73001099
-6.13719988 -47.08000183 473.73999023
-6.13730001 -46.45000076 473.73999023
-6.13730001 -45.81900024 473.73999023
-6.13730001 -45.18799973 473.75000000
-6.13740015 -44.55799866 473.75000000
-6.13749981 -43.92800140 473.76000977
-6.13759995 -43.29800034 473.76998901
-6.13759995 -42.66799927 473.76998901
-6.13759995 -42.03699875 473.76998901
-6.13759995 -41.40700150 473.76998901
-6.13759995 -40.77399826 473.76998901
-6.13759995 -40.14400101 473.76998901
-6.13770008 -39.51300049 473.76998901
-6.13770008 -38.88299942 473.77999878
-6.13770008 -37.62099838 473.77999878
-6.13770008 -36.99000168 473.77999878
-6.13780022 -36.35900116 473.77999878
-6.13780022 -35.72800064 473.77999878
-6.13819981 -32.57500076 473.80999756
-6.13829994 -31.94599915 473.82000732
-6.13829994 -31.31500053 473.82000732
-6.13819981 -30.68400002 473.82000732
-6.13819981 -30.05299950 473.80999756
-6.13819981 -29.42200089 473.82000732
-6.13840008 -28.79199982 473.82998657
-6.13840008 -28.16099930 473.82998657
-6.13850021 -27.53100014 473.83999634
-6.13840008 -26.89999962 473.82998657
-6.13840008 -26.26899910 473.82998657
-6.13829994 -25.63800049 473.82000732
-6.13840008 -25.00600052 473.82998657
-6.13859987 -24.37599945 473.83999634
-6.13870001 -23.74600029 473.85998535
-6.13870001 -23.11499977 473.85998535
-6.13870001 -22.48299980 473.85000610
-6.13870001 -21.85199928 473.85998535
-6.13880014 -21.22100067 473.85998535
-6.13889980 -20.59000015 473.86999512
-6.13889980 -19.95999908 473.86999512
-6.13899994 -19.32799911 473.86999512
-6.13899994 -18.69700050 473.86999512
-6.13899994 -18.06699944 473.88000488
-6.13899994 -17.43499947 473.86999512
-6.13899994 -16.80400085 473.86999512
-6.13889980 -16.17200089 473.86999512
-6.13899994 -15.53999996 473.86999512
-6.13920021 -12.38599968 473.89001465
-6.13929987 -11.75500011 473.89001465
-6.13940001 -11.12500000 473.89999390
-6.13940001 -10.49400043 473.89999390
-6.13929987 -9.86320019 473.89001465
-6.13920021 -9.23110008 473.89001465
-6.13940001 -8.60000038 473.89999390
-6.13950014 -7.96899986 473.91000366
-6.13940001 -7.33799982 473.91000366
-6.13929987 -6.70730019 473.89999390
-6.13929987 -6.07569981 473.89001465
-6.13929987 -5.44460011 473.89001465
-6.13929987 -4.81379986 473.89999390
-6.13950014 -2.91939998 473.91000366
-6.13959980 -2.28800011 473.92001343
-6.13959980 -1.65680003 473.92001343
-6.13959980 -1.02540004 473.92001343
-6.13959980 -0.39373001 473.91000366
-6.13969994 0.23874000 473.92001343
-6.13969994 0.86903000 473.92001343
-6.13969994 1.50020003 473.92001343
-6.13969994 2.13019991 473.92001343
-6.13969994 2.76200008 473.92999268
-6.13969994 3.39380002 473.92001343
-6.13980007 4.02510023 473.92999268
-6.13980007 4.65560007 473.92999268
-6.13980007 5.28630018 473.92999268
-6.13980007 5.91739988 473.92999268
-6.13969994 6.54969978 473.92001343
-6.13980007 7.18060017 473.92999268
-6.13980007 7.81160021 473.92999268
-6.13980007 8.44219971 473.92999268
-6.13980007 9.07310009 473.92999268
-6.13969994 9.70479965 473.92001343
-6.13980007 10.33600044 473.92999268
-6.13980007 10.96800041 473.92999268
-6.13980007 11.59899998 473.92999268
-6.13980007 12.22999954 473.92999268
-6.13980007 13.49300003 473.92999268
-6.13980007 14.12500000 473.92999268
-6.13990021 14.75599957 473.92999268
-6.13990021 15.38700008 473.94000244
-6.13999987 16.01899910 473.94000244
-6.13990021 16.64999962 473.94000244
-6.13990021 17.28199959 473.92999268
-6.13990021 17.91300011 473.92999268
-6.13980007 18.54400063 473.92999268
-6.13980007 19.17499924 473.92999268
-6.13980007 19.80599976 473.92001343
-6.13980007 20.43700027 473.92001343
-6.13969994 21.06800079 473.92001343
-6.13980007 21.70100021 473.92999268
-6.13990021 22.33200073 473.92999268
-6.13999987 22.96400070 473.94000244
-6.13999987 23.59499931 473.94000244
-6.13990021 24.22500038 473.92999268
-6.13990021 24.85799980 473.92999268
-6.13990021 25.48800087 473.92999268
-6.13990021 26.12000084 473.92999268
-6.13990021 26.75099945 473.92999268
-6.13990021 27.38100052 473.92999268
-6.13980007 28.01199913 473.92001343
-6.13980007 28.64399910 473.92001343
-6.13980007 29.27499962 473.92001343
-6.13969994 29.90600014 473.92001343
-6.13969994 30.53800011 473.92001343
-6.13959980 31.16900063 473.91000366
-6.13959980 31.79999924 473.91000366
-6.13959980 32.43099976 473.91000366
-6.13950014 33.06200027 473.89999390
-6.13950014 33.69300079 473.89999390
-6.13950014 34.32500076 473.89999390
-6.13950014 34.95600128 473.89999390
-6.13950014 35.58700180 473.89999390
-6.13940001 36.21699905 473.89001465
-6.13929987 36.84899902 473.89001465
-6.13929987 37.47900009 473.88000488
-6.13929987 38.11100006 473.88000488
-6.13929987 38.74200058 473.88000488
-6.13929987 39.37300110 473.88000488
-6.13920021 40.00400162 473.88000488
-6.13910007 40.63499832 473.86999512
-6.13910007 41.26599884 473.86999512
-6.13889980 41.89599991 473.85998535
-6.13889980 42.52700043 473.85000610
-6.13880014 43.15800095 473.85000610
-6.13880014 43.78900146 473.83999634
-6.13880014 44.41999817 473.83999634
-6.13870001 45.05199814 473.83999634
-6.13870001 45.68199921 473.83999634
-5.50950003 45.69400024 473.95999146
-5.50960016 45.06299973 473.97000122
-5.50960016 44.43199921 473.97000122
-5.50969982 43.80099869 473.97000122
-5.50979996 43.16999817 473.98001099
-5.50979996 42.54000092 473.98001099
-5.50990009 41.90800095 473.98999023
-5.50990009 41.27700043 473.98999023
-5.51000023 40.64599991 474.00000000
-5.51000023 40.01499939 474.00000000
-5.51009989 39.38299942 474.00000000
-5.51009989 38.75199890 474.01000977
-5.51009989 38.12099838 474.01000977
-5.51009989 37.48899841 474.01000977
-5.51009989 36.85800171 474.01000977
-5.51020002 36.22700119 474.01998901
-5.51030016 35.59600067 474.01998901
-5.51030016 34.96500015 474.02999878
-5.51030016 34.33300018 474.02999878
-5.51030016 33.70199966 474.02999878
-5.51030016 33.06999969 474.02999878
-5.51030016 32.43899918 474.02999878
-5.51030016 31.80800056 474.02999878
-5.51039982 31.17600060 474.04000854
-5.51049995 30.54500008 474.04000854
-5.51049995 29.91399956 474.04000854
-5.51049995 29.28199959 474.04998779
-5.51049995 28.65099907 474.04000854
-5.51049995 28.01899910 474.04000854
-5.51049995 27.38800049 474.04998779
-5.51060009 26.75799942 474.04998779
-5.51060009 26.12599945 474.04998779
-5.51060009 25.49500084 474.04998779
-5.51060009 24.86400032 474.04998779
-5.51060009 24.23100090 474.04998779
-5.51070023 23.60099983 474.05999756
-5.51070023 22.96999931 474.07000732
-5.51070023 22.33799934 474.05999756
-5.51060009 21.70700073 474.05999756
-5.51049995 21.07399940 474.04998779
-5.51049995 20.44300079 474.04998779
-5.51049995 19.81200027 474.04998779
-5.51060009 19.18000031 474.04998779
-5.51060009 18.54899979 474.05999756
-5.51070023 17.91799927 474.05999756
-5.51070023 17.28599930 474.05999756
-5.51070023 16.65500069 474.05999756
-5.51070023 16.02300072 474.07000732
-5.51060009 15.39099979 474.05999756
-5.51060009 14.75899982 474.05999756
-5.51060009 14.12800026 474.04998779
-5.51049995 13.49600029 474.04998779
-5.51049995 12.23299980 474.04998779
-5.51049995 11.60200024 474.04998779
-5.51049995 10.97000027 474.04998779
-5.51049995 10.33899975 474.04998779
-5.51049995 9.70759964 474.04998779
-5.51060009 9.07639980 474.05999756
-5.51049995 8.44480038 474.04998779
-5.51049995 7.81320000 474.04998779
-5.51049995 7.18200016 474.04998779
-5.51039982 6.55079985 474.04000854
-5.51049995 5.91919994 474.04998779
-5.51049995 5.28800011 474.04998779
-5.51060009 4.65679979 474.05999756
-5.51060009 4.02540016 474.05999756
-5.51049995 3.39439988 474.04998779
-5.51060009 2.76250005 474.05999756
-5.51049995 2.13109994 474.05999756
-5.51060009 1.50020003 474.05999756
-5.51049995 0.86931002 474.04998779
-5.51039982 0.23848000 474.04000854
-5.51030016 -0.39399999 474.04000854
-5.51039982 -1.02569997 474.04000854
-5.51039982 -1.65690005 474.04000854
-5.51030016 -2.28839993 474.04000854
-5.51030016 -2.91989994 474.02999878
-5.51020002 -4.18330002 474.02999878
-5.51020002 -4.81459999 474.01998901
-5.51009989 -5.44589996 474.01998901
-5.51009989 -6.07719994 474.01998901
-5.51009989 -6.70909977 474.01998901
-5.51020002 -7.33990002 474.02999878
-5.51020002 -7.97100019 474.02999878
-5.51020002 -8.60219955 474.02999878
-5.51009989 -9.23410034 474.01998901
-5.51020002 -9.86639977 474.02999878
-5.51020002 -10.49699974 474.02999878
-5.51009989 -11.12800026 474.01998901
-5.51000023 -11.75800037 474.01000977
-5.51000023 -12.38899994 474.01000977
-5.50990009 -13.02099991 474.01000977
-5.50979996 -16.80800056 474.00000000
-5.50979996 -17.44000053 474.00000000
-5.50990009 -18.07200050 474.01000977
-5.50990009 -18.70299911 474.01000977
-5.50979996 -19.33300018 474.00000000
-5.50979996 -19.96500015 474.00000000
-5.50969982 -20.59499931 473.98999023
-5.50960016 -21.22599983 473.98001099
-5.50960016 -21.85700035 473.98001099
-5.50950003 -22.48800087 473.97000122
-5.50950003 -23.12000084 473.97000122
-5.50950003 -23.75099945 473.97000122
-5.50939989 -24.38199997 473.95999146
-5.50930023 -25.01300049 473.95999146
-5.50920010 -25.64399910 473.95001221
-5.50930023 -26.27599907 473.95999146
-5.50930023 -26.90699959 473.95999146
-5.50939989 -27.53899956 473.95999146
-5.50930023 -28.16900063 473.95999146
-5.50920010 -28.79999924 473.95001221
-5.50920010 -29.43000031 473.94000244
-5.50909996 -30.69199944 473.94000244
-5.50909996 -31.32399940 473.94000244
-5.50909996 -31.95499992 473.94000244
-5.50909996 -32.58499908 473.94000244
-5.50890017 -33.21500015 473.92001343
-5.50880003 -33.84500122 473.92001343
-5.50880003 -35.10699844 473.91000366
-5.50880003 -35.73799896 473.91000366
-5.50880003 -36.36899948 473.91000366
-5.50869989 -37.00000000 473.91000366
-5.50880003 -37.63199997 473.91000366
-5.50869989 -38.26300049 473.91000366
-5.50869989 -38.89400101 473.91000366
-5.50869989 -39.52399826 473.91000366
-5.50860023 -40.15399933 473.89999390
-5.50850010 -40.78400040 473.89001465
-5.50850010 -41.41600037 473.89001465
-5.50850010 -42.04700089 473.89001465
-5.50860023 -42.67900085 473.89001465
-5.50860023 -43.31000137 473.89001465
-5.50850010 -43.93999863 473.89001465
-5.50839996 -44.57099915 473.88000488
-5.50839996 -45.20100021 473.88000488
-5.50839996 -45.83300018 473.88000488
-5.50820017 -46.46099854 473.85998535
-5.50810003 -47.09099960 473.85000610
-5.50820017 -47.72299957 473.85998535
-5.50810003 -48.35200119 473.85000610
-5.50810003 -48.98300171 473.85000610
-4.87879992 -48.99599838 473.97000122
-4.87879992 -48.36600113 473.98001099
-4.87890005 -47.73600006 473.98001099
-4.87890005 -47.10499954 473.98999023
-4.87890005 -46.47399902 473.98999023
-4.87900019 -45.84299850 474.00000000
-4.87900019 -45.21300125 474.00000000
-4.87909985 -44.58300018 474.01000977
-4.87919998 -43.95199966 474.01998901
-4.87919998 -43.31999969 474.01998901
-4.87919998 -42.68999863 474.01998901
-4.87919998 -42.05799866 474.01998901
-4.87930012 -41.42900085 474.02999878
-4.87919998 -40.79600143 474.01998901
-4.87930012 -40.16500092 474.02999878
-4.87930012 -39.53499985 474.02999878
-4.87930012 -38.90299988 474.02999878
-4.87939978 -38.27199936 474.02999878
-4.87939978 -37.64199829 474.04000854
-4.87939978 -37.00999832 474.04000854
-4.87939978 -36.37900162 474.04000854
-4.87939978 -35.74900055 474.04000854
-4.87939978 -35.11700058 474.04000854
-4.87939978 -34.48600006 474.04000854
-4.87949991 -33.85499954 474.04998779
-4.87949991 -33.22399902 474.04998779
-4.87960005 -32.59400177 474.05999756
-4.87960005 -31.96299934 474.05999756
-4.87960005 -31.33200073 474.05999756
-4.87960005 -30.70100021 474.05999756
-4.87970018 -29.43799973 474.07000732
-4.87979984 -28.80800056 474.07998657
-4.87989998 -28.17600060 474.07998657
-4.87989998 -27.54500008 474.08999634
-4.87989998 -26.91399956 474.07998657
-4.87979984 -26.28199959 474.07998657
-4.87979984 -25.65099907 474.07998657
-4.87989998 -25.01899910 474.07998657
-4.88000011 -24.38800049 474.08999634
-4.88000011 -23.75699997 474.10000610
-4.88009977 -23.12599945 474.10000610
-4.88009977 -22.49399948 474.10000610
-4.88009977 -21.86199951 474.10000610
-4.88009977 -21.23100090 474.10000610
-4.88009977 -20.60000038 474.10000610
-4.88019991 -19.96899986 474.10998535
-4.88019991 -19.33799934 474.11999512
-4.88030005 -18.70700073 474.13000488
-4.88040018 -18.07699966 474.13000488
-4.88040018 -17.44499969 474.13000488
-4.88040018 -16.81299973 474.13000488
-4.88030005 -15.54899979 474.11999512
-4.88030005 -14.91800022 474.13000488
-4.88040018 -14.28699970 474.13000488
-4.88040018 -13.65600014 474.13000488
-4.88040018 -13.02499962 474.13000488
-4.88040018 -12.39400005 474.13000488
-4.88049984 -11.76200008 474.14001465
-4.88049984 -11.13099957 474.14001465
-4.88059998 -10.50000000 474.14999390
-4.88059998 -9.86870003 474.14999390
-4.88059998 -9.23659992 474.14999390
-4.88070011 -8.60499954 474.16000366
-4.88079977 -7.97340012 474.16000366
-4.88070011 -7.34200001 474.16000366
-4.88070011 -6.71089983 474.14999390
-4.88070011 -6.07889986 474.14999390
-4.88059998 -5.44719982 474.14999390
-4.88070011 -4.81589985 474.16000366
-4.88070011 -4.18450022 474.14999390
-4.88070011 -2.92100000 474.14999390
-4.88079977 -2.28900003 474.16000366
-4.88079977 -1.65760005 474.17001343
-4.88089991 -1.02629995 474.17001343
-4.88079977 -0.39443001 474.17001343
-4.88089991 0.23797999 474.17001343
-4.88089991 0.87014002 474.17001343
-4.88100004 1.50090003 474.17999268
-4.88100004 2.13179994 474.19000244
-4.88110018 2.76309991 474.19000244
-4.88110018 3.39490008 474.19000244
-4.88110018 4.02610016 474.19000244
-4.88100004 4.65749979 474.19000244
-4.88100004 5.28889990 474.17999268
-4.88089991 5.92110014 474.17999268
-4.88089991 6.55240011 474.17001343
-4.88089991 7.18359995 474.17001343
-4.88089991 7.81519985 474.17001343
-4.88100004 9.07859993 474.17999268
-4.88100004 9.71039963 474.17999268
-4.88100004 10.34200001 474.17999268
-4.88100004 10.97299957 474.17999268
-4.88100004 11.60400009 474.17999268
-4.88100004 12.23700047 474.17999268
-4.88110018 12.86800003 474.19000244
-4.88110018 13.50000000 474.19000244
-4.88110018 14.13199997 474.19000244
-4.88110018 14.76299953 474.17999268
-4.88110018 15.39500046 474.19000244
-4.88110018 16.02799988 474.19000244
-4.88110018 16.65900040 474.19000244
-4.88110018 17.29100037 474.19000244
-4.88110018 17.92200089 474.19000244
-4.88110018 18.55400085 474.19000244
-4.88110018 19.18499947 474.17999268
-4.88100004 19.81699944 474.17999268
-4.88100004 20.44899940 474.17999268
-4.88110018 21.07999992 474.17999268
-4.88110018 21.71299934 474.19000244
-4.88119984 22.34399986 474.19000244
-4.88119984 22.97699928 474.19000244
-4.88110018 23.60799980 474.19000244
-4.88100004 24.23900032 474.17999268
-4.88110018 24.87199974 474.19000244
-4.88100004 25.50200081 474.17999268
-4.88100004 26.13400078 474.17999268
-4.88100004 26.76399994 474.17001343
-4.88089991 27.39500046 474.17001343
-4.88079977 28.02599907 474.16000366
-4.88089991 28.65800095 474.16000366
-4.88089991 29.29000092 474.17001343
-4.88100004 29.92300034 474.17001343
-4.88100004 30.55400085 474.17001343
-4.88089991 31.18499947 474.16000366
-4.88079977 31.81599998 474.16000366
-4.88079977 32.44699860 474.14999390
-4.88070011 33.07799911 474.14999390
-4.88070011 33.70999908 474.14999390
-4.88070011 34.34099960 474.14999390
-4.88070011 34.97299957 474.14999390
-4.88070011 35.60499954 474.14999390
-4.88070011 36.23600006 474.14001465
-4.88059998 36.86800003 474.14001465
-4.88059998 37.50000000 474.14001465
-4.88059998 38.13100052 474.13000488
-4.88059998 38.76200104 474.13000488
-4.88049984 39.39300156 474.13000488
-4.88049984 40.02500153 474.13000488
-4.88049984 40.65700150 474.11999512
-4.88049984 41.28799820 474.11999512
-4.88040018 41.91899872 474.11999512
-4.88030005 42.55099869 474.10998535
-4.88030005 43.18199921 474.10998535
-4.88030005 43.81299973 474.10000610
-4.88019991 44.44499969 474.10000610
-4.88019991 45.07500076 474.08999634
-4.88009977 45.70700073 474.08999634
-4.25029993 45.71799850 474.20999146
-4.25029993 45.08599854 474.20999146
-4.25040007 44.45600128 474.22000122
-4.25050020 43.82500076 474.23001099
-4.25050020 43.19300079 474.23001099
-4.25050020 42.56200027 474.23001099
-4.25059986 41.92900085 474.23999023
-4.25059986 41.29899979 474.25000000
-4.25070000 40.66699982 474.25000000
-4.25070000 40.03499985 474.25000000
-4.25070000 39.40399933 474.25000000
-4.25070000 38.77199936 474.25000000
-4.25070000 38.13999939 474.26000977
-4.25080013 37.50899887 474.26000977
-4.25080013 36.87699890 474.26998901
-4.25080013 36.24599838 474.26998901
-4.25089979 35.61500168 474.27999878
-4.25089979 34.98300171 474.27999878
-4.25089979 34.35100174 474.27999878
-4.25089979 33.71900177 474.27999878
-4.25089979 33.08700180 474.27999878
-4.25089979 32.45600128 474.27999878
-4.25099993 31.82500076 474.29000854
-4.25099993 31.19300079 474.29000854
-4.25099993 30.56200027 474.29000854
-4.25099993 29.93000031 474.29000854
-4.25099993 29.29700089 474.29000854
-4.25099993 28.66600037 474.29000854
-4.25099993 28.03400040 474.29000854
-4.25110006 27.40399933 474.29998779
-4.25099993 26.77099991 474.29000854
-4.25110006 26.13999939 474.29998779
-4.25110006 25.50900078 474.29998779
-4.25110006 24.87700081 474.29998779
-4.25110006 24.24500084 474.30999756
-4.25120020 23.61400032 474.30999756
-4.25120020 22.98200035 474.30999756
-4.25120020 22.35000038 474.32000732
-4.25120020 21.71800041 474.32000732
-4.25120020 21.08600044 474.30999756
-4.25110006 20.45400047 474.30999756
-4.25110006 19.82200050 474.30999756
-4.25120020 19.19000053 474.30999756
-4.25120020 18.55900002 474.32000732
-4.25120020 17.92700005 474.32000732
-4.25120020 17.29500008 474.32000732
-4.25120020 16.66300011 474.32000732
-4.25110006 16.03100014 474.30999756
-4.25110006 15.39900017 474.30999756
-4.25110006 14.76700020 474.30999756
-4.25120020 14.13500023 474.32000732
-4.25120020 13.50399971 474.32000732
-4.25120020 12.87199974 474.32000732
-4.25120020 12.23999977 474.32000732
-4.25110006 11.60799980 474.29998779
-4.25099993 10.97599983 474.29998779
-4.25099993 10.34399986 474.29998779
-4.25110006 9.71290016 474.29998779
-4.25110006 9.08119965 474.30999756
-4.25099993 7.18610001 474.29998779
-4.25099993 6.55420017 474.29000854
-4.25099993 5.92250013 474.29998779
-4.25099993 5.29010010 474.29998779
-4.25110006 4.65899992 474.30999756
-4.25110006 4.02720022 474.30999756
-4.25110006 3.39569998 474.30999756
-4.25110006 2.76419997 474.30999756
-4.25110006 2.13249993 474.30999756
-4.25099993 1.50129998 474.29998779
-4.25089979 0.87023002 474.29000854
-4.25089979 0.23757000 474.29000854
-4.25089979 -0.39456999 474.29000854
-4.25099993 -1.02649999 474.29998779
-4.25089979 -1.65820003 474.29000854
-4.25089979 -2.28979993 474.29000854
-4.25089979 -2.92179990 474.29000854
-4.25089979 -3.55399990 474.29000854
-4.25089979 -4.18520021 474.29000854
-4.25089979 -4.81659985 474.29000854
-4.25080013 -5.44850016 474.27999878
-4.25080013 -6.08029985 474.29000854
-4.25080013 -6.71229982 474.27999878
-4.25070000 -7.34380007 474.27999878
-4.25080013 -7.97580004 474.27999878
-4.25080013 -8.60760021 474.27999878
-4.25080013 -9.23919964 474.27999878
-4.25080013 -9.87080002 474.27999878
-4.25070000 -10.50300026 474.26998901
-4.25059986 -11.13399982 474.26998901
-4.25070000 -11.76599979 474.26998901
-4.25070000 -12.39799976 474.26998901
-4.25059986 -13.02900028 474.26998901
-4.25059986 -13.65999985 474.26000977
-4.25050020 -14.29100037 474.25000000
-4.25050020 -14.92300034 474.25000000
-4.25040007 -15.55399990 474.23999023
-4.25040007 -16.18600082 474.23999023
-4.25050020 -16.81699944 474.25000000
-4.25050020 -17.44899940 474.25000000
-4.25050020 -18.08099937 474.25000000
-4.25040007 -18.71199989 474.23999023
-4.25040007 -19.34300041 474.23999023
-4.25040007 -19.97500038 474.23999023
-4.25029993 -20.60600090 474.23999023
-4.25029993 -21.23699951 474.23001099
-4.25029993 -21.86800003 474.23001099
-4.25019979 -22.50000000 474.23001099
-4.25029993 -23.13199997 474.23001099
-4.25019979 -23.76300049 474.23001099
-4.25019979 -24.39399910 474.22000122
-4.25010014 -25.02499962 474.20999146
-4.25019979 -25.65800095 474.22000122
-4.25010014 -26.28899956 474.20999146
-4.25010014 -26.92099953 474.20999146
-4.25010014 -27.55299950 474.22000122
-4.25000000 -28.18300056 474.20001221
-4.25000000 -28.81399918 474.20001221
-4.24989986 -29.44499969 474.19000244
-4.24989986 -30.70800018 474.19000244
-4.24989986 -31.34000015 474.19000244
-4.24989986 -31.97100067 474.17999268
-4.24980021 -32.60200119 474.17999268
-4.24980021 -33.23400116 474.17999268
-4.24980021 -33.86500168 474.17001343
-4.24970007 -34.49599838 474.17001343
-4.24970007 -35.12799835 474.17001343
-4.24970007 -35.75899887 474.17001343
-4.24970007 -36.38999939 474.17001343
-4.24970007 -37.02099991 474.16000366
-4.24959993 -37.65200043 474.16000366
-4.24959993 -38.28300095 474.16000366
-4.24959993 -38.91400146 474.16000366
-4.24959993 -39.54600143 474.16000366
-4.24959993 -40.17599869 474.16000366
-4.24959993 -40.80699921 474.14999390
-4.24949980 -41.43799973 474.14001465
-4.24949980 -42.06800079 474.14001465
-4.24940014 -42.70000076 474.13000488
-4.24949980 -43.33200073 474.14001465
-4.24949980 -43.96400070 474.14001465
-4.24949980 -44.59500122 474.14001465
-4.24940014 -45.22499847 474.13000488
-4.24940014 -45.85599899 474.13000488
-4.24930000 -46.48699951 474.11999512
-4.24930000 -47.11700058 474.11999512
-4.24930000 -47.74800110 474.11999512
-4.24919987 -48.37900162 474.10998535
-4.24919987 -49.00899887 474.10000610
-3.61919999 -49.02199936 474.22000122
-3.61919999 -48.39199829 474.23999023
-3.61929989 -47.76100159 474.23999023
-3.61929989 -47.13000107 474.25000000
-3.61929989 -46.50000000 474.25000000
-3.61929989 -45.86800003 474.25000000
-3.61940002 -45.23699951 474.25000000
-3.61940002 -44.60599899 474.26000977
-3.61940002 -43.97499847 474.26000977
-3.61940002 -43.34299850 474.26000977
-3.61940002 -42.71200180 474.26000977
-3.61949992 -42.07899857 474.26998901
-3.61949992 -41.44900131 474.26998901
-3.61960006 -40.81900024 474.27999878
-3.61949992 -40.18700027 474.27999878
-3.61949992 -39.55699921 474.27999878
-3.61949992 -38.92399979 474.27999878
-3.61949992 -38.29199982 474.27999878
-3.61949992 -37.66199875 474.27999878
-3.61960006 -36.39899826 474.29000854
-3.61960006 -35.76800156 474.29000854
-3.61960006 -35.13600159 474.29000854
-3.61960006 -34.50500107 474.29000854
-3.61969995 -33.87300110 474.29998779
-3.61969995 -33.24200058 474.30999756
-3.61980009 -32.61100006 474.30999756
-3.61980009 -31.97999954 474.32000732
-3.61980009 -31.34799957 474.30999756
-3.61980009 -30.71599960 474.32000732
-3.61980009 -29.45299911 474.32000732
-3.61989999 -28.82099915 474.32000732
-3.61999989 -28.19000053 474.33999634
-3.61989999 -27.55800056 474.32998657
-3.61999989 -26.92799950 474.33999634
-3.61999989 -26.29599953 474.33999634
-3.61999989 -25.66399956 474.33999634
-3.61999989 -25.03199959 474.32998657
-3.61999989 -24.40099907 474.33999634
-3.62010002 -23.76899910 474.35000610
-3.62010002 -23.13800049 474.35000610
-3.62010002 -22.50600052 474.35000610
-3.62010002 -21.87400055 474.35000610
-3.62019992 -21.24300003 474.35998535
-3.62019992 -20.61100006 474.35998535
-3.62019992 -19.98100090 474.35998535
-3.62019992 -19.34799957 474.35998535
-3.62019992 -18.71699905 474.35998535
-3.62019992 -18.08499908 474.35998535
-3.62030005 -17.45400047 474.36999512
-3.62030005 -16.82200050 474.36999512
-3.62030005 -16.19000053 474.36999512
-3.62030005 -15.55799961 474.36999512
-3.62030005 -14.92700005 474.38000488
-3.62039995 -14.29599953 474.38000488
-3.62039995 -13.66399956 474.39001465
-3.62039995 -13.03299999 474.39001465
-3.62050009 -12.40100002 474.39001465
-3.62039995 -11.76900005 474.39001465
-3.62050009 -11.13700008 474.39001465
-3.62050009 -10.50599957 474.39001465
-3.62050009 -9.87339973 474.39999390
-3.62059999 -9.24180031 474.41000366
-3.62059999 -8.61009979 474.41000366
-3.62059999 -7.97809982 474.41000366
-3.62059999 -7.34560013 474.41000366
-3.62059999 -6.71369982 474.41000366
-3.62059999 -6.08169985 474.42001343
-3.62059999 -5.44969988 474.41000366
-3.62069988 -4.81769991 474.41000366
-3.62069988 -4.18590021 474.42001343
-3.62069988 -3.55480003 474.42001343
-3.62069988 -2.92269993 474.42001343
-3.62069988 -2.29060006 474.42001343
-3.62080002 -1.65900004 474.42999268
-3.62080002 -1.02719998 474.42999268
-3.62069988 -0.39502001 474.42001343
-3.62069988 0.23735000 474.42001343
-3.62069988 0.87001002 474.42001343
-3.62080002 1.50160003 474.42999268
-3.62080002 2.13299990 474.42999268
-3.62080002 2.76500010 474.44000244
-3.62080002 3.39680004 474.42999268
-3.62089992 4.02930021 474.44000244
-3.62089992 4.66039991 474.44000244
-3.62080002 5.29150009 474.44000244
-3.62080002 5.92420006 474.42999268
-3.62080002 6.55590010 474.42999268
-3.62080002 7.18830013 474.42999268
-3.62080002 7.82060003 474.42999268
-3.62080002 8.45240021 474.42999268
-3.62080002 9.08430004 474.42999268
-3.62080002 9.71630001 474.42999268
-3.62089992 10.34799957 474.44000244
-3.62089992 10.97900009 474.44000244
-3.62089992 11.61100006 474.44000244
-3.62100005 12.24400043 474.45001221
-3.62100005 12.87600040 474.45001221
-3.62100005 13.50699997 474.45001221
-3.62089992 14.13799953 474.44000244
-3.62089992 14.77099991 474.42999268
-3.62080002 15.40299988 474.42999268
-3.62080002 16.03499985 474.42999268
-3.62089992 16.66699982 474.42999268
-3.62089992 17.29899979 474.42999268
-3.62089992 17.93099976 474.44000244
-3.62089992 18.56299973 474.44000244
-3.62089992 19.19499969 474.44000244
-3.62089992 19.82699966 474.42999268
-3.62089992 20.45899963 474.42999268
-3.62089992 21.09099960 474.44000244
-3.62089992 21.72299957 474.44000244
-3.62089992 22.35499954 474.42999268
-3.62089992 22.98699951 474.42999268
-3.62089992 23.61899948 474.42999268
-3.62089992 24.25200081 474.42999268
-3.62089992 24.88400078 474.42999268
-3.62080002 25.51499939 474.42999268
-3.62089992 26.14699936 474.42999268
-3.62080002 26.77899933 474.42001343
-3.62089992 27.41099930 474.42999268
-3.62080002 28.04299927 474.42001343
-3.62080002 28.67399979 474.42001343
-3.62080002 29.30599976 474.42001343
-3.62080002 29.93799973 474.42001343
-3.62080002 30.56999969 474.42001343
-3.62080002 31.20199966 474.41000366
-3.62069988 31.83300018 474.41000366
-3.62069988 32.46500015 474.41000366
-3.62069988 33.09600067 474.39999390
-3.62069988 33.72800064 474.41000366
-3.62069988 34.36000061 474.41000366
-3.62069988 34.99200058 474.41000366
-3.62069988 35.62400055 474.39999390
-3.62059999 36.25600052 474.39999390
-3.62059999 36.88700104 474.39001465
-3.62059999 37.51900101 474.39001465
-3.62059999 38.15100098 474.39001465
-3.62059999 38.78400040 474.39001465
-3.62059999 39.41600037 474.39001465
-3.62059999 40.04800034 474.39001465
-3.62050009 40.67800140 474.38000488
-3.62050009 41.30899811 474.36999512
-3.62039995 41.93999863 474.35998535
-3.62039995 42.57199860 474.35998535
-3.62030005 43.20399857 474.35000610
-3.62030005 43.83499908 474.35000610
-3.62019992 44.46599960 474.33999634
-3.62010002 45.09700012 474.32998657
-3.62010002 45.72900009 474.32998657
-2.98970008 45.74100113 474.45001221
-2.98970008 45.11000061 474.45999146
-2.98979998 43.84600067 474.47000122
-2.98979998 43.21500015 474.48001099
-2.98990011 42.58300018 474.48999023
-2.98990011 41.95199966 474.50000000
-2.99000001 41.32099915 474.50000000
-2.99000001 40.68799973 474.51000977
-2.99009991 40.05799866 474.51998901
-2.99009991 39.42599869 474.51998901
-2.99009991 38.79399872 474.51998901
-2.99009991 38.16299820 474.51998901
-2.99009991 37.52899933 474.51000977
-2.99009991 36.89699936 474.51998901
-2.99009991 36.26499939 474.51998901
-2.99009991 35.63299942 474.52999878
-2.99009991 35.00199890 474.52999878
-2.99020004 34.36999893 474.52999878
-2.99020004 33.73699951 474.52999878
-2.99020004 33.10499954 474.52999878
-2.99020004 32.47299957 474.52999878
-2.99020004 31.84199905 474.54000854
-2.99020004 31.20999908 474.54000854
-2.99020004 30.57799911 474.54998779
-2.99020004 29.94599915 474.54000854
-2.99029994 29.31299973 474.54998779
-2.99029994 28.68199921 474.54998779
-2.99020004 28.04999924 474.54998779
-2.99029994 27.41799927 474.54998779
-2.99029994 26.78499985 474.54998779
-2.99029994 26.15299988 474.54998779
-2.99029994 25.52099991 474.54998779
-2.99029994 24.88899994 474.55999756
-2.99029994 24.25799942 474.55999756
-2.99029994 23.62500000 474.55999756
-2.99029994 22.99300003 474.54998779
-2.99029994 22.36000061 474.54998779
-2.99029994 21.72800064 474.55999756
-2.99029994 21.09600067 474.55999756
-2.99029994 20.46400070 474.55999756
-2.99029994 19.83099937 474.55999756
-2.99029994 19.19899940 474.55999756
-2.99029994 18.56699944 474.55999756
-2.99029994 17.93499947 474.54998779
-2.99029994 17.30299950 474.54998779
-2.99029994 16.67099953 474.55999756
-2.99029994 16.03899956 474.55999756
-2.99029994 15.40699959 474.55999756
-2.99029994 14.77499962 474.55999756
-2.99029994 14.14200020 474.55999756
-2.99029994 13.51000023 474.57000732
-2.99040008 12.87899971 474.57000732
-2.99040008 12.24600029 474.57998657
-2.99029994 11.61499977 474.57000732
-2.99029994 10.98299980 474.57000732
-2.99029994 10.35099983 474.55999756
-2.99020004 9.71899986 474.54998779
-2.99020004 9.08699989 474.54998779
-2.99020004 8.45460033 474.55999756
-2.99029994 7.82299995 474.55999756
-2.99020004 7.19059992 474.54998779
-2.99020004 6.55789995 474.55999756
-2.99029994 5.92619991 474.55999756
-2.99029994 5.29349995 474.55999756
-2.99029994 4.66219997 474.57000732
-2.99029994 4.03109980 474.55999756
-2.99020004 3.39840007 474.54998779
-2.99020004 2.76600003 474.55999756
-2.99020004 2.13369989 474.55999756
-2.99020004 1.50179994 474.54998779
-2.99009991 0.86988997 474.54000854
-2.99009991 0.23740999 474.54000854
-2.99009991 -0.39489999 474.54998779
-2.99020004 -1.02740002 474.54998779
-2.99020004 -1.65919995 474.54998779
-2.99020004 -2.29099989 474.54998779
-2.99009991 -2.92309999 474.54998779
-2.99009991 -3.55539989 474.54000854
-2.99009991 -4.18690014 474.54000854
-2.99009991 -4.81890011 474.54000854
-2.99009991 -5.45100021 474.54000854
-2.99009991 -6.08319998 474.54000854
-2.99000001 -6.71519995 474.52999878
-2.99000001 -7.34759998 474.52999878
-2.99000001 -7.98000002 474.52999878
-2.99000001 -8.61200047 474.52999878
-2.99000001 -9.24419975 474.52999878
-2.99009991 -9.87639999 474.54000854
-2.99000001 -10.50899982 474.52999878
-2.98990011 -11.14000034 474.51998901
-2.99000001 -11.77200031 474.52999878
-2.98990011 -12.40400028 474.51998901
-2.98990011 -13.03699970 474.51998901
-2.98990011 -13.66800022 474.51998901
-2.98990011 -14.30000019 474.51998901
-2.98990011 -14.93099976 474.51000977
-2.98979998 -15.56299973 474.51000977
-2.98979998 -16.19400024 474.50000000
-2.98979998 -16.82600021 474.50000000
-2.98979998 -18.09000015 474.50000000
-2.98970008 -18.72299957 474.48999023
-2.98970008 -19.35400009 474.48999023
-2.98970008 -19.98600006 474.48999023
-2.98970008 -20.61700058 474.48999023
-2.98970008 -21.24900055 474.48001099
-2.98959994 -21.88100052 474.48001099
-2.98959994 -22.51199913 474.47000122
-2.98959994 -23.14399910 474.47000122
-2.98959994 -23.77599907 474.47000122
-2.98959994 -24.40699959 474.45999146
-2.98950005 -25.03800011 474.45999146
-2.98950005 -25.67099953 474.45999146
-2.98950005 -26.30200005 474.45999146
-2.98950005 -26.93400002 474.45999146
-2.98950005 -27.56500053 474.45001221
-2.98950005 -28.19700050 474.45001221
-2.98950005 -28.82900047 474.45001221
-2.98950005 -29.46100044 474.45001221
-2.98939991 -30.09300041 474.45001221
-2.98939991 -30.72400093 474.45001221
-2.98939991 -31.35600090 474.45001221
-2.98939991 -31.98800087 474.45001221
-2.98939991 -32.61999893 474.44000244
-2.98939991 -33.25000000 474.42999268
-2.98930001 -33.88100052 474.42001343
-2.98920012 -35.14400101 474.41000366
-2.98920012 -35.77600098 474.41000366
-2.98920012 -36.40800095 474.41000366
-2.98909998 -38.30099869 474.39999390
-2.98909998 -38.93299866 474.39999390
-2.98909998 -39.56499863 474.39001465
-2.98909998 -40.19699860 474.39001465
-2.98909998 -40.82799911 474.39999390
-2.98909998 -41.45999908 474.39001465
-2.98909998 -42.09000015 474.39001465
-2.98900008 -42.72299957 474.39001465
-2.98900008 -43.35499954 474.39001465
-2.98900008 -43.98699951 474.39001465
-2.98900008 -44.61700058 474.38000488
-2.98900008 -45.24900055 474.38000488
-2.98900008 -45.88000107 474.36999512
-2.98900008 -46.51100159 474.36999512
-2.98889995 -47.14400101 474.36999512
-2.98900008 -47.77500153 474.36999512
-2.98900008 -48.40499878 474.36999512
-2.98889995 -49.03499985 474.35998535
-2.35829997 -49.04899979 474.48001099
-2.35829997 -48.41799927 474.48999023
-2.35829997 -47.78699875 474.48999023
-2.35829997 -47.15599823 474.48999023
-2.35829997 -46.52399826 474.50000000
-2.35840011 -45.89199829 474.51000977
-2.35840011 -45.26100159 474.51000977
-2.35840011 -44.63000107 474.51000977
-2.35840011 -43.99800110 474.51000977
-2.35829997 -43.36500168 474.50000000
-2.35840011 -42.73400116 474.51000977
-2.35840011 -42.10100174 474.51000977
-2.35840011 -41.47000122 474.51000977
-2.35840011 -40.83900070 474.51998901
-2.35840011 -40.20700073 474.51998901
-2.35850000 -39.57699966 474.52999878
-2.35850000 -37.68099976 474.52999878
-2.35859990 -33.88999939 474.54998779
-2.35859990 -33.25899887 474.55999756
-2.35870004 -32.62799835 474.57000732
-2.35870004 -31.99699974 474.57000732
-2.35859990 -31.36400032 474.57000732
-2.35870004 -30.73299980 474.57000732
-2.35870004 -30.10099983 474.57998657
-2.35870004 -29.46999931 474.57998657
-2.35870004 -28.83799934 474.58999634
-2.35870004 -28.20499992 474.57998657
-2.35870004 -27.57399940 474.58999634
-2.35870004 -26.94199944 474.58999634
-2.35870004 -26.30999947 474.58999634
-2.35870004 -25.67799950 474.58999634
-2.35879993 -25.04500008 474.58999634
-2.35879993 -24.41399956 474.60000610
-2.35879993 -23.78300095 474.60000610
-2.35879993 -23.15099907 474.60000610
-2.35879993 -22.51899910 474.60000610
-2.35879993 -21.88699913 474.60000610
-2.35890007 -21.25600052 474.60998535
-2.35890007 -20.62400055 474.61999512
-2.35890007 -19.99200058 474.61999512
-2.35890007 -19.36000061 474.61999512
-2.35899997 -18.72800064 474.63000488
-2.35899997 -18.09600067 474.63000488
-2.35899997 -17.46299934 474.63000488
-2.35899997 -16.83099937 474.64001465
-2.35899997 -16.19899940 474.63000488
-2.35899997 -15.56700039 474.64001465
-2.35899997 -14.93599987 474.64001465
-2.35899997 -14.30399990 474.64001465
-2.35910010 -13.67099953 474.64999390
-2.35910010 -13.03999996 474.64999390
-2.35910010 -12.40699959 474.64999390
-2.35910010 -11.77499962 474.64999390
-2.35910010 -11.14299965 474.64999390
-2.35910010 -10.51200008 474.64999390
-2.35910010 -9.87930012 474.66000366
-2.35910010 -9.24650002 474.64999390
-2.35910010 -8.61390018 474.64999390
-2.35910010 -7.98199987 474.64999390
-2.35910010 -7.34919977 474.64999390
-2.35910010 -6.71680021 474.64999390
-2.35920000 -6.08459997 474.66000366
-2.35920000 -5.45209980 474.66000366
-2.35920000 -4.82009983 474.66000366
-2.35920000 -4.18790007 474.67001343
-2.35920000 -3.55609989 474.67001343
-2.35920000 -2.92370009 474.67001343
-2.35929990 -2.29150009 474.67999268
-2.35929990 -1.65970004 474.67999268
-2.35929990 -1.02760005 474.67999268
-2.35929990 -0.39517999 474.67001343
-2.35920000 0.23736000 474.67001343
-2.35929990 0.86985999 474.67001343
-2.35929990 1.50209999 474.67001343
-2.35929990 2.13470006 474.67999268
-2.35929990 2.76699996 474.67999268
-2.35929990 3.39969993 474.67001343
-2.35929990 4.03270006 474.67999268
-2.35929990 4.66410017 474.67999268
-2.35940003 5.29610014 474.69000244
-2.35940003 5.92850018 474.69000244
-2.35940003 6.55999994 474.69000244
-2.35940003 7.19309998 474.69000244
-2.35940003 7.82520008 474.69000244
-2.35929990 8.45720005 474.67999268
-2.35929990 9.08930016 474.67999268
-2.35929990 9.72220039 474.67999268
-2.35940003 10.35400009 474.69000244
-2.35940003 10.98600006 474.70001221
-2.35940003 11.61900043 474.70001221
-2.35949993 12.25000000 474.70001221
-2.35949993 12.88300037 474.70001221
-2.35940003 13.51399994 474.70001221
-2.35940003 14.14599991 474.69000244
-2.35940003 14.77900028 474.67999268
-2.35940003 15.41100025 474.67999268
-2.35940003 16.04400063 474.69000244
-2.35940003 16.67499924 474.67999268
-2.35940003 17.30699921 474.67999268
-2.35940003 17.94000053 474.67999268
-2.35940003 18.57200050 474.67999268
-2.35940003 19.20400047 474.67999268
-2.35940003 20.46899986 474.67999268
-2.35940003 21.10099983 474.67999268
-2.35940003 21.73399925 474.67999268
-2.35940003 22.36599922 474.67999268
-2.35940003 22.99799919 474.67999268
-2.35940003 23.62999916 474.67999268
-2.35940003 24.26300049 474.67999268
-2.35940003 24.89500046 474.67001343
-2.35940003 25.52799988 474.67001343
-2.35929990 26.15999985 474.67001343
-2.35929990 26.79199982 474.67001343
-2.35929990 27.42399979 474.67001343
-2.35929990 28.05699921 474.67001343
-2.35929990 28.68899918 474.67001343
-2.35929990 29.32099915 474.67001343
-2.35929990 29.95299911 474.67001343
-2.35929990 30.58499908 474.66000366
-2.35929990 31.21699905 474.66000366
-2.35929990 31.84900093 474.66000366
-2.35929990 32.48099899 474.64999390
-2.35929990 33.11299896 474.64999390
-2.35929990 33.74599838 474.66000366
-2.35929990 34.37799835 474.64999390
-2.35929990 35.00999832 474.64999390
-2.35929990 35.64300156 474.64999390
-2.35920000 36.27500153 474.64999390
-2.35920000 36.90700150 474.64999390
-2.35920000 37.53900146 474.64001465
-2.35920000 38.17300034 474.64001465
-2.35920000 38.80500031 474.64999390
-2.35920000 39.43700027 474.64999390
-2.35920000 40.06900024 474.64001465
-2.35920000 40.69900131 474.64001465
-2.35920000 41.33200073 474.63000488
-2.35910010 41.96300125 474.61999512
-2.35910010 42.59500122 474.61999512
-2.35910010 43.22700119 474.60998535
-2.35899997 43.85800171 474.60000610
-2.35899997 44.49000168 474.58999634
-2.35890007 45.12300110 474.58999634
-2.35890007 45.75400162 474.57998657
-1.72780001 46.39799881 474.70001221
-1.72780001 45.76599884 474.70999146
-1.72780001 45.13499832 474.72000122
-1.72780001 44.50199890 474.72000122
-1.72790003 43.86999893 474.73001099
-1.72790003 43.23899841 474.73999023
-1.72790003 42.60699844 474.73999023
-1.72800004 41.97499847 474.75000000
-1.72800004 41.34299850 474.76000977
-1.72800004 40.71099854 474.76000977
-1.72800004 40.07899857 474.76998901
-1.72800004 39.44800186 474.76998901
-1.72800004 38.81399918 474.76998901
-1.72800004 38.18299866 474.76998901
-1.72800004 37.54899979 474.76998901
-1.72800004 36.91699982 474.76998901
-1.72800004 36.28400040 474.76998901
-1.72800004 35.65100098 474.76998901
-1.72809994 35.01900101 474.77999878
-1.72809994 34.38700104 474.77999878
-1.72809994 33.75400162 474.77999878
-1.72809994 33.12200165 474.77999878
-1.72809994 32.49000168 474.79000854
-1.72809994 31.85799980 474.79000854
-1.72809994 31.22500038 474.79000854
-1.72809994 30.59300041 474.79000854
-1.72809994 29.96100044 474.79000854
-1.72809994 29.32799911 474.79000854
-1.72809994 28.69599915 474.79000854
-1.72809994 28.06399918 474.79000854
-1.72809994 27.43099976 474.79000854
-1.72809994 26.79899979 474.79998779
-1.72809994 26.16600037 474.79998779
-1.72809994 25.53400040 474.79998779
-1.72809994 24.90099907 474.79998779
-1.72809994 24.26899910 474.79998779
-1.72809994 23.63699913 474.79998779
-1.72809994 23.00399971 474.79998779
-1.72809994 22.37199974 474.79998779
-1.72809994 21.73999977 474.79998779
-1.72809994 21.10700035 474.79998779
-1.72809994 20.47400093 474.79998779
-1.72809994 19.84199905 474.79998779
-1.72809994 19.20899963 474.79998779
-1.72809994 18.57699966 474.80999756
-1.72809994 17.94499969 474.80999756
-1.72809994 17.31299973 474.80999756
-1.72809994 16.68099976 474.80999756
-1.72819996 16.04800034 474.82000732
-1.72819996 15.41600037 474.82000732
-1.72819996 14.78299999 474.82000732
-1.72819996 14.14999962 474.82998657
-1.72819996 13.51900005 474.82998657
-1.72819996 12.88599968 474.82000732
-1.72819996 12.25300026 474.82998657
-1.72819996 11.62199974 474.82998657
-1.72819996 10.98900032 474.82998657
-1.72809994 10.35799980 474.82000732
-1.72809994 9.72539997 474.82000732
-1.72809994 9.09189987 474.80999756
-1.72809994 8.45960045 474.82000732
-1.72819996 7.82749987 474.82000732
-1.72809994 7.19490004 474.82000732
-1.72809994 6.56199980 474.82000732
-1.72809994 5.92999983 474.82000732
-1.72809994 5.29759979 474.82000732
-1.72809994 4.66520023 474.79998779
-1.72809994 4.03329992 474.79998779
-1.72800004 2.76780009 474.79998779
-1.72800004 2.13540006 474.79998779
-1.72800004 1.50279999 474.79998779
-1.72800004 0.87032002 474.79998779
-1.72800004 0.23766001 474.79000854
-1.72800004 -0.39537001 474.79998779
-1.72800004 -1.02779996 474.79998779
-1.72800004 -1.65939999 474.79998779
-1.72800004 -2.29180002 474.79998779
-1.72800004 -2.92420006 474.79998779
-1.72800004 -3.55660009 474.79000854
-1.72800004 -4.18959999 474.79998779
-1.72800004 -4.82200003 474.79000854
-1.72800004 -5.45389986 474.79000854
-1.72800004 -6.08610010 474.79000854
-1.72790003 -6.71810007 474.77999878
-1.72790003 -7.35109997 474.76998901
-1.72790003 -7.98390007 474.76998901
-1.72790003 -9.24870014 474.76998901
-1.72790003 -9.88129997 474.77999878
-1.72790003 -10.51399994 474.77999878
-1.72790003 -11.14599991 474.77999878
-1.72790003 -11.77799988 474.77999878
-1.72790003 -12.40999985 474.76998901
-1.72790003 -13.04300022 474.76998901
-1.72780001 -13.67500019 474.76998901
-1.72790003 -14.30700016 474.76998901
-1.72790003 -14.93900013 474.76998901
-1.72780001 -15.57100010 474.76998901
-1.72780001 -16.20299911 474.76000977
-1.72780001 -16.83499908 474.76000977
-1.72780001 -17.46899986 474.76000977
-1.72780001 -18.10099983 474.76000977
-1.72780001 -18.73299980 474.76000977
-1.72780001 -19.36499977 474.75000000
-1.72770000 -19.99699974 474.73999023
-1.72770000 -20.62899971 474.73999023
-1.72770000 -21.26099968 474.73001099
-1.72770000 -21.89299965 474.73001099
-1.72759998 -22.52499962 474.72000122
-1.72770000 -23.15699959 474.72000122
-1.72770000 -23.78899956 474.73001099
-1.72770000 -24.42099953 474.72000122
-1.72759998 -25.05200005 474.70999146
-1.72759998 -25.68499947 474.70999146
-1.72759998 -26.31699944 474.70999146
-1.72759998 -26.94899940 474.70999146
-1.72759998 -27.58200073 474.70999146
-1.72759998 -28.21400070 474.72000122
-1.72759998 -28.84600067 474.72000122
-1.72759998 -29.47800064 474.72000122
-1.72759998 -30.11000061 474.72000122
-1.72759998 -30.74099922 474.70001221
-1.72759998 -31.37199974 474.70001221
-1.72749996 -32.00500107 474.69000244
-1.72749996 -32.63700104 474.69000244
-1.72749996 -33.27000046 474.69000244
-1.72749996 -33.90000153 474.69000244
-1.72749996 -34.53200150 474.67999268
-1.72749996 -35.16299820 474.67001343
-1.72749996 -35.79399872 474.66000366
-1.72739995 -37.69100189 474.64999390
-1.72739995 -38.32300186 474.66000366
-1.72739995 -38.95500183 474.66000366
-1.72739995 -39.58599854 474.64999390
-1.72739995 -40.21799850 474.64999390
-1.72739995 -40.84899902 474.64001465
-1.72739995 -41.48099899 474.64001465
-1.72730005 -42.11299896 474.63000488
-1.72730005 -42.74499893 474.63000488
-1.72730005 -43.37599945 474.63000488
-1.72730005 -44.00899887 474.63000488
-1.72730005 -44.63999939 474.63000488
-1.72730005 -45.27199936 474.63000488
-1.72730005 -45.90399933 474.63000488
-1.72730005 -46.53599930 474.61999512
-1.72730005 -47.16699982 474.61999512
-1.72730005 -47.79899979 474.61999512
-1.72730005 -48.43000031 474.60998535
-1.72720003 -49.06100082 474.60000610
-1.09590006 -49.07300186 474.72000122
-1.09590006 -48.44200134 474.73001099
-1.09590006 -47.81100082 474.73001099
-1.09599996 -47.18000031 474.75000000
-1.09599996 -46.54800034 474.75000000
-1.09599996 -45.91600037 474.76000977
-1.09599996 -45.28499985 474.76000977
-1.09599996 -44.65299988 474.76000977
-1.09599996 -44.02000046 474.76000977
-1.09599996 -43.38800049 474.76000977
-1.09599996 -42.75600052 474.76000977
-1.09599996 -42.12400055 474.76000977
-1.09599996 -41.49200058 474.76998901
-1.09599996 -40.86100006 474.76998901
-1.09599996 -40.22900009 474.76998901
-1.09599996 -39.59799957 474.77999878
-1.09599996 -38.96500015 474.77999878
-1.09599996 -38.33399963 474.77999878
-1.09599996 -37.70199966 474.77999878
-1.09609997 -35.80400085 474.79000854
-1.09609997 -35.17300034 474.79998779
-1.09609997 -34.54199982 474.80999756
-1.09609997 -33.90999985 474.82000732
-1.09609997 -33.27799988 474.82000732
-1.09609997 -32.64599991 474.82000732
-1.09609997 -32.01300049 474.82000732
-1.09609997 -31.37999916 474.82000732
-1.09609997 -30.75000000 474.82998657
-1.09609997 -30.11800003 474.82998657
-1.09609997 -29.48600006 474.83999634
-1.09609997 -28.85400009 474.82998657
-1.09619999 -28.22100067 474.83999634
-1.09619999 -27.58900070 474.83999634
-1.09619999 -26.95599937 474.83999634
-1.09619999 -26.32399940 474.82998657
-1.09619999 -25.69199944 474.83999634
-1.09619999 -25.05900002 474.83999634
-1.09619999 -24.42799950 474.85000610
-1.09619999 -23.79599953 474.85998535
-1.09619999 -23.16399956 474.85998535
-1.09619999 -22.53100014 474.85998535
-1.09619999 -21.89900017 474.85998535
-1.09619999 -21.26700020 474.86999512
-1.09619999 -20.63500023 474.86999512
-1.09630001 -20.00200081 474.86999512
-1.09630001 -19.36899948 474.86999512
-1.09630001 -18.73699951 474.88000488
-1.09630001 -18.10499954 474.89001465
-1.09630001 -17.47299957 474.89001465
-1.09630001 -16.84000015 474.89001465
-1.09630001 -16.20800018 474.89001465
-1.09630001 -15.57499981 474.89001465
-1.09630001 -14.94299984 474.89001465
-1.09630001 -14.31099987 474.89001465
-1.09630001 -13.67800045 474.89001465
-1.09630001 -13.04599953 474.89001465
-1.09640002 -12.41300011 474.89999390
-1.09640002 -11.78100014 474.89999390
-1.09640002 -11.14900017 474.91000366
-1.09640002 -10.51700020 474.91000366
-1.09640002 -9.88399982 474.91000366
-1.09640002 -9.25129986 474.89999390
-1.09640002 -8.61820030 474.89999390
-1.09640002 -7.98579979 474.89999390
-1.09640002 -7.35290003 474.89999390
-1.09640002 -6.71969986 474.89999390
-1.09640002 -6.08780003 474.91000366
-1.09640002 -5.45569992 474.92001343
-1.09640002 -4.82340002 474.92001343
-1.09640002 -4.19129992 474.92001343
-1.09640002 -3.55730009 474.92001343
-1.09640002 -2.92470002 474.92001343
-1.09650004 -2.29209995 474.92001343
-1.09650004 -1.65980005 474.92001343
-1.09650004 -1.02760005 474.92999268
-1.09650004 -0.39513999 474.92001343
-1.09650004 0.23828000 474.92001343
-1.09650004 0.87067997 474.92999268
-1.09650004 1.50329995 474.92999268
-1.09650004 2.13610005 474.92999268
-1.09650004 4.66660023 474.94000244
-1.09650004 5.29899979 474.94000244
-1.09650004 5.93170023 474.95001221
-1.09650004 6.56440020 474.95001221
-1.09650004 7.19689989 474.95001221
-1.09650004 7.82969999 474.95001221
-1.09650004 8.46179962 474.94000244
-1.09650004 9.09440041 474.94000244
-1.09650004 9.72749996 474.94000244
-1.09650004 10.35999966 474.94000244
-1.09660006 10.99199963 474.95001221
-1.09660006 11.62500000 474.95001221
-1.09660006 12.25699997 474.95999146
-1.09660006 12.89000034 474.94000244
-1.09660006 13.52400017 474.95001221
-1.09660006 14.15400028 474.95001221
-1.09660006 14.78800011 474.95001221
-1.09660006 15.42000008 474.95001221
-1.09660006 16.05200005 474.95001221
-1.09660006 16.68499947 474.94000244
-1.09660006 17.31800079 474.94000244
-1.09660006 17.95000076 474.94000244
-1.09650004 18.58300018 474.92999268
-1.09650004 19.21500015 474.92001343
-1.09650004 19.84799957 474.92001343
-1.09650004 20.47999954 474.92001343
-1.09650004 21.11300087 474.92999268
-1.09650004 21.74500084 474.92999268
-1.09660006 22.37800026 474.92999268
-1.09660006 23.01099968 474.92999268
-1.09660006 23.64399910 474.94000244
-1.09660006 24.27599907 474.92999268
-1.09650004 24.90800095 474.92001343
-1.09650004 25.54100037 474.92001343
-1.09650004 26.17300034 474.92001343
-1.09650004 26.80599976 474.92001343
-1.09650004 27.43899918 474.92001343
-1.09650004 28.07099915 474.91000366
-1.09650004 28.70400047 474.92001343
-1.09650004 29.33600044 474.91000366
-1.09650004 29.96800041 474.91000366
-1.09650004 30.60099983 474.91000366
-1.09650004 31.23399925 474.91000366
-1.09650004 31.86599922 474.91000366
-1.09650004 32.49900055 474.91000366
-1.09650004 33.13100052 474.91000366
-1.09650004 33.76300049 474.89999390
-1.09650004 34.39599991 474.89999390
-1.09650004 35.66099930 474.89999390
-1.09650004 36.92699814 474.89999390
-1.09650004 37.55899811 474.89001465
-1.09650004 38.19200134 474.89001465
-1.09650004 38.82400131 474.89001465
-1.09650004 39.45700073 474.89001465
-1.09650004 40.08900070 474.89001465
-1.09650004 40.72100067 474.89001465
-1.09650004 41.35400009 474.88000488
-1.09640002 41.98600006 474.86999512
-1.09640002 42.61800003 474.86999512
-1.09640002 43.25000000 474.85998535
-1.09640002 43.88199997 474.85998535
-1.09640002 44.51399994 474.85000610
-1.09640002 45.14699936 474.83999634
-1.09640002 45.77799988 474.83999634
-1.09630001 46.41099930 474.82998657
-0.46456999 46.42200089 474.95001221
-0.46458000 45.79000092 474.95999146
-0.46458000 45.15800095 474.97000122
-0.46459001 44.52600098 474.98001099
-0.46460000 43.89400101 474.98001099
-0.46460000 43.26100159 474.98999023
-0.46461001 42.62900162 474.98999023
-0.46461001 41.99700165 475.00000000
-0.46461999 41.36399841 475.00000000
-0.46463001 40.73199844 475.01000977
-0.46463001 40.09999847 475.01000977
-0.46463001 39.46699905 475.01000977
-0.46463001 38.83399963 475.01000977
-0.46463001 38.20199966 475.01998901
-0.46463001 37.56900024 475.01998901
-0.46463999 36.93600082 475.01998901
-0.46463999 36.30400085 475.01998901
-0.46463999 35.67100143 475.01998901
-0.46463999 35.03799820 475.02999878
-0.46463999 34.40499878 475.02999878
-0.46465001 33.77199936 475.02999878
-0.46463999 33.14099884 475.04000854
-0.46463999 32.50799942 475.04000854
-0.46463999 31.87500000 475.04000854
-0.46463999 31.24300003 475.02999878
-0.46463999 30.60899925 475.02999878
-0.46463999 29.97699928 475.04000854
-0.46463999 29.34399986 475.04000854
-0.46465001 28.71100044 475.04000854
-0.46463999 28.07900047 475.04000854
-0.46463999 27.44599915 475.04000854
-0.46463999 26.81399918 475.04998779
-0.46463999 26.18099976 475.04998779
-0.46463999 25.54800034 475.04998779
-0.46463999 24.91500092 475.04998779
-0.46465001 24.28300095 475.05999756
-0.46465001 23.64999962 475.05999756
-0.46465001 23.01700020 475.05999756
-0.46465001 22.38500023 475.05999756
-0.46463999 21.75200081 475.05999756
-0.46463999 21.11899948 475.05999756
-0.46463001 20.48600006 475.04998779
-0.46463001 19.85300064 475.04998779
-0.46463001 19.21999931 475.04998779
-0.46463001 18.58799934 475.05999756
-0.46463999 17.95499992 475.07000732
-0.46463999 17.32299995 475.07000732
-0.46463999 16.69000053 475.07000732
-0.46463999 16.05599976 475.07000732
-0.46463999 15.42399979 475.07000732
-0.46463999 14.79199982 475.07998657
-0.46463999 14.15900040 475.07998657
-0.46463999 13.52700043 475.08999634
-0.46463999 12.89400005 475.07998657
-0.46463001 12.26099968 475.07998657
-0.46463001 11.62899971 475.07998657
-0.46461999 10.99499989 475.07998657
-0.46461999 10.36299992 475.07000732
-0.46461001 9.72970009 475.07000732
-0.46461001 9.09689999 475.07000732
-0.46461001 8.46430016 475.07000732
-0.46461001 7.83160019 475.07000732
-0.46461001 7.19869995 475.07000732
-0.46461001 6.56599998 475.07000732
-0.46460000 5.93310022 475.07000732
-0.46460000 5.30030012 475.07000732
-0.46459001 4.66750002 475.05999756
-0.46458000 2.13649988 475.05999756
-0.46456999 1.50360000 475.05999756
-0.46456999 0.87102002 475.04998779
-0.46456000 0.23873000 475.04998779
-0.46454999 -0.39480001 475.04998779
-0.46454999 -1.02740002 475.04998779
-0.46454999 -1.66020000 475.04998779
-0.46454999 -2.29290009 475.04998779
-0.46454000 -2.92549992 475.04998779
-0.46452999 -3.55809999 475.04000854
-0.46452999 -4.19239998 475.04000854
-0.46452001 -4.82490015 475.04000854
-0.46452001 -5.45739985 475.04000854
-0.46452001 -6.08939981 475.04000854
-0.46450999 -6.72170019 475.02999878
-0.46450001 -7.35470009 475.01998901
-0.46450001 -7.98759985 475.01998901
-0.46449000 -8.62010002 475.01998901
-0.46449000 -9.25329971 475.02999878
-0.46449000 -9.88609982 475.02999878
-0.46449000 -10.51900005 475.02999878
-0.46449000 -11.15100002 475.02999878
-0.46448001 -11.78400040 475.02999878
-0.46448001 -12.41600037 475.01998901
-0.46447000 -13.04899979 475.01000977
-0.46447000 -13.68099976 475.01000977
-0.46445000 -14.31400013 475.01000977
-0.46445000 -14.94699955 475.01000977
-0.46445999 -15.57900047 475.01000977
-0.46445000 -16.21199989 475.01000977
-0.46445000 -16.84499931 475.01000977
-0.46445000 -17.47699928 475.01000977
-0.46443999 -18.11000061 475.01000977
-0.46443999 -18.74099922 475.00000000
-0.46443000 -19.37500000 475.00000000
-0.46441999 -20.00699997 475.00000000
-0.46441999 -20.63999939 475.00000000
-0.46441999 -21.27199936 475.00000000
-0.46441001 -21.90500069 474.98999023
-0.46441001 -22.53700066 474.98999023
-0.46439999 -23.16900063 474.98001099
-0.46439001 -23.80200005 474.98001099
-0.46439001 -24.43400002 474.97000122
-0.46438000 -25.06599998 474.95999146
-0.46438000 -25.69799995 474.95999146
-0.46438000 -26.32999992 474.95999146
-0.46438000 -26.96299934 474.95999146
-0.46437001 -27.59499931 474.95999146
-0.46437001 -28.22800064 474.95999146
-0.46437001 -28.86100006 474.95999146
-0.46436000 -29.49399948 474.95999146
-0.46437001 -30.12500000 474.95999146
-0.46434999 -30.75799942 474.95001221
-0.46437001 -31.38899994 474.95001221
-0.46434999 -32.02099991 474.94000244
-0.46434999 -32.65399933 474.94000244
-0.46434000 -33.28699875 474.94000244
-0.46434000 -33.91899872 474.94000244
-0.46432999 -34.55099869 474.92999268
-0.46432999 -35.18199921 474.92001343
-0.46432000 -35.81399918 474.91000366
-0.46432000 -36.44599915 474.91000366
-0.46430999 -37.07899857 474.91000366
-0.46432000 -37.71200180 474.91000366
-0.46432000 -38.34400177 474.91000366
-0.46430999 -38.97499847 474.89999390
-0.46428999 -39.60900116 474.91000366
-0.46430999 -40.24000168 474.89999390
-0.46432000 -40.87200165 474.89999390
-0.46430999 -41.50400162 474.89001465
-0.46432000 -42.13499832 474.89001465
-0.46430001 -42.76800156 474.88000488
-0.46430001 -44.03200150 474.88000488
-0.46428001 -44.66500092 474.88000488
-0.46430999 -45.29700089 474.88000488
-0.46432000 -45.92900085 474.88000488
-0.46432000 -46.56000137 474.88000488
-0.46432000 -47.19100189 474.86999512
-0.46430999 -47.82300186 474.85998535
-0.46430001 -48.45500183 474.85000610
-0.46428999 -49.08599854 474.83999634
0.16766000 -49.09799957 474.97000122
0.16767000 -48.46699905 474.97000122
0.16767000 -47.83499908 474.98001099
0.16768000 -47.20399857 474.98999023
0.16768999 -46.57300186 475.00000000
0.16769999 -45.94100189 475.00000000
0.16771001 -45.30799866 475.00000000
0.16772000 -44.67699814 475.01000977
0.16771001 -42.77899933 475.01000977
0.16769999 -42.14599991 475.01000977
0.16771001 -41.51499939 475.01998901
0.16772000 -40.88299942 475.02999878
0.16772000 -40.25000000 475.01998901
0.16773000 -39.61800003 475.02999878
0.16772000 -38.98500061 475.01998901
0.16772000 -38.35300064 475.02999878
0.16772000 -37.72100067 475.04000854
0.16772000 -37.08800125 475.04000854
0.16772000 -36.45500183 475.04000854
0.16771001 -35.82199860 475.04000854
0.16772000 -35.19100189 475.04998779
0.16775000 -34.56000137 475.05999756
0.16775000 -33.92900085 475.07000732
0.16775000 -33.29600143 475.07000732
0.16774000 -32.66299820 475.07998657
0.16774000 -32.02999878 475.07000732
0.16773000 -31.39699936 475.07998657
0.16776000 -30.76600075 475.07998657
0.16774000 -30.13299942 475.07998657
0.16775000 -29.50099945 475.07998657
0.16774000 -28.86700058 475.07998657
0.16774000 -28.23500061 475.07998657
0.16774000 -27.60199928 475.07998657
0.16773000 -26.96899986 475.07998657
0.16772000 -26.33600044 475.07998657
0.16774000 -25.70499992 475.08999634
0.16774000 -25.07299995 475.08999634
0.16775000 -24.44099998 475.10000610
0.16775000 -23.80800056 475.10998535
0.16774000 -23.17499924 475.10998535
0.16774000 -22.54199982 475.10998535
0.16774000 -21.90999985 475.10998535
0.16774000 -21.27700043 475.11999512
0.16774000 -20.64500046 475.11999512
0.16774000 -20.01199913 475.11999512
0.16774000 -19.37999916 475.11999512
0.16773000 -18.74600029 475.13000488
0.16773000 -18.11400032 475.13000488
0.16773000 -17.48100090 475.13000488
0.16774000 -16.84900093 475.14001465
0.16773000 -16.21599960 475.14001465
0.16773000 -15.58300018 475.14001465
0.16774000 -14.95100021 475.14999390
0.16773000 -14.31799984 475.14999390
0.16773000 -13.68500042 475.14001465
0.16773000 -13.05300045 475.14999390
0.16772000 -12.41899967 475.14999390
0.16772000 -11.78699970 475.14999390
0.16771001 -11.15299988 475.14999390
0.16772000 -10.52099991 475.14999390
0.16772000 -9.88840008 475.14999390
0.16771001 -9.25559998 475.14999390
0.16771001 -8.62240028 475.14999390
0.16769999 -7.98920012 475.14999390
0.16769999 -7.35659981 475.14999390
0.16769999 -6.72340012 475.16000366
0.16769999 -6.09100008 475.16000366
0.16771001 -5.45889997 475.17001343
0.16769999 -4.82630014 475.16000366
0.16769999 -4.19299984 475.16000366
0.16768999 -3.55909991 475.16000366
0.16768999 -2.92639995 475.17001343
0.16768999 -2.29329991 475.17001343
0.16768999 -1.66050005 475.17999268
0.16768000 -1.02779996 475.17999268
0.16768000 -0.39521000 475.17999268
0.16768999 0.23727000 475.17999268
0.16768000 0.87119001 475.17999268
0.16768000 1.50380003 475.17999268
0.16768000 2.13689995 475.19000244
0.16768000 2.76959991 475.19000244
0.16767000 3.40280008 475.19000244
0.16767000 4.03550005 475.19000244
0.16767000 4.66890001 475.19000244
0.16767000 5.30179977 475.19000244
0.16766000 5.93470001 475.20001221
0.16766000 6.56750011 475.19000244
0.16766000 7.20030022 475.19000244
0.16766000 7.83319998 475.19000244
0.16766000 8.46599960 475.19000244
0.16765000 9.09949970 475.20001221
0.16765000 9.73229980 475.20001221
0.16765000 10.36499977 475.20001221
0.16765000 10.99800014 475.20001221
0.16765000 11.63099957 475.20001221
0.16765000 12.26500034 475.20999146
0.16764000 12.89799976 475.20001221
0.16764000 13.53100014 475.20999146
0.16764000 14.16300011 475.20999146
0.16764000 14.79500008 475.20001221
0.16763000 15.42800045 475.19000244
0.16763000 16.06100082 475.20001221
0.16763000 16.69400024 475.20001221
0.16762000 17.32699966 475.20001221
0.16762000 17.95999908 475.19000244
0.16762000 18.59300041 475.19000244
0.16761000 19.22599983 475.17999268
0.16761000 19.85899925 475.17999268
0.16761000 20.49200058 475.19000244
0.16761000 21.12500000 475.19000244
0.16761000 21.75799942 475.19000244
0.16761000 22.39100075 475.19000244
0.16760001 23.02400017 475.17999268
0.16760001 23.65600014 475.17999268
0.16760001 24.28899956 475.17999268
0.16760001 24.92200089 475.17999268
0.16759001 25.55500031 475.17999268
0.16759001 26.18799973 475.17999268
0.16759001 26.82099915 475.17999268
0.16759001 27.45400047 475.17999268
0.16759001 28.08699989 475.17001343
0.16759001 28.71999931 475.17999268
0.16759001 29.35300064 475.17001343
0.16757999 29.98500061 475.17001343
0.16757999 30.61800003 475.17001343
0.16757999 31.25099945 475.16000366
0.16757999 31.88400078 475.16000366
0.16757999 32.51699829 475.16000366
0.16756999 33.15000153 475.16000366
0.16756999 33.78200150 475.16000366
0.16756999 34.41500092 475.14999390
0.16756999 35.04800034 475.16000366
0.16756999 35.68099976 475.14999390
0.16756999 36.31299973 475.14999390
0.16756000 36.94599915 475.14999390
0.16756999 37.57899857 475.14001465
0.16756000 38.21200180 475.14001465
0.16756000 38.84500122 475.14001465
0.16756999 39.47800064 475.14001465
0.16756999 40.11100006 475.14001465
0.16756999 40.74399948 475.14001465
0.16756000 41.37599945 475.13000488
0.16756000 42.00799942 475.11999512
0.16755000 42.63999939 475.11999512
0.16755000 43.27299881 475.10998535
0.16755000 43.90499878 475.10998535
0.16755000 44.53799820 475.10000610
0.16755000 45.16999817 475.10000610
0.16754000 45.80199814 475.08999634
0.16755000 46.43500137 475.07998657
0.80000001 46.44800186 475.20999146
0.80001003 45.81499863 475.22000122
0.80001003 45.18199921 475.22000122
0.80001998 44.54999924 475.23001099
0.80002999 43.91699982 475.23001099
0.80002999 43.28400040 475.23999023
0.80004001 42.65100098 475.23999023
0.80005002 42.01800156 475.25000000
0.80006999 41.38700104 475.26000977
0.80009001 40.75400162 475.26000977
0.80009001 40.12099838 475.26000977
0.80008000 39.48799896 475.26000977
0.80008000 38.85499954 475.26000977
0.80009001 38.22200012 475.26000977
0.80010003 37.58900070 475.26998901
0.80010003 36.95600128 475.26998901
0.80010998 36.32400131 475.27999878
0.80012000 35.69100189 475.27999878
0.80013001 35.05799866 475.29000854
0.80012000 34.42499924 475.27999878
0.80012000 33.79100037 475.29000854
0.80013001 33.15800095 475.29000854
0.80012000 32.52500153 475.27999878
0.80013001 31.89200020 475.29000854
0.80013001 31.25900078 475.29000854
0.80014002 30.62599945 475.29998779
0.80015999 29.99399948 475.29998779
0.80017000 29.36100006 475.30999756
0.80015999 28.72800064 475.29998779
0.80014998 28.09399986 475.29998779
0.80015999 27.46100044 475.29998779
0.80015999 26.82799911 475.29998779
0.80017000 26.19499969 475.30999756
0.80017000 25.56200027 475.30999756
0.80017000 24.29500008 475.29998779
0.80018002 23.66200066 475.30999756
0.80018002 23.02899933 475.29998779
0.80021000 22.39699936 475.32000732
0.80021000 21.76399994 475.32000732
0.80022001 21.13100052 475.32000732
0.80021000 20.49799919 475.32000732
0.80019999 19.86400032 475.30999756
0.80018997 19.22999954 475.30999756
0.80021000 18.59700012 475.30999756
0.80022001 17.96400070 475.32000732
0.80023003 17.33200073 475.32998657
0.80023003 16.69899940 475.32000732
0.80023003 16.06599998 475.32000732
0.80022001 15.43200016 475.32000732
0.80023003 14.79899979 475.32000732
0.80023998 14.16600037 475.32998657
0.80024999 13.53400040 475.32998657
0.80024999 12.90100002 475.32998657
0.80024999 12.26799965 475.32998657
0.80023998 11.63399982 475.32000732
0.80024999 11.00000000 475.32000732
0.80024999 10.36800003 475.32000732
0.80024999 9.73490047 475.32000732
0.80024999 9.10159969 475.32000732
0.80023998 8.46829987 475.30999756
0.80023998 7.83500004 475.30999756
0.80023998 7.20209980 475.30999756
0.80024999 6.56920004 475.30999756
0.80026001 5.93629980 475.32000732
0.80026001 5.30310011 475.32000732
0.80026001 4.67000008 475.32000732
0.80026001 4.03639984 475.32000732
0.80027002 3.40330005 475.32000732
0.80027002 2.77029991 475.32000732
0.80026001 2.13750005 475.30999756
0.80024999 1.50409997 475.29998779
0.80024999 0.87137997 475.29998779
0.80026001 0.23721001 475.29998779
0.80026001 -0.39546001 475.29998779
0.80027002 -1.02839994 475.30999756
0.80027002 -1.66149998 475.30999756
0.80026001 -2.29410005 475.29998779
0.80026001 -2.92740011 475.29998779
0.80024999 -3.56010008 475.29000854
0.80026001 -4.19399977 475.29000854
0.80027002 -4.82670021 475.29998779
0.80024999 -5.45989990 475.29000854
0.80024999 -6.09270000 475.29000854
0.80024999 -6.72559977 475.27999878
0.80024999 -7.35860014 475.27999878
0.80024999 -7.99130011 475.27999878
0.80024999 -8.62460041 475.27999878
0.80026001 -9.25800037 475.27999878
0.80024999 -9.89099979 475.26998901
0.80026001 -10.52400017 475.27999878
0.80024999 -11.15699959 475.27999878
0.80024999 -11.78999996 475.26998901
0.80026001 -12.42300034 475.26998901
0.80027002 -13.05700016 475.26998901
0.80026001 -13.68900013 475.26998901
0.80026001 -14.32199955 475.26998901
0.80026001 -14.95499992 475.26998901
0.80024999 -15.58699989 475.26000977
0.80024999 -16.21999931 475.26000977
0.80024999 -16.85300064 475.26000977
0.80024999 -17.48600006 475.26000977
0.80023998 -18.11899948 475.25000000
0.80026001 -18.75200081 475.26000977
0.80026001 -19.38500023 475.26000977
0.80026001 -20.01799965 475.25000000
0.80024999 -20.64999962 475.25000000
0.80022001 -21.28199959 475.23999023
0.80021000 -21.91500092 475.23001099
0.80021000 -22.54700089 475.23001099
0.80021000 -23.18000031 475.23001099
0.80021000 -23.81399918 475.23001099
0.80021000 -24.44599915 475.23001099
0.80019999 -25.07900047 475.22000122
0.80018997 -25.71100044 475.22000122
0.80017000 -26.34300041 475.20999146
0.80018997 -28.24200058 475.20001221
0.80018997 -28.87500000 475.20999146
0.80018997 -29.50799942 475.20999146
0.80017000 -30.13999939 475.20001221
0.80018997 -30.77400017 475.20001221
0.80017000 -31.40500069 475.20001221
0.80015999 -32.03799820 475.20001221
0.80015999 -32.67100143 475.19000244
0.80017000 -33.30400085 475.19000244
0.80017000 -33.93700027 475.19000244
0.80014002 -34.56800079 475.17999268
0.80010003 -35.19900131 475.17001343
0.80010003 -35.83200073 475.16000366
0.80010998 -38.36299896 475.16000366
0.80010003 -38.99599838 475.14999390
0.80012000 -39.62900162 475.16000366
0.80009001 -40.26100159 475.14999390
0.80006999 -40.89199829 475.14001465
0.80006999 -41.52500153 475.14001465
0.80004001 -42.15700150 475.13000488
0.80005002 -44.68799973 475.13000488
0.80004001 -45.31999969 475.13000488
0.80002999 -45.95299911 475.13000488
0.80001998 -46.58399963 475.11999512
0.80000001 -47.21599960 475.10998535
0.79997998 -47.84700012 475.10000610
0.80000001 -48.48099899 475.10000610
0.79996997 -49.11299896 475.10000610
1.43260002 -49.12500000 475.22000122
1.43260002 -48.49300003 475.22000122
1.43260002 -47.86000061 475.23001099
1.43270004 -47.22900009 475.23999023
1.43270004 -46.59700012 475.25000000
1.43270004 -45.96400070 475.25000000
1.43270004 -45.33200073 475.25000000
1.43270004 -44.69900131 475.25000000
1.43270004 -44.06600189 475.25000000
1.43280005 -40.90299988 475.26998901
1.43280005 -40.27099991 475.27999878
1.43280005 -39.63899994 475.27999878
1.43280005 -39.00600052 475.27999878
1.43280005 -38.37300110 475.27999878
1.43280005 -37.74000168 475.27999878
1.43280005 -37.10699844 475.27999878
1.43280005 -36.47399902 475.27999878
1.43280005 -35.84000015 475.29000854
1.43280005 -35.20800018 475.29000854
1.43289995 -34.57699966 475.29998779
1.43289995 -33.94599915 475.29998779
1.43289995 -33.31299973 475.30999756
1.43289995 -32.67800140 475.32000732
1.43299997 -32.04700089 475.32998657
1.43299997 -31.41500092 475.32998657
1.43299997 -30.78400040 475.33999634
1.43289995 -30.14800072 475.32998657
1.43299997 -29.51600075 475.32998657
1.43299997 -28.88299942 475.32998657
1.43299997 -28.25000000 475.32998657
1.43289995 -26.98299980 475.32998657
1.43299997 -26.35000038 475.32998657
1.43299997 -25.71800041 475.33999634
1.43299997 -25.08499908 475.33999634
1.43299997 -24.45199966 475.33999634
1.43299997 -23.81900024 475.35000610
1.43299997 -23.18600082 475.35000610
1.43299997 -22.55299950 475.35000610
1.43299997 -21.92000008 475.35000610
1.43299997 -21.28700066 475.35998535
1.43309999 -20.65500069 475.36999512
1.43309999 -20.02300072 475.38000488
1.43309999 -19.38999939 475.38000488
1.43309999 -18.75699997 475.38000488
1.43309999 -18.12299919 475.38000488
1.43309999 -17.48999977 475.38000488
1.43309999 -16.85700035 475.39001465
1.43309999 -16.22500038 475.39001465
1.43309999 -15.59099960 475.39001465
1.43309999 -14.95899963 475.39001465
1.43309999 -14.32499981 475.39001465
1.43309999 -13.69200039 475.39999390
1.43309999 -13.06000042 475.39999390
1.43309999 -12.42599964 475.39999390
1.43309999 -11.79300022 475.39999390
1.43309999 -11.15999985 475.39999390
1.43309999 -10.52600002 475.39999390
1.43309999 -9.89350033 475.39999390
1.43309999 -9.26010036 475.39999390
1.43309999 -8.62709999 475.41000366
1.43309999 -7.99370003 475.41000366
1.43309999 -7.36040020 475.41000366
1.43309999 -6.72739983 475.41000366
1.43320000 -6.09450006 475.42001343
1.43309999 -5.46140003 475.41000366
1.43309999 -4.82800007 475.42001343
1.43320000 -4.19500017 475.42001343
1.43320000 -3.56150007 475.42001343
1.43320000 -2.92829990 475.42001343
1.43320000 -2.29469991 475.42001343
1.43320000 -1.66219997 475.42999268
1.43320000 -1.02909994 475.42001343
1.43320000 -0.39563000 475.42999268
1.43320000 0.23715000 475.42999268
1.43320000 2.13770008 475.42999268
1.43320000 2.77099991 475.44000244
1.43320000 3.40429997 475.44000244
1.43320000 4.03830004 475.45001221
1.43320000 4.67159986 475.44000244
1.43320000 5.30439997 475.45001221
1.43320000 5.93739986 475.45001221
1.43320000 6.57009983 475.44000244
1.43320000 7.20349979 475.44000244
1.43320000 7.83659983 475.44000244
1.43320000 8.47010040 475.44000244
1.43320000 9.10359955 475.44000244
1.43320000 9.73690033 475.44000244
1.43320000 10.36999989 475.44000244
1.43320000 11.00300026 475.44000244
1.43320000 11.63599968 475.44000244
1.43320000 12.27000046 475.45001221
1.43320000 12.90299988 475.45001221
1.43320000 13.53600025 475.45001221
1.43320000 14.16899967 475.45001221
1.43320000 14.80200005 475.45999146
1.43320000 15.43700027 475.45001221
1.43320000 16.06999969 475.45001221
1.43320000 16.70299911 475.45999146
1.43320000 17.33600044 475.45001221
1.43320000 17.96899986 475.45001221
1.43309999 18.60199928 475.44000244
1.43309999 19.23500061 475.44000244
1.43309999 19.86899948 475.44000244
1.43309999 20.50300026 475.44000244
1.43320000 21.13599968 475.45001221
1.43309999 21.77000046 475.45001221
1.43309999 22.40299988 475.44000244
1.43309999 23.03599930 475.44000244
1.43309999 23.66900063 475.44000244
1.43309999 24.30200005 475.42999268
1.43309999 24.93499947 475.42999268
1.43309999 25.56800079 475.44000244
1.43309999 26.20199966 475.42999268
1.43309999 26.83499908 475.42999268
1.43309999 27.46699905 475.42999268
1.43309999 28.10099983 475.42999268
1.43309999 28.73500061 475.42999268
1.43309999 29.36899948 475.42999268
1.43309999 30.00200081 475.42999268
1.43309999 30.63599968 475.42999268
1.43309999 31.26799965 475.42001343
1.43299997 31.90099907 475.42001343
1.43299997 32.53400040 475.42001343
1.43299997 33.16699982 475.42001343
1.43299997 33.79999924 475.41000366
1.43299997 34.43399811 475.41000366
1.43299997 35.06800079 475.42001343
1.43299997 35.70100021 475.41000366
1.43299997 36.33300018 475.41000366
1.43299997 36.96500015 475.39999390
1.43299997 37.59899902 475.39001465
1.43289995 38.23199844 475.39001465
1.43289995 38.86500168 475.39001465
1.43289995 39.49800110 475.39001465
1.43289995 40.13199997 475.39001465
1.43289995 40.76499939 475.39001465
1.43289995 41.39799881 475.38000488
1.43289995 42.02899933 475.36999512
1.43289995 42.66299820 475.35998535
1.43289995 43.29600143 475.35998535
1.43280005 43.92800140 475.35998535
1.43280005 44.56100082 475.35000610
1.43280005 45.19400024 475.35000610
1.43280005 45.82699966 475.35000610
1.43280005 46.45999908 475.33999634
2.06590009 45.83900070 475.47000122
2.06590009 45.20600128 475.47000122
2.06599998 44.57300186 475.48001099
2.06599998 43.93999863 475.48001099
2.06599998 43.30699921 475.48999023
2.06599998 42.67399979 475.48999023
2.06599998 42.04100037 475.50000000
2.06609988 41.40900040 475.51000977
2.06609988 40.77500153 475.51000977
2.06609988 40.14199829 475.51000977
2.06609988 39.50899887 475.51000977
2.06609988 38.87500000 475.51000977
2.06609988 38.24200058 475.51998901
2.06620002 37.60900116 475.51998901
2.06620002 36.97499847 475.51998901
2.06620002 36.34299850 475.52999878
2.06620002 35.70999908 475.54000854
2.06629992 35.07699966 475.54998779
2.06629992 34.44400024 475.54000854
2.06620002 33.80899811 475.54000854
2.06629992 33.17599869 475.54000854
2.06629992 32.54299927 475.54998779
2.06629992 31.91099930 475.55999756
2.06629992 31.27700043 475.55999756
2.06640005 30.64500046 475.55999756
2.06640005 30.01000023 475.55999756
2.06640005 29.37700081 475.55999756
2.06629992 28.74300003 475.55999756
2.06629992 28.10899925 475.54998779
2.06629992 27.47500038 475.55999756
2.06629992 26.84199905 475.55999756
2.06640005 26.20800018 475.55999756
2.06640005 25.57500076 475.57000732
2.06640005 24.94199944 475.55999756
2.06640005 24.30900002 475.55999756
2.06640005 23.67499924 475.57000732
2.06640005 23.04199982 475.57000732
2.06640005 22.40900040 475.57998657
2.06640005 21.77599907 475.57998657
2.06640005 21.14100075 475.57000732
2.06640005 20.50799942 475.57000732
2.06640005 19.87299919 475.57000732
2.06640005 19.23999977 475.55999756
2.06640005 18.60700035 475.57000732
2.06640005 17.97400093 475.57000732
2.06640005 17.34000015 475.57000732
2.06640005 16.70700073 475.57998657
2.06649995 16.07399940 475.57998657
2.06640005 15.44099998 475.57998657
2.06649995 14.80700016 475.57998657
2.06640005 14.17300034 475.57000732
2.06640005 13.53899956 475.57000732
2.06640005 12.90600014 475.57000732
2.06640005 12.27200031 475.57000732
2.06640005 11.63799953 475.57000732
2.06640005 10.37199974 475.55999756
2.06640005 9.73859978 475.55999756
2.06640005 8.47179985 475.55999756
2.06640005 7.83830023 475.55999756
2.06640005 7.20510006 475.55999756
2.06640005 6.57100010 475.57000732
2.06649995 5.93830013 475.57998657
2.06649995 5.30590010 475.57998657
2.06649995 4.67309999 475.57000732
2.06649995 4.03970003 475.57000732
2.06640005 3.40490007 475.54998779
2.06640005 2.77130008 475.54998779
2.06640005 2.13779998 475.54998779
2.06640005 0.23717000 475.54998779
2.06640005 -0.39546001 475.54000854
2.06629992 -1.02890003 475.54000854
2.06640005 -1.66229999 475.54000854
2.06640005 -2.29530001 475.54000854
2.06640005 -2.92890000 475.54998779
2.06640005 -3.56259990 475.54998779
2.06640005 -4.19579983 475.54998779
2.06640005 -4.82880020 475.54000854
2.06640005 -5.46229982 475.54000854
2.06629992 -6.09569979 475.52999878
2.06629992 -6.72889996 475.52999878
2.06640005 -7.36229992 475.54000854
2.06629992 -7.99569988 475.52999878
2.06629992 -8.62930012 475.52999878
2.06629992 -9.26229954 475.52999878
2.06629992 -9.89640045 475.52999878
2.06629992 -10.52900028 475.51998901
2.06629992 -11.16300011 475.52999878
2.06640005 -11.79599953 475.52999878
2.06629992 -12.42899990 475.52999878
2.06629992 -13.06299973 475.51998901
2.06629992 -13.69600010 475.51998901
2.06629992 -14.32999992 475.51998901
2.06629992 -14.96300030 475.51998901
2.06629992 -15.59500027 475.51998901
2.06629992 -16.22900009 475.51000977
2.06629992 -16.86100006 475.50000000
2.06620002 -17.49399948 475.50000000
2.06620002 -18.12800026 475.48999023
2.06620002 -18.76199913 475.48999023
2.06620002 -19.39500046 475.50000000
2.06620002 -20.02799988 475.50000000
2.06620002 -20.65999985 475.48999023
2.06620002 -21.29299927 475.48999023
2.06620002 -21.92700005 475.48001099
2.06620002 -22.55999947 475.48001099
2.06620002 -23.19300079 475.48999023
2.06620002 -23.82600021 475.48001099
2.06620002 -24.45899963 475.48001099
2.06609988 -25.09199905 475.47000122
2.06609988 -25.72500038 475.45999146
2.06609988 -26.35700035 475.45001221
2.06599998 -26.99099922 475.45001221
2.06599998 -27.62400055 475.45001221
2.06599998 -28.25699997 475.45001221
2.06609988 -28.88999939 475.45001221
2.06609988 -29.52300072 475.45001221
2.06609988 -30.15699959 475.45999146
2.06609988 -30.79100037 475.45001221
2.06609988 -31.42399979 475.45001221
2.06599998 -32.05500031 475.45001221
2.06599998 -32.68700027 475.44000244
2.06599998 -33.32099915 475.42999268
2.06599998 -33.95399857 475.42001343
2.06590009 -34.58599854 475.42001343
2.06590009 -35.21699905 475.42001343
2.06579995 -35.84999847 475.41000366
2.06590009 -36.48400116 475.41000366
2.06590009 -37.11700058 475.41000366
2.06590009 -37.75000000 475.41000366
2.06590009 -38.38299942 475.41000366
2.06579995 -39.01599884 475.39999390
2.06579995 -39.64899826 475.39999390
2.06579995 -40.28099823 475.39999390
2.06579995 -40.91400146 475.39001465
2.06570005 -42.81200027 475.38000488
2.06570005 -43.44400024 475.36999512
2.06570005 -44.07699966 475.36999512
2.06570005 -44.70999908 475.36999512
2.06570005 -45.34400177 475.36999512
2.06570005 -45.97600174 475.36999512
2.06570005 -46.60900116 475.36999512
2.06559992 -47.24100113 475.35998535
2.06559992 -47.87300110 475.35000610
2.06559992 -48.50699997 475.35000610
2.06559992 -49.13800049 475.33999634
2.69880009 -49.15100098 475.47000122
2.69889998 -48.51900101 475.47000122
2.69889998 -47.25299835 475.48001099
2.69899988 -46.61999893 475.48999023
2.69899988 -45.98699951 475.48999023
2.69899988 -45.35499954 475.48999023
2.69899988 -44.72200012 475.48999023
2.69899988 -44.08800125 475.48999023
2.69899988 -43.45500183 475.50000000
2.69899988 -42.82300186 475.50000000
2.69910002 -40.92399979 475.51000977
2.69919991 -40.29199982 475.51998901
2.69930005 -39.65999985 475.54000854
2.69930005 -39.02700043 475.52999878
2.69930005 -38.39400101 475.54000854
2.69919991 -37.76100159 475.52999878
2.69919991 -37.12699890 475.52999878
2.69919991 -36.49399948 475.52999878
2.69919991 -35.86000061 475.52999878
2.69930005 -35.22800064 475.54000854
2.69930005 -34.59500122 475.54000854
2.69930005 -33.96200180 475.54000854
2.69930005 -33.32899857 475.54998779
2.69939995 -32.69499969 475.55999756
2.69939995 -32.06299973 475.57000732
2.69950008 -31.43099976 475.57998657
2.69950008 -30.79899979 475.57998657
2.69950008 -30.16500092 475.58999634
2.69950008 -29.53199959 475.57998657
2.69950008 -28.89800072 475.57998657
2.69950008 -28.26399994 475.57000732
2.69939995 -27.63100052 475.57000732
2.69950008 -26.99799919 475.57998657
2.69950008 -26.36499977 475.57998657
2.69950008 -25.73200035 475.57998657
2.69959998 -25.09900093 475.58999634
2.69959998 -24.46599960 475.60000610
2.69959998 -23.83300018 475.60000610
2.69959998 -23.19899940 475.60000610
2.69959998 -21.29800034 475.60998535
2.69970012 -20.66500092 475.60998535
2.69970012 -20.03300095 475.61999512
2.69980001 -19.39999962 475.63000488
2.69980001 -18.76799965 475.63000488
2.69970012 -18.13400078 475.61999512
2.69980001 -17.49900055 475.63000488
2.69970012 -16.86599922 475.61999512
2.69980001 -16.23299980 475.63000488
2.69980001 -15.60000038 475.64001465
2.69980001 -14.96700001 475.63000488
2.69980001 -14.33300018 475.63000488
2.69980001 -13.69900036 475.64001465
2.69980001 -13.06599998 475.63000488
2.69980001 -12.43200016 475.64001465
2.69989991 -11.79899979 475.64999390
2.69989991 -11.16600037 475.64999390
2.69989991 -10.53199959 475.64999390
2.69989991 -9.89869976 475.66000366
2.69989991 -9.26449966 475.64999390
2.69989991 -8.63119984 475.66000366
2.69989991 -7.99760008 475.66000366
2.69989991 -7.36429977 475.66000366
2.69989991 -6.73080015 475.66000366
2.69989991 -6.09730005 475.66000366
2.69989991 -5.46369982 475.67001343
2.69989991 -4.82969999 475.67001343
2.70000005 -4.19670010 475.67999268
2.70000005 -3.56320000 475.67001343
2.69989991 -2.92919993 475.67001343
2.69989991 -2.29530001 475.66000366
2.69989991 -1.66219997 475.67001343
2.69989991 -1.02890003 475.67001343
2.69989991 -0.39528999 475.67001343
2.70000005 0.23800001 475.67999268
2.70000005 0.87177002 475.67999268
2.70000005 1.50469995 475.67999268
2.70000005 4.04050016 475.67999268
2.70000005 4.67379999 475.69000244
2.70009995 5.30679989 475.70001221
2.70009995 5.93930006 475.70001221
2.70009995 6.57280016 475.70001221
2.70000005 7.20720005 475.69000244
2.70000005 7.84049988 475.70001221
2.70000005 8.47399998 475.70001221
2.70000005 9.10779953 475.69000244
2.70000005 9.74090004 475.69000244
2.70000005 10.37399960 475.69000244
2.70000005 11.00800037 475.69000244
2.70000005 11.64099979 475.69000244
2.70000005 12.27499962 475.69000244
2.70000005 12.90900040 475.69000244
2.70000005 13.54300022 475.69000244
2.70000005 14.17599964 475.69000244
2.70000005 14.81000042 475.70001221
2.70009995 15.44400024 475.70001221
2.70000005 16.07799911 475.70001221
2.70000005 16.71100044 475.70001221
2.70000005 17.34399986 475.69000244
2.70000005 17.97800064 475.69000244
2.70000005 18.61199951 475.69000244
2.70000005 19.24500084 475.69000244
2.70000005 19.87800026 475.69000244
2.70000005 20.51300049 475.69000244
2.70000005 21.14699936 475.69000244
2.70000005 21.78100014 475.70001221
2.70000005 22.41500092 475.70001221
2.70000005 23.04899979 475.70001221
2.70000005 23.68199921 475.70001221
2.70000005 24.31500053 475.69000244
2.70000005 24.94799995 475.69000244
2.69989991 25.58200073 475.69000244
2.69989991 26.21500015 475.69000244
2.69989991 26.84900093 475.67999268
2.69989991 27.48200035 475.67999268
2.69989991 28.11599922 475.67999268
2.69989991 28.75000000 475.67999268
2.69989991 29.38500023 475.69000244
2.69989991 30.01799965 475.69000244
2.69989991 30.65299988 475.69000244
2.69989991 31.28499985 475.69000244
2.69989991 31.91900063 475.67999268
2.69980001 32.55099869 475.67001343
2.69980001 33.18399811 475.67001343
2.69980001 33.81900024 475.67001343
2.69980001 34.45299911 475.67001343
2.69980001 35.08599854 475.67001343
2.69980001 35.71900177 475.66000366
2.69980001 36.35300064 475.66000366
2.69970012 36.98500061 475.64999390
2.69970012 37.61899948 475.64999390
2.69970012 38.25199890 475.64001465
2.69959998 38.88600159 475.64001465
2.69959998 39.51800156 475.64001465
2.69959998 40.15200043 475.64001465
2.69959998 40.78499985 475.63000488
2.69959998 41.41899872 475.63000488
2.69950008 42.05199814 475.61999512
2.69950008 42.68600082 475.60998535
2.69950008 43.31900024 475.61999512
2.69950008 43.95199966 475.60998535
2.69939995 44.58499908 475.60000610
2.69939995 45.21699905 475.60000610
2.69939995 45.85100174 475.58999634
3.33310008 45.86299896 475.70999146
3.33319998 45.22900009 475.72000122
3.33330011 44.59600067 475.73001099
3.33330011 43.96400070 475.73999023
3.33340001 43.33200073 475.75000000
3.33340001 42.69900131 475.75000000
3.33340001 42.06399918 475.76000977
3.33349991 41.43099976 475.76000977
3.33349991 40.79600143 475.76000977
3.33349991 40.16299820 475.76000977
3.33349991 39.52899933 475.76998901
3.33349991 38.89599991 475.76998901
3.33349991 38.26200104 475.76998901
3.33360004 37.62900162 475.77999878
3.33360004 36.99499893 475.77999878
3.33369994 36.36199951 475.79000854
3.33369994 35.72900009 475.79000854
3.33369994 35.09600067 475.79998779
3.33369994 34.46200180 475.79998779
3.33369994 33.82799911 475.79000854
3.33369994 33.19300079 475.79000854
3.33369994 32.56000137 475.79998779
3.33380008 31.92700005 475.79998779
3.33380008 31.29299927 475.80999756
3.33389997 30.66099930 475.80999756
3.33389997 30.02599907 475.80999756
3.33389997 29.39299965 475.80999756
3.33380008 28.75799942 475.80999756
3.33380008 28.12400055 475.80999756
3.33380008 27.48999977 475.80999756
3.33380008 26.85600090 475.80999756
3.33380008 26.22299957 475.80999756
3.33389997 25.58900070 475.80999756
3.33389997 24.95499992 475.80999756
3.33389997 24.32200050 475.80999756
3.33389997 23.68799973 475.82000732
3.33389997 23.05400085 475.82000732
3.33389997 22.42000008 475.82000732
3.33389997 21.78599930 475.82000732
3.33389997 21.15200043 475.80999756
3.33389997 20.51799965 475.80999756
3.33389997 19.88400078 475.80999756
3.33389997 19.25000000 475.80999756
3.33389997 18.61700058 475.82000732
3.33389997 17.98299980 475.80999756
3.33389997 17.34900093 475.82000732
3.33389997 16.71599960 475.82000732
3.33389997 16.08200073 475.82000732
3.33400011 15.44799995 475.82000732
3.33389997 14.81400013 475.82000732
3.33389997 14.18000031 475.82000732
3.33389997 13.54599953 475.80999756
3.33389997 12.91199970 475.80999756
3.33389997 12.27799988 475.82000732
3.33389997 11.64400005 475.80999756
3.33389997 11.01000023 475.80999756
3.33389997 10.37699986 475.82000732
3.33400011 9.74310017 475.82000732
3.33400011 9.10970020 475.82000732
3.33400011 8.47620010 475.82000732
3.33400011 7.84250021 475.82000732
3.33389997 7.20870018 475.82000732
3.33400011 6.57420015 475.82000732
3.33400011 5.94049978 475.82000732
3.33400011 5.30770016 475.82000732
3.33400011 4.67519999 475.82000732
3.33389997 4.04160023 475.80999756
3.33389997 1.50489998 475.79998779
3.33389997 0.87178999 475.79998779
3.33389997 0.23763999 475.80999756
3.33389997 -0.39546001 475.79998779
3.33380008 -1.02909994 475.79998779
3.33380008 -1.66250002 475.79000854
3.33380008 -2.29550004 475.79000854
3.33380008 -2.92980003 475.79000854
3.33380008 -3.56389999 475.79998779
3.33389997 -4.19770002 475.79998779
3.33389997 -4.83099985 475.79998779
3.33380008 -5.46490002 475.79000854
3.33380008 -6.09849977 475.79000854
3.33380008 -6.73220015 475.79000854
3.33389997 -7.36670017 475.79998779
3.33380008 -8.00000000 475.79000854
3.33380008 -8.63350010 475.79000854
3.33380008 -9.26679993 475.79000854
3.33380008 -9.90079975 475.77999878
3.33369994 -10.53499985 475.77999878
3.33369994 -11.16800022 475.77999878
3.33369994 -11.80200005 475.76998901
3.33369994 -12.43500042 475.76000977
3.33369994 -13.07100010 475.76998901
3.33369994 -13.70300007 475.76998901
3.33369994 -14.33699989 475.76998901
3.33369994 -14.97099972 475.76998901
3.33360004 -15.60299969 475.76000977
3.33360004 -16.23699951 475.75000000
3.33349991 -16.87100029 475.73999023
3.33360004 -17.50399971 475.76000977
3.33360004 -18.13899994 475.75000000
3.33360004 -18.77199936 475.75000000
3.33360004 -19.40500069 475.75000000
3.33349991 -20.03800011 475.73999023
3.33349991 -20.67099953 475.73001099
3.33349991 -21.30500031 475.73001099
3.33340001 -21.93799973 475.73001099
3.33349991 -22.57200050 475.73001099
3.33349991 -23.20599937 475.73001099
3.33340001 -23.83900070 475.73001099
3.33340001 -24.47299957 475.72000122
3.33340001 -25.10600090 475.70999146
3.33330011 -25.73900032 475.70999146
3.33330011 -26.37199974 475.70999146
3.33330011 -27.00499916 475.70001221
3.33319998 -27.63800049 475.69000244
3.33330011 -28.27300072 475.70001221
3.33330011 -28.90600014 475.70001221
3.33330011 -29.54000092 475.70999146
3.33330011 -30.17300034 475.70999146
3.33330011 -30.80699921 475.70999146
3.33330011 -31.43899918 475.70001221
3.33319998 -32.07199860 475.70001221
3.33319998 -32.70600128 475.70001221
3.33310008 -33.33800125 475.69000244
3.33310008 -33.97200012 475.67999268
3.33310008 -34.60400009 475.67999268
3.33299994 -35.23699951 475.67001343
3.33299994 -35.86999893 475.66000366
3.33290005 -36.50299835 475.66000366
3.33290005 -37.13700104 475.66000366
3.33290005 -37.76900101 475.64999390
3.33299994 -38.40399933 475.66000366
3.33290005 -39.03599930 475.64999390
3.33290005 -39.66899872 475.64999390
3.33279991 -40.30199814 475.64001465
3.33279991 -40.93500137 475.63000488
3.33270001 -42.83399963 475.63000488
3.33270001 -43.46599960 475.61999512
3.33270001 -44.09899902 475.61999512
3.33270001 -44.73300171 475.61999512
3.33260012 -45.36600113 475.60998535
3.33260012 -45.99900055 475.60998535
3.33260012 -46.63199997 475.60998535
3.33260012 -47.26499939 475.60998535
3.33249998 -47.89799881 475.60000610
3.33249998 -48.52999878 475.58999634
3.96630001 -49.17499924 475.70999146
3.96639991 -48.54299927 475.70999146
3.96639991 -47.90999985 475.72000122
3.96650004 -47.27700043 475.73001099
3.96659994 -46.64400101 475.73999023
3.96659994 -46.01100159 475.73999023
3.96659994 -45.37799835 475.73999023
3.96659994 -44.74499893 475.73999023
3.96670008 -44.11100006 475.75000000
3.96670008 -43.47800064 475.75000000
3.96670008 -42.84500122 475.75000000
3.96670008 -42.21200180 475.75000000
3.96679997 -40.94599915 475.76000977
3.96690011 -40.31299973 475.76998901
3.96690011 -39.68000031 475.77999878
3.96690011 -39.04600143 475.77999878
3.96700001 -38.41299820 475.77999878
3.96690011 -37.77899933 475.76998901
3.96700001 -37.14599991 475.77999878
3.96700001 -36.51300049 475.77999878
3.96709991 -34.61399841 475.79998779
3.96720004 -33.98099899 475.79998779
3.96720004 -33.34700012 475.80999756
3.96729994 -32.71400070 475.80999756
3.96729994 -32.08000183 475.82000732
3.96729994 -31.44700050 475.82000732
3.96729994 -30.81299973 475.82998657
3.96740007 -30.18099976 475.83999634
3.96749997 -29.54700089 475.83999634
3.96740007 -28.91300011 475.82998657
3.96740007 -28.28000069 475.82998657
3.96740007 -27.64599991 475.82998657
3.96740007 -26.37899971 475.83999634
3.96749997 -25.74600029 475.83999634
3.96760011 -25.11300087 475.85000610
3.96760011 -24.47900009 475.85000610
3.96760011 -23.84499931 475.85000610
3.96770000 -23.21199989 475.85998535
3.96770000 -22.57900047 475.85998535
3.96760011 -21.94499969 475.85998535
3.96760011 -21.31100082 475.85998535
3.96770000 -20.67700005 475.85998535
3.96770000 -20.04400063 475.86999512
3.96779990 -19.40999985 475.88000488
3.96779990 -18.77700043 475.88000488
3.96779990 -18.14299965 475.88000488
3.96779990 -17.51000023 475.88000488
3.96779990 -16.87599945 475.88000488
3.96779990 -16.24200058 475.88000488
3.96779990 -15.60799980 475.89001465
3.96790004 -14.97500038 475.89999390
3.96790004 -14.34099960 475.89001465
3.96790004 -13.70699978 475.89001465
3.96779990 -13.07400036 475.89001465
3.96790004 -12.43900013 475.89001465
3.96790004 -11.80500031 475.89001465
3.96790004 -11.17199993 475.89999390
3.96790004 -10.53800011 475.89999390
3.96799994 -9.90340042 475.91000366
3.96799994 -9.26910019 475.91000366
3.96799994 -8.63549995 475.92001343
3.96799994 -8.00220013 475.92001343
3.96799994 -7.36850023 475.91000366
3.96799994 -6.73390007 475.91000366
3.96799994 -6.09989977 475.91000366
3.96799994 -5.46560001 475.91000366
3.96810007 -4.83179998 475.92999268
3.96819997 -4.19850016 475.94000244
3.96819997 -3.56509995 475.92999268
3.96810007 -2.93090010 475.92001343
3.96810007 -2.29710007 475.92001343
3.96810007 -1.66330004 475.92001343
3.96810007 -1.02939999 475.92999268
3.96819997 -0.39561999 475.92999268
3.96819997 0.23751999 475.94000244
3.96819997 0.87194997 475.92999268
3.96810007 1.50530005 475.92999268
3.96810007 3.40779996 475.92999268
3.96819997 4.04230022 475.94000244
3.96819997 4.67589998 475.94000244
3.96819997 5.30859995 475.94000244
3.96819997 5.94189978 475.94000244
3.96819997 6.57609987 475.94000244
3.96819997 7.21029997 475.94000244
3.96819997 7.84450006 475.94000244
3.96819997 8.47819996 475.95001221
3.96819997 9.11209965 475.95001221
3.96819997 9.74580002 475.94000244
3.96819997 10.37899971 475.94000244
3.96810007 11.01299953 475.94000244
3.96810007 11.64700031 475.94000244
3.96819997 12.28100014 475.94000244
3.96810007 12.91499996 475.94000244
3.96819997 13.54899979 475.94000244
3.96819997 14.18400002 475.94000244
3.96810007 14.81700039 475.94000244
3.96819997 15.45199966 475.94000244
3.96830010 16.08699989 475.95001221
3.96830010 16.72100067 475.95001221
3.96819997 17.35499954 475.95001221
3.96819997 17.98800087 475.94000244
3.96819997 18.62199974 475.94000244
3.96810007 19.25600052 475.92999268
3.96810007 19.88999939 475.92999268
3.96810007 20.52400017 475.94000244
3.96810007 21.15800095 475.94000244
3.96819997 21.79199982 475.95001221
3.96819997 22.42600060 475.95001221
3.96819997 23.05999947 475.95001221
3.96810007 23.69400024 475.92999268
3.96810007 24.32799911 475.92999268
3.96810007 24.96199989 475.92999268
3.96810007 25.59600067 475.92999268
3.96810007 26.22999954 475.94000244
3.96810007 26.86300087 475.92999268
3.96799994 27.49699974 475.92999268
3.96810007 28.13100052 475.92999268
3.96799994 28.76600075 475.92999268
3.96810007 29.39999962 475.92999268
3.96810007 30.03400040 475.92999268
3.96810007 30.66799927 475.92999268
3.96799994 31.30100060 475.92999268
3.96799994 31.93499947 475.92999268
3.96799994 32.56800079 475.92001343
3.96790004 33.20199966 475.92001343
3.96790004 33.83599854 475.92001343
3.96799994 34.47000122 475.92001343
3.96799994 35.10400009 475.92001343
3.96790004 35.73799896 475.92001343
3.96790004 36.37200165 475.92001343
3.96779990 37.00500107 475.91000366
3.96779990 37.63899994 475.89999390
3.96779990 38.27199936 475.89999390
3.96770000 38.90599823 475.89001465
3.96770000 39.54000092 475.89001465
3.96770000 40.17300034 475.89001465
3.96760011 40.80699921 475.88000488
3.96760011 41.44200134 475.88000488
3.96760011 42.07600021 475.88000488
3.96760011 42.70999908 475.88000488
3.96760011 43.34299850 475.88000488
3.96749997 43.97700119 475.86999512
3.96749997 44.61000061 475.86999512
3.96740007 45.24100113 475.85000610
3.96740007 45.87599945 475.85000610
4.60190010 45.88899994 475.98001099
4.60190010 45.25400162 475.98999023
4.60200024 44.62200165 475.98999023
4.60209990 43.98799896 476.00000000
4.60209990 43.35499954 476.00000000
4.60220003 42.72200012 476.01000977
4.60220003 42.08700180 476.01000977
4.60220003 41.45299911 476.01000977
4.60220003 40.81800079 476.01000977
4.60220003 40.18399811 476.01998901
4.60230017 39.54999924 476.01998901
4.60230017 38.91600037 476.01998901
4.60230017 38.28300095 476.01998901
4.60230017 37.64799881 476.02999878
4.60239983 37.01499939 476.04000854
4.60249996 36.38199997 476.04998779
4.60260010 35.74800110 476.04998779
4.60249996 35.11399841 476.04998779
4.60249996 34.47800064 476.04000854
4.60249996 33.84500122 476.04000854
4.60249996 33.21099854 476.04000854
4.60249996 32.57699966 476.04998779
4.60260010 31.94300079 476.04998779
4.60249996 31.30800056 476.04998779
4.60260010 30.67499924 476.04998779
4.60260010 30.04100037 476.04998779
4.60260010 29.40699959 476.04998779
4.60260010 28.77199936 476.05999756
4.60260010 28.13800049 476.05999756
4.60260010 27.50399971 476.05999756
4.60260010 26.87000084 476.05999756
4.60270023 26.23699951 476.05999756
4.60260010 25.60199928 476.05999756
4.60260010 24.96800041 476.05999756
4.60260010 24.33399963 476.05999756
4.60260010 23.70000076 476.05999756
4.60270023 23.06599998 476.07000732
4.60279989 22.43199921 476.07000732
4.60270023 21.79800034 476.07000732
4.60270023 21.16399956 476.05999756
4.60270023 20.53000069 476.05999756
4.60270023 19.89500046 476.05999756
4.60270023 19.26099968 476.05999756
4.60279989 18.62700081 476.07000732
4.60279989 17.99300003 476.07000732
4.60290003 17.35899925 476.07998657
4.60279989 16.72599983 476.07998657
4.60279989 16.09099960 476.07000732
4.60270023 14.18700027 476.05999756
4.60270023 13.55300045 476.05999756
4.60270023 12.91899967 476.05999756
4.60279989 12.28499985 476.07000732
4.60270023 11.64999962 476.05999756
4.60270023 11.01599979 476.05999756
4.60279989 10.38199997 476.05999756
4.60279989 9.74829960 476.07000732
4.60279989 9.11419964 476.07000732
4.60279989 8.48019981 476.07000732
4.60290003 7.84660006 476.07998657
4.60290003 7.21250010 476.07998657
4.60290003 6.57880020 476.07998657
4.60290003 5.94409990 476.07998657
4.60279989 5.30999994 476.07000732
4.60290003 4.67640018 476.07000732
4.60279989 4.04269981 476.07000732
4.60270023 3.40860009 476.05999756
4.60270023 1.50610006 476.05999756
4.60270023 0.87208003 476.05999756
4.60270023 0.23774999 476.05999756
4.60270023 -0.39581999 476.05999756
4.60270023 -1.02980006 476.04998779
4.60270023 -1.66400003 476.04998779
4.60270023 -2.29819989 476.05999756
4.60270023 -2.93190002 476.04998779
4.60279989 -3.56599998 476.05999756
4.60279989 -4.19980001 476.05999756
4.60270023 -4.83339977 476.05999756
4.60260010 -5.46729994 476.04998779
4.60260010 -6.10179996 476.04000854
4.60260010 -6.73600006 476.04000854
4.60260010 -7.37069988 476.04000854
4.60260010 -8.00459957 476.04000854
4.60260010 -8.63809967 476.04000854
4.60260010 -9.27169991 476.04000854
4.60249996 -9.90600014 476.02999878
4.60249996 -10.53999996 476.02999878
4.60249996 -11.17500019 476.02999878
4.60249996 -11.80799961 476.02999878
4.60239983 -12.44200039 476.01998901
4.60239983 -13.07699966 476.01998901
4.60239983 -13.71100044 476.01998901
4.60239983 -14.34500027 476.01998901
4.60239983 -14.97900009 476.01998901
4.60239983 -15.61200047 476.01000977
4.60230017 -17.51499939 476.00000000
4.60230017 -18.14800072 476.01000977
4.60230017 -18.78199959 476.01000977
4.60230017 -19.41500092 476.00000000
4.60230017 -20.04999924 476.01000977
4.60230017 -20.68300056 476.00000000
4.60220003 -21.31699944 476.00000000
4.60220003 -21.95100021 475.98999023
4.60209990 -22.58499908 475.98999023
4.60209990 -23.21800041 475.98001099
4.60200024 -23.85099983 475.97000122
4.60200024 -24.48500061 475.97000122
4.60200024 -25.11899948 475.97000122
4.60200024 -25.75200081 475.97000122
4.60190010 -26.38500023 475.97000122
4.60179996 -27.65299988 475.95999146
4.60190010 -28.28700066 475.95999146
4.60190010 -28.92099953 475.95999146
4.60190010 -29.55400085 475.95999146
4.60179996 -30.18799973 475.95999146
4.60169983 -30.82099915 475.95001221
4.60169983 -31.45400047 475.95001221
4.60179996 -32.08900070 475.95001221
4.60169983 -32.72200012 475.94000244
4.60169983 -33.35599899 475.94000244
4.60160017 -33.98899841 475.92999268
4.60160017 -34.62300110 475.92999268
4.60139990 -36.52299881 475.91000366
4.60139990 -37.15599823 475.91000366
4.60139990 -37.78900146 475.91000366
4.60150003 -38.42399979 475.92001343
4.60129976 -39.05699921 475.91000366
4.60129976 -39.69100189 475.89999390
4.60129976 -40.32400131 475.89999390
4.60120010 -40.95700073 475.89001465
4.60109997 -42.85599899 475.88000488
4.60109997 -43.49000168 475.88000488
4.60109997 -44.12400055 475.88000488
4.60099983 -44.75699997 475.88000488
4.60099983 -45.39099884 475.86999512
4.60099983 -46.02399826 475.86999512
4.60099983 -46.65800095 475.86999512
4.60090017 -47.29100037 475.85998535
4.60080004 -47.92300034 475.85000610
4.60080004 -48.55599976 475.85000610
4.60069990 -49.18899918 475.83999634
5.23530006 -49.20199966 475.97000122
5.23540020 -48.56900024 475.98001099
5.23549986 -47.93600082 475.98001099
5.23559999 -47.30300140 475.98999023
5.23570013 -46.66999817 476.00000000
5.23570013 -46.03599930 476.00000000
5.23579979 -45.40399933 476.01000977
5.23579979 -44.77000046 476.01000977
5.23579979 -44.13600159 476.01000977
5.23579979 -43.50299835 476.01000977
5.23570013 -42.86800003 476.00000000
5.23579979 -42.23500061 476.01000977
5.23589993 -41.60100174 476.01000977
5.23600006 -40.96900177 476.01998901
5.23600006 -40.33599854 476.02999878
5.23600006 -39.70100021 476.02999878
5.23610020 -39.06700134 476.02999878
5.23610020 -38.43299866 476.04000854
5.23619986 -37.79999924 476.04998779
5.23629999 -37.16799927 476.04998779
5.23619986 -36.53400040 476.04998779
5.23629999 -34.63199997 476.04998779
5.23649979 -33.99900055 476.07000732
5.23649979 -33.36600113 476.07000732
5.23649979 -32.73199844 476.07000732
5.23649979 -32.09700012 476.07000732
5.23649979 -31.46299934 476.07998657
5.23649979 -30.82900047 476.07000732
5.23659992 -30.19599915 476.07998657
5.23670006 -29.56200027 476.08999634
5.23670006 -28.92799950 476.08999634
5.23670006 -28.29500008 476.08999634
5.23670006 -27.65999985 476.08999634
5.23680019 -26.39299965 476.10000610
5.23680019 -25.75900078 476.10000610
5.23689985 -25.12500000 476.10998535
5.23699999 -24.49300003 476.11999512
5.23699999 -23.85899925 476.10998535
5.23699999 -23.22500038 476.11999512
5.23699999 -22.59099960 476.10998535
5.23710012 -21.95700073 476.11999512
5.23710012 -21.32200050 476.11999512
5.23710012 -20.68899918 476.13000488
5.23710012 -20.05500031 476.13000488
5.23710012 -19.42000008 476.13000488
5.23719978 -18.78599930 476.13000488
5.23729992 -18.15299988 476.14001465
5.23719978 -17.51899910 476.14001465
5.23729992 -16.88500023 476.14001465
5.23729992 -16.25099945 476.14001465
5.23719978 -15.61600018 476.14001465
5.23729992 -14.98299980 476.14999390
5.23740005 -14.34899998 476.14999390
5.23729992 -13.71500015 476.14999390
5.23729992 -13.08100033 476.14999390
5.23729992 -12.44600010 476.14999390
5.23740005 -11.81200027 476.16000366
5.23740005 -11.17800045 476.16000366
5.23740005 -10.54300022 476.16000366
5.23740005 -9.90880013 476.16000366
5.23740005 -9.27439976 476.16000366
5.23750019 -8.64050007 476.17001343
5.23750019 -8.00640011 476.17001343
5.23759985 -7.37270021 476.17999268
5.23750019 -6.73789978 476.17001343
5.23759985 -6.10370016 476.17999268
5.23759985 -5.46869993 476.17999268
5.23759985 -4.83449984 476.17999268
5.23769999 -4.20109987 476.17999268
5.23769999 -3.56719995 476.17999268
5.23759985 -2.93370008 476.17999268
5.23759985 -2.29949999 476.17999268
5.23759985 -1.66419995 476.17999268
5.23759985 -1.03020000 476.17999268
5.23759985 -0.39631000 476.17999268
5.23759985 0.23769000 476.17999268
5.23769999 0.87200999 476.17999268
5.23769999 1.50629997 476.17999268
5.23759985 2.14030004 476.17999268
5.23769999 2.77469993 476.19000244
5.23769999 3.40919995 476.19000244
5.23780012 4.04330015 476.20001221
5.23780012 4.67740011 476.20001221
5.23780012 5.31110001 476.20001221
5.23780012 5.94540024 476.20001221
5.23780012 6.58010006 476.20001221
5.23780012 7.21379995 476.20001221
5.23780012 7.84829998 476.20001221
5.23769999 8.48239994 476.19000244
5.23780012 9.11680031 476.20001221
5.23769999 9.75100040 476.19000244
5.23769999 10.38500023 476.19000244
5.23769999 11.01900005 476.19000244
5.23769999 11.65400028 476.19000244
5.23769999 12.28800011 476.20001221
5.23769999 12.92300034 476.19000244
5.23769999 13.55700016 476.19000244
5.23769999 14.19200039 476.19000244
5.23769999 14.82600021 476.19000244
5.23769999 15.46100044 476.19000244
5.23780012 16.09600067 476.20001221
5.23780012 16.73100090 476.20999146
5.23789978 17.36400032 476.20999146
5.23780012 17.99799919 476.20001221
5.23780012 18.63199997 476.20001221
5.23769999 19.26700020 476.19000244
5.23769999 19.90099907 476.19000244
5.23769999 20.53499985 476.19000244
5.23759985 21.16900063 476.19000244
5.23769999 21.80299950 476.19000244
5.23769999 22.43799973 476.19000244
5.23769999 23.07200050 476.19000244
5.23759985 23.70599937 476.17999268
5.23759985 24.34000015 476.19000244
5.23759985 24.97500038 476.19000244
5.23759985 25.60899925 476.19000244
5.23759985 26.24300003 476.19000244
5.23759985 26.87700081 476.19000244
5.23759985 27.51199913 476.19000244
5.23759985 28.14599991 476.19000244
5.23759985 28.78000069 476.19000244
5.23759985 29.41500092 476.19000244
5.23740005 30.04800034 476.17001343
5.23740005 30.68199921 476.17001343
5.23740005 31.31599998 476.17001343
5.23740005 31.95100021 476.17001343
5.23740005 32.58499908 476.17001343
5.23740005 33.21900177 476.17001343
5.23740005 33.85300064 476.17001343
5.23729992 34.48699951 476.16000366
5.23740005 35.12400055 476.17001343
5.23740005 35.75799942 476.17001343
5.23740005 36.39099884 476.17001343
5.23729992 37.02500153 476.16000366
5.23719978 37.65800095 476.16000366
5.23719978 38.29299927 476.14999390
5.23719978 38.92699814 476.14999390
5.23719978 39.56100082 476.14999390
5.23710012 40.19499969 476.14001465
5.23699999 40.82899857 476.14001465
5.23699999 41.46300125 476.13000488
5.23699999 42.09799957 476.13000488
5.23699999 42.73199844 476.13000488
5.23689985 43.36500168 476.11999512
5.23689985 43.99900055 476.11999512
5.23680019 44.63299942 476.10998535
5.23680019 45.26800156 476.11999512
5.23670006 45.90100098 476.10998535
5.87190008 45.91400146 476.23999023
5.87190008 45.27899933 476.23999023
5.87190008 44.64400101 476.23999023
5.87200022 44.00999832 476.23999023
5.87200022 43.37599945 476.23999023
5.87209988 42.74200058 476.25000000
5.87220001 42.10900116 476.26000977
5.87220001 41.47499847 476.26000977
5.87220001 40.84000015 476.26000977
5.87230015 40.20600128 476.26998901
5.87230015 39.57199860 476.26998901
5.87239981 38.93700027 476.27999878
5.87239981 38.30300140 476.27999878
5.87249994 37.66899872 476.27999878
5.87249994 37.03499985 476.29000854
5.87260008 36.40200043 476.29998779
5.87260008 35.76699829 476.29998779
5.87260008 35.13299942 476.29000854
5.87249994 34.49599838 476.29000854
5.87260008 33.86199951 476.29000854
5.87260008 33.22800064 476.29998779
5.87270021 32.59400177 476.29998779
5.87260008 31.95899963 476.29000854
5.87260008 31.32399940 476.29000854
5.87260008 30.69000053 476.29000854
5.87260008 30.05599976 476.29998779
5.87279987 29.42200089 476.30999756
5.87290001 28.78800011 476.32000732
5.87290001 28.15299988 476.32000732
5.87290001 27.51899910 476.32000732
5.87279987 26.88400078 476.30999756
5.87279987 26.24900055 476.30999756
5.87279987 25.61499977 476.30999756
5.87290001 24.97999954 476.32000732
5.87290001 24.34700012 476.30999756
5.87290001 23.71299934 476.32000732
5.87309980 23.07900047 476.32998657
5.87300014 22.44400024 476.32000732
5.87290001 21.80900002 476.32000732
5.87300014 21.17399979 476.32000732
5.87300014 20.54000092 476.32000732
5.87300014 19.90600014 476.32000732
5.87300014 19.27199936 476.32000732
5.87309980 18.63699913 476.32998657
5.87309980 18.00300026 476.32998657
5.87319994 17.36899948 476.33999634
5.87309980 16.73500061 476.32998657
5.87300014 16.10099983 476.32000732
5.87300014 15.46500015 476.32000732
5.87300014 14.82999992 476.32000732
5.87300014 14.19600010 476.32000732
5.87309980 13.56099987 476.32998657
5.87309980 12.92700005 476.32998657
5.87309980 12.29199982 476.32998657
5.87300014 11.65799999 476.32000732
5.87300014 11.02299976 476.32000732
5.87300014 10.38799953 476.32000732
5.87300014 9.75399971 476.32000732
5.87309980 9.11960030 476.32998657
5.87309980 8.48499966 476.32000732
5.87309980 7.85069990 476.32998657
5.87309980 7.21610022 476.32998657
5.87309980 6.58209991 476.32998657
5.87309980 5.94740009 476.32998657
5.87300014 5.31250000 476.32000732
5.87309980 4.67840004 476.32998657
5.87309980 4.04400015 476.32000732
5.87300014 3.40949988 476.32000732
5.87300014 2.77530003 476.32000732
5.87290001 2.14080000 476.30999756
5.87290001 1.50650001 476.30999756
5.87290001 0.23782000 476.30999756
5.87290001 -0.39629000 476.30999756
5.87290001 -1.03069997 476.30999756
5.87290001 -1.66480005 476.30999756
5.87290001 -2.29999995 476.30999756
5.87290001 -2.93460011 476.30999756
5.87279987 -3.56820011 476.29998779
5.87290001 -4.20249987 476.30999756
5.87279987 -4.83629990 476.29998779
5.87290001 -5.47139978 476.30999756
5.87290001 -6.10550022 476.30999756
5.87279987 -6.73999977 476.29998779
5.87270021 -7.37410021 476.29000854
5.87270021 -8.00759983 476.29000854
5.87260008 -8.64319992 476.29000854
5.87270021 -9.27779961 476.29000854
5.87260008 -9.91230011 476.27999878
5.87260008 -10.54699993 476.27999878
5.87270021 -11.18099976 476.29000854
5.87270021 -11.81599998 476.29000854
5.87260008 -12.44999981 476.27999878
5.87260008 -13.08399963 476.27999878
5.87249994 -13.71800041 476.26998901
5.87239981 -14.35200024 476.26998901
5.87249994 -14.98700047 476.26998901
5.87249994 -16.25600052 476.26998901
5.87249994 -16.88999939 476.26998901
5.87249994 -17.52400017 476.26998901
5.87239981 -18.15699959 476.26998901
5.87230015 -18.79000092 476.25000000
5.87220001 -19.42499924 476.23999023
5.87220001 -20.05999947 476.23999023
5.87220001 -20.69400024 476.25000000
5.87220001 -21.32699966 476.23999023
5.87209988 -21.96100044 476.23999023
5.87200022 -22.59600067 476.23001099
5.87209988 -23.22999954 476.23001099
5.87200022 -23.86400032 476.23001099
5.87209988 -24.49799919 476.23001099
5.87200022 -25.13100052 476.23001099
5.87200022 -25.76600075 476.23001099
5.87190008 -26.39999962 476.22000122
5.87190008 -27.03400040 476.22000122
5.87179995 -27.66799927 476.22000122
5.87179995 -28.30200005 476.20999146
5.87169981 -28.93499947 476.20999146
5.87179995 -29.56999969 476.20999146
5.87169981 -30.20299911 476.20999146
5.87169981 -30.83799934 476.20001221
5.87160015 -31.47200012 476.20001221
5.87160015 -32.10599899 476.20001221
5.87160015 -32.74000168 476.20001221
5.87160015 -33.37400055 476.20001221
5.87150002 -34.00799942 476.19000244
5.87139988 -34.64199829 476.17999268
5.87130022 -35.27500153 476.17001343
5.87120008 -35.90800095 476.17001343
5.87130022 -36.54299927 476.17001343
5.87130022 -37.17800140 476.17001343
5.87130022 -37.81000137 476.17001343
5.87130022 -38.44499969 476.17999268
5.87109995 -39.07699966 476.16000366
5.87109995 -39.71099854 476.14999390
5.87099981 -40.34600067 476.14999390
5.87090015 -40.97900009 476.14001465
5.87090015 -41.61199951 476.14001465
5.87090015 -42.24700165 476.14001465
5.87090015 -42.88000107 476.14001465
5.87090015 -43.51499939 476.14001465
5.87090015 -44.14799881 476.14001465
5.87080002 -44.78099823 476.13000488
5.87080002 -45.41500092 476.13000488
5.87069988 -46.04899979 476.13000488
5.87069988 -46.68299866 476.11999512
5.87060022 -47.31499863 476.11999512
5.87050009 -47.94800186 476.10998535
5.87039995 -48.58200073 476.10000610
5.87039995 -49.21500015 476.10000610
6.50570011 -49.22800064 476.23001099
6.50579977 -48.59500122 476.23001099
6.50579977 -47.96099854 476.23999023
6.50589991 -47.32799911 476.23999023
6.50600004 -46.69499969 476.25000000
6.50600004 -45.42699814 476.25000000
6.50610018 -44.79199982 476.26000977
6.50619984 -44.15999985 476.26998901
6.50629997 -43.52700043 476.26998901
6.50629997 -42.89199829 476.26998901
6.50629997 -42.25899887 476.26998901
6.50629997 -41.62300110 476.26998901
6.50640011 -40.99000168 476.27999878
6.50649977 -40.35599899 476.27999878
6.50649977 -39.72200012 476.29000854
6.50659990 -39.08800125 476.29000854
6.50670004 -38.45500183 476.29998779
6.50670004 -37.82099915 476.29998779
6.50670004 -37.18700027 476.29000854
6.50649977 -36.55199814 476.27999878
6.50659990 -35.91699982 476.29000854
6.50680017 -34.65000153 476.29998779
6.50689983 -34.01599884 476.30999756
6.50689983 -33.38199997 476.30999756
6.50699997 -32.74800110 476.32000732
6.50689983 -32.11399841 476.30999756
6.50699997 -31.47999954 476.32000732
6.50710011 -30.84600067 476.32998657
6.50710011 -30.21199989 476.32998657
6.50719976 -29.57799911 476.32998657
6.50710011 -28.94199944 476.32998657
6.50719976 -28.30900002 476.33999634
6.50729990 -27.67499924 476.33999634
6.50740004 -27.04100037 476.35000610
6.50740004 -26.40600014 476.35000610
6.50740004 -25.77199936 476.35000610
6.50750017 -25.13800049 476.35000610
6.50750017 -24.50399971 476.35998535
6.50750017 -23.87000084 476.35998535
6.50750017 -23.23500061 476.35998535
6.50750017 -22.60099983 476.35000610
6.50750017 -21.96599960 476.35998535
6.50759983 -21.33200073 476.35998535
6.50759983 -20.69799995 476.36999512
6.50780010 -20.06399918 476.38000488
6.50769997 -19.43000031 476.38000488
6.50780010 -18.79500008 476.38000488
6.50790024 -18.16200066 476.39001465
6.50799990 -17.52799988 476.39001465
6.50799990 -16.89399910 476.39001465
6.50790024 -16.26000023 476.38000488
6.50790024 -14.98999977 476.39001465
6.50799990 -14.35599995 476.39001465
6.50799990 -13.72200012 476.39001465
6.50820017 -13.08699989 476.41000366
6.50810003 -12.45300007 476.41000366
6.50829983 -11.81900024 476.42001343
6.50829983 -11.18500042 476.42001343
6.50820017 -10.55000019 476.41000366
6.50810003 -9.91520023 476.39999390
6.50810003 -9.28069973 476.39999390
6.50810003 -8.64599991 476.41000366
6.50820017 -8.01080036 476.41000366
6.50829983 -7.37620020 476.42001343
6.50839996 -6.74170017 476.42999268
6.50839996 -6.10750008 476.42999268
6.50839996 -5.47289991 476.42999268
6.50839996 -4.83790016 476.42999268
6.50839996 -4.20349979 476.42999268
6.50839996 -3.56949997 476.42999268
6.50839996 -2.93580008 476.42999268
6.50850010 -2.30060005 476.42999268
6.50850010 -1.66530001 476.42999268
6.50850010 -1.03120005 476.42999268
6.50850010 -0.39668000 476.42999268
6.50839996 0.23773000 476.42999268
6.50850010 0.87215000 476.42999268
6.50839996 1.50660002 476.42999268
6.50839996 2.14120007 476.42999268
6.50850010 2.77570009 476.42999268
6.50860023 3.41039991 476.44000244
6.50869989 4.04530001 476.45001221
6.50869989 4.67959976 476.45001221
6.50860023 5.31360006 476.45001221
6.50869989 5.94850016 476.45001221
6.50869989 6.58360004 476.45001221
6.50860023 7.21789980 476.45001221
6.50869989 7.85279989 476.45001221
6.50860023 8.48740005 476.45001221
6.50860023 9.12209988 476.45001221
6.50860023 9.75679970 476.45001221
6.50860023 10.39099979 476.45001221
6.50860023 11.02600002 476.44000244
6.50869989 11.66100025 476.45001221
6.50869989 12.29599953 476.45999146
6.50869989 12.93099976 476.45999146
6.50880003 13.56499958 476.45999146
6.50869989 14.19999981 476.45001221
6.50869989 14.83500004 476.45001221
6.50869989 15.46899986 476.45001221
6.50869989 16.10400009 476.45001221
6.50869989 16.73900032 476.45999146
6.50869989 17.37199974 476.45999146
6.50869989 18.00699997 476.45001221
6.50880003 18.64299965 476.45999146
6.50869989 19.27700043 476.45999146
6.50869989 19.91200066 476.45999146
6.50869989 20.54599953 476.45999146
6.50860023 21.18000031 476.45001221
6.50860023 21.81500053 476.45001221
6.50860023 22.45000076 476.45001221
6.50860023 23.08399963 476.45001221
6.50860023 23.71899986 476.45001221
6.50860023 24.35300064 476.45001221
6.50860023 24.98699951 476.45001221
6.50850010 25.62199974 476.44000244
6.50850010 26.25699997 476.44000244
6.50850010 26.89100075 476.45001221
6.50860023 27.52700043 476.45001221
6.50850010 28.16099930 476.44000244
6.50850010 28.79599953 476.44000244
6.50839996 29.43000031 476.42999268
6.50820017 30.06399918 476.42001343
6.50820017 30.69799995 476.42001343
6.50820017 31.33300018 476.42001343
6.50820017 31.96800041 476.42001343
6.50820017 32.60300064 476.42001343
6.50820017 33.23699951 476.42001343
6.50810003 33.87099838 476.42001343
6.50810003 34.50500107 476.41000366
6.50810003 35.14199829 476.42001343
6.50820017 35.77700043 476.42001343
6.50810003 36.41099930 476.42001343
6.50799990 37.04399872 476.41000366
6.50799990 37.67800140 476.41000366
6.50790024 38.31299973 476.39999390
6.50790024 38.94699860 476.39999390
6.50780010 39.58200073 476.39001465
6.50769997 40.21699905 476.39001465
6.50780010 40.85100174 476.39001465
6.50769997 41.48500061 476.39001465
6.50769997 42.11899948 476.38000488
6.50759983 42.75199890 476.38000488
6.50750017 43.38700104 476.36999512
6.50740004 44.02099991 476.35998535
6.50729990 44.65499878 476.35998535
6.50729990 45.29100037 476.35998535
6.50729990 45.92499924 476.35000610
7.14309978 45.93700027 476.48001099
7.14309978 45.30300140 476.48001099
7.14309978 44.66699982 476.48001099
7.14319992 44.03300095 476.48999023
7.14330006 43.39799881 476.48999023
7.14330006 42.76399994 476.50000000
7.14340019 42.13000107 476.50000000
7.14359999 41.49599838 476.51000977
7.14359999 40.86199951 476.51000977
7.14349985 40.22700119 476.51000977
7.14359999 39.59199905 476.51000977
7.14370012 38.95700073 476.51998901
7.14379978 38.32300186 476.52999878
7.14389992 37.68799973 476.52999878
7.14389992 37.05400085 476.52999878
7.14400005 36.41999817 476.54000854
7.14400005 35.78599930 476.54000854
7.14400005 35.15100098 476.54000854
7.14400005 34.51499939 476.54000854
7.14410019 33.88100052 476.54998779
7.14419985 33.24700165 476.54998779
7.14419985 32.61199951 476.54998779
7.14410019 31.97599983 476.54998779
7.14410019 31.34099960 476.54998779
7.14410019 30.70700073 476.54998779
7.14419985 30.07200050 476.54998779
7.14429998 29.43799973 476.55999756
7.14440012 28.80400085 476.57000732
7.14449978 28.16900063 476.57000732
7.14459991 27.53400040 476.57998657
7.14459991 26.89900017 476.57998657
7.14459991 26.26499939 476.57998657
7.14459991 25.63100052 476.57998657
7.14449978 24.99500084 476.57000732
7.14459991 24.36000061 476.57998657
7.14459991 23.72500038 476.57998657
7.14459991 23.09000015 476.57998657
7.14459991 22.45599937 476.57998657
7.14459991 21.82099915 476.57998657
7.14470005 21.18499947 476.57998657
7.14459991 20.55100060 476.57998657
7.14470005 19.91699982 476.57998657
7.14470005 19.28199959 476.57998657
7.14470005 18.64800072 476.57998657
7.14470005 18.01199913 476.57998657
7.14470005 17.37700081 476.57998657
7.14470005 16.74300003 476.57998657
7.14459991 16.10799980 476.57998657
7.14470005 15.47299957 476.57998657
7.14459991 14.83800030 476.57998657
7.14459991 14.20400047 476.57998657
7.14459991 13.56900024 476.57998657
7.14459991 12.93400002 476.57998657
7.14470005 12.29899979 476.57998657
7.14459991 11.66499996 476.57998657
7.14449978 11.02900028 476.57000732
7.14449978 10.39400005 476.57000732
7.14449978 9.75979996 476.57000732
7.14449978 9.12489986 476.57000732
7.14449978 8.48989964 476.57000732
7.14449978 7.85419989 476.57000732
7.14459991 7.21950006 476.57998657
7.14459991 6.58489990 476.57998657
7.14470005 5.95030022 476.57998657
7.14470005 5.31659985 476.57998657
7.14459991 4.68079996 476.57000732
7.14449978 4.04619980 476.57000732
7.14440012 3.41100001 476.55999756
7.14429998 2.77600002 476.54998779
7.14429998 2.14140010 476.54998779
7.14419985 1.50680006 476.54998779
7.14429998 0.87222999 476.55999756
7.14440012 0.23762000 476.55999756
7.14440012 -0.39666000 476.55999756
7.14440012 -1.03129995 476.55999756
7.14440012 -1.66550004 476.55999756
7.14440012 -2.30119991 476.55999756
7.14440012 -2.93580008 476.55999756
7.14429998 -3.57049990 476.54998779
7.14429998 -4.20419979 476.54998779
7.14419985 -4.83930016 476.54998779
7.14419985 -5.47450018 476.54000854
7.14429998 -6.10930014 476.54998779
7.14419985 -6.74340010 476.54998779
7.14419985 -7.37769985 476.54000854
7.14410019 -8.01290035 476.54000854
7.14400005 -8.64840031 476.52999878
7.14410019 -9.28330040 476.54000854
7.14410019 -9.91849995 476.54000854
7.14419985 -10.55399990 476.54000854
7.14419985 -11.18799973 476.54000854
7.14419985 -11.82199955 476.54000854
7.14400005 -12.45600033 476.52999878
7.14389992 -13.09000015 476.52999878
7.14379978 -13.72500038 476.51000977
7.14379978 -14.35999966 476.51000977
7.14379978 -14.99400043 476.51000977
7.14370012 -16.26399994 476.51000977
7.14370012 -16.89800072 476.51000977
7.14359999 -17.53199959 476.50000000
7.14370012 -18.16600037 476.51000977
7.14359999 -18.79999924 476.50000000
7.14359999 -19.43499947 476.50000000
7.14349985 -20.06900024 476.48999023
7.14330006 -20.70299911 476.48001099
7.14330006 -21.33699989 476.48001099
7.14319992 -21.97200012 476.48001099
7.14319992 -22.60700035 476.48001099
7.14319992 -23.24099922 476.48001099
7.14340019 -23.87700081 476.48999023
7.14349985 -24.51199913 476.48999023
7.14340019 -25.14500046 476.48999023
7.14330006 -25.78000069 476.48001099
7.14319992 -26.41399956 476.48001099
7.14309978 -27.04899979 476.47000122
7.14309978 -27.68300056 476.47000122
7.14300013 -28.31699944 476.45999146
7.14289999 -28.95000076 476.45001221
7.14289999 -29.58499908 476.45001221
7.14289999 -30.21999931 476.45001221
7.14289999 -30.85400009 476.45001221
7.14279985 -31.48800087 476.45001221
7.14270020 -32.12200165 476.44000244
7.14270020 -32.75600052 476.44000244
7.14260006 -33.38999939 476.42999268
7.14260006 -34.02500153 476.44000244
7.14249992 -34.65900040 476.42999268
7.14239979 -35.29299927 476.42001343
7.14230013 -35.92599869 476.41000366
7.14219999 -36.56100082 476.41000366
7.14219999 -37.19599915 476.41000366
7.14230013 -37.83000183 476.41000366
7.14230013 -38.46400070 476.41000366
7.14230013 -39.09799957 476.41000366
7.14219999 -39.73199844 476.41000366
7.14209986 -40.36600113 476.39999390
7.14209986 -41.00000000 476.39999390
7.14200020 -41.63399887 476.39001465
7.14200020 -42.26800156 476.39001465
7.14200020 -42.90399933 476.39001465
7.14200020 -43.53799820 476.39001465
7.14179993 -44.16999817 476.38000488
7.14179993 -44.80400085 476.38000488
7.14169979 -45.43799973 476.38000488
7.14169979 -46.07300186 476.38000488
7.14160013 -46.70700073 476.36999512
7.14150000 -47.34000015 476.35998535
7.14139986 -47.97299957 476.35998535
7.14120007 -48.60699844 476.35000610
7.14120007 -49.24000168 476.33999634
7.77710009 -49.25299835 476.45999146
7.77710009 -48.61899948 476.47000122
7.77729988 -47.98600006 476.48001099
7.77750015 -47.35200119 476.48999023
7.77769995 -46.71900177 476.50000000
7.77769995 -46.08399963 476.50000000
7.77769995 -45.45000076 476.50000000
7.77790022 -44.81600189 476.51000977
7.77780008 -44.18199921 476.51000977
7.77790022 -43.54899979 476.51000977
7.77790022 -42.91400146 476.51000977
7.77790022 -42.27799988 476.51000977
7.77799988 -41.64500046 476.51998901
7.77810001 -41.00999832 476.51998901
7.77810001 -40.37599945 476.51998901
7.77820015 -39.74200058 476.52999878
7.77829981 -39.10800171 476.54000854
7.77829981 -38.47399902 476.54000854
7.77829981 -37.84000015 476.54000854
7.77820015 -37.20500183 476.52999878
7.77839994 -35.30199814 476.54000854
7.77860022 -34.66799927 476.54998779
7.77869987 -34.03300095 476.55999756
7.77880001 -33.39899826 476.57000732
7.77880001 -32.76499939 476.57000732
7.77880001 -32.13000107 476.57000732
7.77880001 -31.49600029 476.57000732
7.77890015 -30.86199951 476.57000732
7.77890015 -30.22699928 476.57000732
7.77890015 -29.59199905 476.57000732
7.77909994 -28.95800018 476.57998657
7.77909994 -28.32399940 476.58999634
7.77920008 -27.69000053 476.58999634
7.77920008 -27.05500031 476.58999634
7.77930021 -26.42099953 476.60000610
7.77939987 -25.78599930 476.60000610
7.77939987 -25.15200043 476.60998535
7.77950001 -24.51799965 476.60998535
7.77939987 -23.88299942 476.60000610
7.77930021 -23.24699974 476.60000610
7.77950001 -22.61300087 476.60998535
7.77950001 -21.97800064 476.60998535
7.77960014 -21.34300041 476.61999512
7.77960014 -20.70899963 476.60998535
7.77960014 -20.07500076 476.61999512
7.77979994 -19.44000053 476.63000488
7.77990007 -18.80500031 476.64001465
7.78000021 -18.17099953 476.64001465
7.77990007 -17.53700066 476.63000488
7.77979994 -16.90200043 476.63000488
7.77979994 -16.26700020 476.63000488
7.77990007 -15.63199997 476.64001465
7.77990007 -14.99800014 476.64001465
7.77990007 -13.72799969 476.64001465
7.77990007 -13.09300041 476.64001465
7.78009987 -12.45899963 476.64999390
7.78030014 -11.82499981 476.66000366
7.78030014 -11.18999958 476.66000366
7.78030014 -10.55599976 476.66000366
7.78030014 -9.92129993 476.66000366
7.78030014 -9.28629971 476.66000366
7.78030014 -8.65139961 476.66000366
7.78030014 -8.01580048 476.66000366
7.78039980 -7.38059998 476.67001343
7.78039980 -6.74529982 476.67001343
7.78049994 -6.11070013 476.67001343
7.78049994 -5.47599983 476.67001343
7.78049994 -4.84040022 476.67999268
7.78049994 -4.20550013 476.67999268
7.78060007 -3.57119989 476.67999268
7.78070021 -2.93619990 476.69000244
7.78070021 -2.30189991 476.69000244
7.78060007 -1.66569996 476.67999268
7.78070021 -1.03149998 476.69000244
7.78060007 -0.39673999 476.67999268
7.78060007 0.23766001 476.67999268
7.78060007 0.87219000 476.67999268
7.78039980 1.50709999 476.67001343
7.78039980 2.14179993 476.67001343
7.78049994 2.77679992 476.67999268
7.78060007 3.41190004 476.67999268
7.78070021 4.04720020 476.69000244
7.78070021 4.68179989 476.69000244
7.78090000 5.31850004 476.70001221
7.78090000 5.95200014 476.70001221
7.78100014 6.58699989 476.70999146
7.78090000 7.22170019 476.70001221
7.78079987 7.85659981 476.70001221
7.78070021 8.49230003 476.69000244
7.78070021 9.12749958 476.69000244
7.78070021 9.76270008 476.69000244
7.78079987 10.39799976 476.70001221
7.78070021 11.03299999 476.69000244
7.78079987 11.66800022 476.70001221
7.78079987 12.30200005 476.70001221
7.78070021 12.93700027 476.69000244
7.78079987 13.57199955 476.70001221
7.78079987 14.20699978 476.70001221
7.78079987 14.84200001 476.70001221
7.78090000 15.47700024 476.70999146
7.78100014 16.11199951 476.70999146
7.78109980 16.74699974 476.72000122
7.78109980 17.38199997 476.72000122
7.78109980 18.01700020 476.70999146
7.78090000 18.65200043 476.70999146
7.78079987 19.28599930 476.70001221
7.78079987 19.92099953 476.70001221
7.78090000 20.55599976 476.70001221
7.78090000 21.19099998 476.70999146
7.78090000 21.82600021 476.70999146
7.78090000 22.46100044 476.70999146
7.78090000 23.09600067 476.70001221
7.78079987 23.73200035 476.70001221
7.78079987 24.36700058 476.70001221
7.78079987 25.00200081 476.70001221
7.78079987 25.63800049 476.70001221
7.78090000 26.27300072 476.70999146
7.78090000 26.90699959 476.70001221
7.78079987 27.54100037 476.70001221
7.78070021 28.17600060 476.70001221
7.78060007 28.81100082 476.69000244
7.78049994 29.44599915 476.69000244
7.78049994 30.07999992 476.67999268
7.78049994 30.71500015 476.67999268
7.78049994 31.35000038 476.67999268
7.78049994 31.98500061 476.67999268
7.78049994 32.61999893 476.67999268
7.78049994 33.25600052 476.67999268
7.78039980 33.88999939 476.67999268
7.78039980 34.52399826 476.67001343
7.78030014 35.15999985 476.67001343
7.78030014 35.79399872 476.67001343
7.78020000 36.42900085 476.67001343
7.78020000 37.06399918 476.66000366
7.78000021 37.69900131 476.64999390
7.77990007 38.33300018 476.64999390
7.77979994 38.96799850 476.64001465
7.77969980 39.60200119 476.64001465
7.77969980 40.23799896 476.64001465
7.77969980 40.87200165 476.64001465
7.77969980 41.50699997 476.63000488
7.77960014 42.14099884 476.63000488
7.77950001 42.77500153 476.61999512
7.77939987 43.40999985 476.61999512
7.77939987 44.04499817 476.60998535
7.77930021 44.67900085 476.60998535
7.77920008 45.31399918 476.60000610
7.77909994 45.94699860 476.60000610
8.41549969 45.95899963 476.72000122
8.41559982 45.32500076 476.73001099
8.41569996 44.68999863 476.73001099
8.41580009 44.05500031 476.73999023
8.41600037 42.78599930 476.75000000
8.41609955 41.51699829 476.75000000
8.41619968 40.88199997 476.76000977
8.41619968 40.24700165 476.76000977
8.41629982 39.61299896 476.76000977
8.41639996 38.97800064 476.76998901
8.41650009 38.34400177 476.76998901
8.41660023 37.70899963 476.77999878
8.41670036 37.07500076 476.79000854
8.41679955 36.43999863 476.79000854
8.41679955 35.80400085 476.79998779
8.41689968 35.16899872 476.79998779
8.41689968 34.53400040 476.79998779
8.41699982 33.89899826 476.79998779
8.41699982 33.26499939 476.80999756
8.41709995 32.62900162 476.80999756
8.41709995 31.99399948 476.80999756
8.41720009 31.35899925 476.80999756
8.41709995 30.72400093 476.80999756
8.41699982 30.08799934 476.79998779
8.41699982 29.45299911 476.80999756
8.41709995 28.81800079 476.80999756
8.41720009 28.18400002 476.82000732
8.41740036 27.54800034 476.82000732
8.41740036 26.91399956 476.82000732
8.41740036 26.27899933 476.82000732
8.41730022 25.64399910 476.82000732
8.41720009 25.00799942 476.82000732
8.41730022 24.37299919 476.82000732
8.41730022 23.73800087 476.82000732
8.41730022 23.10199928 476.82000732
8.41740036 22.46699905 476.82998657
8.41749954 21.83200073 476.82998657
8.41740036 21.19700050 476.82998657
8.41740036 20.56100082 476.82000732
8.41740036 19.29100037 476.82000732
8.41740036 18.65500069 476.82998657
8.41759968 18.02099991 476.82998657
8.41769981 17.38599968 476.83999634
8.41769981 16.75200081 476.83999634
8.41759968 16.11700058 476.82998657
8.41749954 15.47999954 476.82998657
8.41740036 14.84500027 476.82000732
8.41740036 14.21000004 476.82000732
8.41759968 13.57499981 476.82998657
8.41759968 12.94099998 476.83999634
8.41759968 12.30599976 476.83999634
8.41749954 11.67199993 476.82998657
8.41740036 11.03600025 476.82000732
8.41749954 10.39999962 476.82998657
8.41740036 9.76519966 476.82000732
8.41740036 9.13010025 476.82000732
8.41740036 8.49479961 476.82000732
8.41740036 7.85939980 476.82000732
8.41759968 7.22410011 476.82998657
8.41759968 6.58920002 476.82998657
8.41740036 5.95400000 476.82000732
8.41740036 5.31990004 476.82000732
8.41730022 4.68319988 476.82000732
8.41740036 4.04809999 476.82000732
8.41720009 3.41260004 476.80999756
8.41709995 2.77729988 476.80999756
8.41709995 2.14229989 476.79998779
8.41699982 1.50759995 476.79998779
8.41720009 0.87228000 476.80999756
8.41730022 0.23765001 476.80999756
8.41730022 -0.39688000 476.80999756
8.41730022 -1.03180003 476.80999756
8.41720009 -1.66630006 476.80999756
8.41720009 -2.30270004 476.80999756
8.41720009 -2.93689990 476.80999756
8.41730022 -3.57270002 476.80999756
8.41730022 -4.20709991 476.80999756
8.41720009 -4.84170008 476.80999756
8.41709995 -5.47690010 476.79998779
8.41709995 -6.11180019 476.79998779
8.41709995 -6.74760008 476.79998779
8.41699982 -7.38290024 476.79000854
8.41689968 -8.01790047 476.79000854
8.41689968 -8.65330029 476.79000854
8.41679955 -9.28849983 476.77999878
8.41689968 -9.92380047 476.79000854
8.41689968 -10.55900002 476.79000854
8.41689968 -11.19299984 476.79000854
8.41679955 -11.82800007 476.79000854
8.41670036 -12.46199989 476.77999878
8.41660023 -13.09599972 476.76998901
8.41650009 -13.73200035 476.76998901
8.41650009 -14.36699963 476.76998901
8.41650009 -15.00100040 476.76998901
8.41639996 -15.63599968 476.76000977
8.41619968 -16.27000046 476.75000000
8.41619968 -16.90500069 476.75000000
8.41629982 -17.54100037 476.75000000
8.41639996 -18.17600060 476.76000977
8.41639996 -18.81100082 476.76000977
8.41619968 -19.44400024 476.75000000
8.41619968 -20.08200073 476.75000000
8.41619968 -20.71500015 476.75000000
8.41619968 -21.35000038 476.75000000
8.41619968 -21.98500061 476.75000000
8.41590023 -22.61800003 476.73001099
8.41569996 -23.25300026 476.72000122
8.41590023 -23.88899994 476.73001099
8.41590023 -24.52400017 476.73001099
8.41590023 -25.15900040 476.73001099
8.41580009 -25.79299927 476.72000122
8.41569996 -26.42799950 476.72000122
8.41559982 -27.06200027 476.70999146
8.41559982 -27.69700050 476.70999146
8.41559982 -28.33200073 476.70999146
8.41549969 -28.96599960 476.70999146
8.41539955 -29.60000038 476.70001221
8.41539955 -30.23500061 476.70001221
8.41539955 -30.86899948 476.70001221
8.41530037 -31.50399971 476.70001221
8.41530037 -32.13899994 476.70001221
8.41530037 -32.77299881 476.70001221
8.41520023 -33.40800095 476.69000244
8.41510010 -34.04199982 476.69000244
8.41489983 -34.67699814 476.67001343
8.41469955 -35.31100082 476.66000366
8.41450024 -37.21400070 476.64999390
8.41469955 -37.84999847 476.66000366
8.41460037 -38.48400116 476.66000366
8.41450024 -39.11800003 476.64999390
8.41460037 -39.75299835 476.66000366
8.41469955 -40.38800049 476.66000366
8.41460037 -41.02199936 476.66000366
8.41440010 -41.65599823 476.64999390
8.41440010 -42.29000092 476.64999390
8.41440010 -42.92499924 476.64001465
8.41429996 -43.55899811 476.64001465
8.41419983 -44.19400024 476.64001465
8.41429996 -44.82799911 476.64001465
8.41409969 -45.46300125 476.63000488
8.41409969 -46.09700012 476.63000488
8.41399956 -46.73099899 476.61999512
8.41370010 -47.36500168 476.60998535
8.41359997 -47.99900055 476.60000610
8.41339970 -48.63199997 476.58999634
8.41339970 -49.26599884 476.58999634
8.41320038 -49.89899826 476.57998657
9.04979992 -49.91299820 476.70999146
9.05000019 -49.27899933 476.70999146
9.05010033 -48.64500046 476.72000122
9.05020046 -48.01100159 476.73001099
9.05029964 -47.37699890 476.73001099
9.05049992 -46.74200058 476.73999023
9.05080032 -46.10900116 476.76000977
9.05090046 -45.47499847 476.76000977
9.05090046 -44.84000015 476.76000977
9.05090046 -44.20600128 476.76000977
9.05090046 -43.57099915 476.76000977
9.05099964 -42.93600082 476.76998901
9.05109978 -42.30099869 476.76998901
9.05119991 -41.66699982 476.77999878
9.05119991 -41.03200150 476.77999878
9.05119991 -40.39699936 476.76998901
9.05119991 -39.76200104 476.77999878
9.05130005 -39.12799835 476.77999878
9.05140018 -38.49399948 476.79000854
9.05150032 -37.86000061 476.79000854
9.05140018 -37.22399902 476.79000854
9.05140018 -36.59000015 476.79000854
9.05130005 -35.95500183 476.77999878
9.05150032 -35.31999969 476.79000854
9.05169964 -34.68600082 476.79998779
9.05189991 -34.05099869 476.80999756
9.05200005 -33.41699982 476.82000732
9.05210018 -32.78200150 476.82998657
9.05210018 -32.14799881 476.82998657
9.05210018 -31.51199913 476.82000732
9.05220032 -30.87800026 476.82998657
9.05230045 -30.24300003 476.82998657
9.05230045 -29.60799980 476.82998657
9.05230045 -28.97400093 476.83999634
9.05230045 -28.33900070 476.83999634
9.05230045 -27.70299911 476.83999634
9.05230045 -27.06800079 476.83999634
9.05239964 -26.43300056 476.83999634
9.05239964 -25.79899979 476.83999634
9.05270004 -25.16500092 476.85998535
9.05290031 -24.53100014 476.85998535
9.05280018 -23.89599991 476.85998535
9.05270004 -23.26000023 476.85000610
9.05290031 -22.62400055 476.86999512
9.05309963 -21.98999977 476.88000488
9.05309963 -21.35600090 476.88000488
9.05309963 -20.72100067 476.88000488
9.05319977 -20.08699989 476.88000488
9.05319977 -19.45000076 476.88000488
9.05329990 -18.81599998 476.89001465
9.05340004 -18.18099976 476.89001465
9.05329990 -17.54599953 476.89001465
9.05319977 -16.90999985 476.88000488
9.05319977 -16.27499962 476.88000488
9.05329990 -15.64000034 476.89001465
9.05340004 -15.00500011 476.89001465
9.05350018 -14.37100029 476.89999390
9.05340004 -13.73499966 476.89999390
9.05350018 -13.10000038 476.89999390
9.05360031 -12.46500015 476.89999390
9.05379963 -11.83100033 476.91000366
9.05379963 -11.19600010 476.92001343
9.05389977 -10.56200027 476.92001343
9.05379963 -9.92640018 476.92001343
9.05370045 -9.29080009 476.91000366
9.05370045 -8.65559959 476.91000366
9.05370045 -8.02009964 476.91000366
9.05379963 -7.38509989 476.92001343
9.05389977 -6.74959993 476.92001343
9.05399990 -6.11369991 476.92001343
9.05399990 -5.47840023 476.92999268
9.05410004 -4.84310007 476.92999268
9.05410004 -4.20830011 476.92999268
9.05410004 -3.57349992 476.92999268
9.05410004 -2.93790007 476.92999268
9.05410004 -2.30340004 476.92999268
9.05399990 -1.66680002 476.92999268
9.05410004 -1.03199995 476.94000244
9.05420017 -0.39702001 476.94000244
9.05410004 0.23762999 476.94000244
9.05410004 0.87273002 476.92999268
9.05410004 2.77819991 476.94000244
9.05420017 3.41350007 476.94000244
9.05420017 4.04969978 476.94000244
9.05430031 4.68459988 476.94000244
9.05440044 5.32100010 476.95001221
9.05459976 5.95559978 476.95999146
9.05449963 6.59079981 476.95001221
9.05449963 7.22660017 476.95001221
9.05440044 7.86199999 476.95001221
9.05440044 8.49720001 476.95001221
9.05440044 9.13269997 476.95001221
9.05440044 9.76770020 476.95001221
9.05430031 10.40299988 476.95001221
9.05440044 11.03800011 476.95001221
9.05440044 11.67399979 476.95001221
9.05459976 12.31000042 476.95999146
9.05459976 12.94400024 476.97000122
9.05459976 13.57900047 476.95999146
9.05449963 14.21300030 476.95999146
9.05440044 14.85000038 476.95001221
9.05449963 15.48499966 476.95999146
9.05469990 16.12199974 476.97000122
9.05469990 16.75600052 476.97000122
9.05459976 17.39100075 476.95999146
9.05449963 18.02599907 476.95999146
9.05440044 18.66099930 476.95001221
9.05440044 20.56699944 476.95001221
9.05449963 21.20299911 476.95999146
9.05449963 21.83799934 476.95999146
9.05440044 22.47400093 476.95999146
9.05430031 23.10899925 476.95001221
9.05420017 23.74399948 476.94000244
9.05410004 24.37899971 476.94000244
9.05410004 25.01499939 476.94000244
9.05420017 25.64999962 476.94000244
9.05420017 26.28599930 476.95001221
9.05430031 26.92200089 476.95001221
9.05440044 27.55599976 476.95001221
9.05430031 28.19099998 476.95001221
9.05410004 28.82600021 476.94000244
9.05399990 29.45999908 476.92999268
9.05389977 30.09600067 476.92999268
9.05410004 30.73100090 476.94000244
9.05410004 31.36700058 476.94000244
9.05399990 32.00199890 476.92999268
9.05399990 32.63700104 476.92999268
9.05389977 33.27299881 476.92999268
9.05389977 33.90800095 476.92999268
9.05379963 34.54299927 476.92001343
9.05379963 35.17900085 476.92001343
9.05370045 35.81399918 476.92001343
9.05370045 36.44900131 476.92001343
9.05360031 37.08399963 476.91000366
9.05350018 37.71900177 476.91000366
9.05340004 38.35400009 476.89999390
9.05329990 38.98799896 476.89999390
9.05319977 39.62300110 476.89001465
9.05319977 40.25799942 476.89001465
9.05309963 40.89300156 476.89001465
9.05300045 41.52799988 476.88000488
9.05290031 42.16299820 476.88000488
9.05280018 42.79800034 476.86999512
9.05270004 43.43199921 476.86999512
9.05270004 44.06700134 476.85998535
9.05259991 44.70299911 476.85998535
9.05259991 45.33800125 476.85998535
9.05239964 45.97200012 476.85000610
9.68959999 45.98400116 476.98001099
9.68980026 45.34999847 476.98999023
9.68980026 44.71500015 476.98999023
9.68990040 44.07899857 476.98999023
9.69009972 43.44499969 477.00000000
9.69019985 42.81000137 477.01000977
9.69029999 42.17499924 477.01000977
9.69029999 41.53900146 477.01000977
9.69040012 40.90399933 477.01998901
9.69060040 40.27000046 477.02999878
9.69060040 39.63600159 477.02999878
9.69069958 39.00099945 477.02999878
9.69050026 38.36399841 477.01998901
9.69069958 37.72800064 477.02999878
9.69079971 37.09299850 477.04000854
9.69079971 36.45800018 477.04000854
9.69089985 35.82300186 477.04000854
9.69089985 35.18700027 477.04000854
9.69099998 34.55199814 477.04998779
9.69110012 33.91699982 477.04998779
9.69110012 33.28200150 477.04998779
9.69120026 32.64599991 477.05999756
9.69120026 32.01100159 477.05999756
9.69120026 31.37500000 477.05999756
9.69120026 30.73999977 477.05999756
9.69110012 30.10400009 477.04998779
9.69120026 29.46699905 477.05999756
9.69139957 28.83300018 477.07000732
9.69149971 28.19899940 477.07000732
9.69159985 27.56299973 477.07000732
9.69149971 26.92799950 477.07000732
9.69139957 26.29100037 477.07000732
9.69139957 25.65600014 477.05999756
9.69139957 25.02000046 477.05999756
9.69139957 24.38500023 477.07000732
9.69139957 23.75000000 477.07000732
9.69149971 23.11400032 477.07000732
9.69159985 22.47900009 477.07998657
9.69169998 21.84399986 477.07998657
9.69169998 21.20899963 477.07998657
9.69169998 20.57299995 477.07998657
9.69159985 18.66600037 477.07998657
9.69169998 18.03000069 477.07998657
9.69180012 17.39500046 477.07998657
9.69190025 16.76000023 477.08999634
9.69200039 16.12599945 477.08999634
9.69190025 15.48900032 477.08999634
9.69180012 14.85400009 477.07998657
9.69180012 14.21700001 477.07998657
9.69200039 13.58199978 477.08999634
9.69200039 12.94799995 477.10000610
9.69190025 12.31299973 477.08999634
9.69180012 11.67700005 477.07998657
9.69169998 11.04100037 477.07998657
9.69169998 10.40499973 477.07998657
9.69169998 9.77009964 477.07998657
9.69180012 9.13519955 477.07998657
9.69169998 8.49979973 477.07998657
9.69169998 7.86450005 477.07998657
9.69169998 7.22900009 477.07998657
9.69169998 6.59299994 477.07998657
9.69180012 5.95739985 477.07998657
9.69169998 5.32180023 477.07998657
9.69169998 4.68610001 477.07998657
9.69159985 4.05070019 477.07000732
9.69149971 3.41450000 477.07000732
9.69149971 2.77909994 477.07000732
9.69139957 2.14380002 477.05999756
9.69139957 1.50870001 477.05999756
9.69130039 0.87331003 477.05999756
9.69139957 0.23815000 477.05999756
9.69130039 -0.39703000 477.05999756
9.69130039 -1.03230000 477.05999756
9.69130039 -1.66740000 477.04998779
9.69130039 -2.30360007 477.05999756
9.69139957 -2.93869996 477.05999756
9.69130039 -3.57439995 477.05999756
9.69130039 -4.20919991 477.05999756
9.69120026 -4.84469986 477.04998779
9.69110012 -5.48010015 477.04998779
9.69110012 -6.11560011 477.04998779
9.69099998 -6.75139999 477.04000854
9.69089985 -7.38700008 477.04000854
9.69089985 -8.02229977 477.02999878
9.69079971 -8.65769958 477.02999878
9.69079971 -9.29319954 477.02999878
9.69089985 -9.92879963 477.04000854
9.69099998 -10.56400013 477.04000854
9.69110012 -11.19900036 477.04000854
9.69099998 -11.83399963 477.04000854
9.69079971 -12.46800041 477.02999878
9.69069958 -13.10299969 477.01998901
9.69060040 -13.73900032 477.01998901
9.69060040 -14.37399960 477.01998901
9.69060040 -15.00899982 477.01998901
9.69040012 -15.64400005 477.01000977
9.69040012 -16.27899933 477.01000977
9.69050026 -16.91500092 477.01000977
9.69050026 -17.54999924 477.01000977
9.69050026 -18.18600082 477.01998901
9.69050026 -18.82099915 477.01000977
9.69050026 -19.45599937 477.01000977
9.69040012 -20.09300041 477.01000977
9.69040012 -20.72699928 477.01000977
9.69029999 -21.36199951 477.00000000
9.69019985 -21.99699974 477.00000000
9.69019985 -22.63100052 477.00000000
9.68999958 -23.26600075 476.98999023
9.68999958 -23.90200043 476.98999023
9.68980026 -24.53599930 476.98001099
9.68959999 -25.17000008 476.97000122
9.68949986 -25.80500031 476.95999146
9.68939972 -26.44000053 476.95999146
9.68939972 -27.07500076 476.95999146
9.68939972 -27.70999908 476.95999146
9.68929958 -28.34600067 476.95999146
9.68939972 -28.98100090 476.95999146
9.68939972 -29.61599922 476.95999146
9.68929958 -30.25099945 476.95999146
9.68920040 -30.88599968 476.95001221
9.68900013 -31.52000046 476.94000244
9.68910027 -32.15599823 476.94000244
9.68920040 -32.79199982 476.95001221
9.68920040 -33.42599869 476.95001221
9.68910027 -34.06100082 476.94000244
9.68879986 -34.69499969 476.92999268
9.68869972 -35.33000183 476.92001343
9.68840027 -35.96400070 476.91000366
9.68850040 -36.59999847 476.91000366
9.68850040 -37.23500061 476.92001343
9.68850040 -37.86899948 476.91000366
9.68820000 -38.50199890 476.89999390
9.68820000 -39.13700104 476.89999390
9.68820000 -39.77199936 476.89999390
9.68830013 -40.40800095 476.89999390
9.68830013 -41.04399872 476.91000366
9.68830013 -41.67800140 476.89999390
9.68820000 -42.31299973 476.89999390
9.68809986 -42.94800186 476.89999390
9.68799973 -43.58300018 476.89001465
9.68799973 -44.21799850 476.89001465
9.68809986 -44.85300064 476.89001465
9.68789959 -45.48600006 476.89001465
9.68770027 -46.12099838 476.88000488
9.68719959 -48.02299881 476.85000610
9.68710041 -48.65800095 476.85000610
9.68690014 -49.29199982 476.83999634
9.68680000 -49.92599869 476.82998657
10.32400036 -49.93899918 476.95999146
10.32400036 -49.30400085 476.95999146
10.32400036 -48.66999817 476.97000122
10.32400036 -48.03599930 476.98001099
10.32499981 -46.13299942 477.00000000
10.32499981 -45.49800110 477.00000000
10.32499981 -44.86399841 477.01000977
10.32499981 -44.22900009 477.01998901
10.32499981 -43.59400177 477.01998901
10.32499981 -42.95999908 477.01998901
10.32499981 -42.32400131 477.01998901
10.32600021 -41.68899918 477.02999878
10.32600021 -41.05400085 477.02999878
10.32600021 -40.41799927 477.01998901
10.32600021 -39.78300095 477.01998901
10.32600021 -39.14699936 477.02999878
10.32600021 -38.51300049 477.02999878
10.32600021 -37.87900162 477.04000854
10.32600021 -37.24499893 477.04000854
10.32600021 -36.60900116 477.04000854
10.32600021 -35.97299957 477.04000854
10.32600021 -35.33900070 477.04998779
10.32600021 -34.70500183 477.05999756
10.32600021 -34.06999969 477.07000732
10.32699966 -33.43500137 477.07000732
10.32699966 -32.79999924 477.07000732
10.32600021 -32.16500092 477.07000732
10.32699966 -30.89399910 477.07000732
10.32699966 -30.25900078 477.07998657
10.32699966 -29.62400055 477.07998657
10.32699966 -28.98900032 477.07998657
10.32699966 -28.35400009 477.07998657
10.32699966 -25.17600060 477.10000610
10.32699966 -24.54199982 477.10000610
10.32699966 -23.90699959 477.10998535
10.32800007 -23.27199936 477.11999512
10.32800007 -22.63699913 477.11999512
10.32800007 -22.00200081 477.11999512
10.32800007 -21.36700058 477.11999512
10.32800007 -20.73299980 477.13000488
10.32800007 -20.09700012 477.13000488
10.32800007 -19.46100044 477.13000488
10.32800007 -18.82600021 477.13000488
10.32800007 -18.19000053 477.14001465
10.32800007 -17.55500031 477.14001465
10.32800007 -16.92000008 477.14001465
10.32800007 -16.28400040 477.14001465
10.32800007 -15.01299953 477.14001465
10.32800007 -14.37800026 477.14999390
10.32800007 -13.74300003 477.16000366
10.32800007 -13.10700035 477.16000366
10.32800007 -12.47200012 477.16000366
10.32800007 -11.83699989 477.16000366
10.32900047 -11.20199966 477.16000366
10.32800007 -10.56700039 477.16000366
10.32800007 -9.93120003 477.16000366
10.32800007 -9.29529953 477.14999390
10.32800007 -8.65999985 477.14999390
10.32800007 -8.02449989 477.14999390
10.32800007 -7.38880014 477.16000366
10.32900047 -6.75180006 477.17001343
10.32900047 -6.11679983 477.17001343
10.32900047 -5.48150015 477.17999268
10.32900047 -4.84670019 477.19000244
10.32900047 -4.21140003 477.17999268
10.32900047 -3.57500005 477.17999268
10.32900047 -2.93910003 477.17999268
10.32900047 -2.30360007 477.17001343
10.32900047 -1.66789997 477.17001343
10.32900047 -1.03250003 477.17999268
10.32900047 -0.39693001 477.17999268
10.32900047 0.23841999 477.17999268
10.32900047 0.87497997 477.19000244
10.32900047 1.50960004 477.19000244
10.32900047 2.14459991 477.20001221
10.32900047 2.77950001 477.20001221
10.32900047 3.41479993 477.20001221
10.32900047 4.05130005 477.20001221
10.32900047 4.68699980 477.20001221
10.32900047 5.32299995 477.20001221
10.32900047 5.95909977 477.20001221
10.32900047 6.59499979 477.20001221
10.32900047 8.50189972 477.20001221
10.32900047 9.13729954 477.20001221
10.32900047 9.77250004 477.20001221
10.32900047 10.40799999 477.20001221
10.32900047 11.04399967 477.20999146
10.32900047 11.68000031 477.20999146
10.32999992 12.31599998 477.22000122
10.32999992 12.95100021 477.22000122
10.32999992 13.58600044 477.22000122
10.32999992 14.22099972 477.22000122
10.32999992 14.85799980 477.22000122
10.32999992 15.49300003 477.22000122
10.32900047 16.12899971 477.20999146
10.32900047 16.76399994 477.20999146
10.32900047 17.39999962 477.20001221
10.32900047 18.03599930 477.20001221
10.32900047 18.67099953 477.20001221
10.32900047 19.94400024 477.20999146
10.32900047 20.57999992 477.20999146
10.32999992 21.21500015 477.22000122
10.32900047 21.85000038 477.20999146
10.32900047 22.48500061 477.20999146
10.32900047 23.12000084 477.20001221
10.32900047 23.75499916 477.19000244
10.32900047 24.39100075 477.19000244
10.32900047 25.02599907 477.19000244
10.32900047 25.66300011 477.19000244
10.32900047 26.29800034 477.20001221
10.32900047 26.93499947 477.20001221
10.32900047 27.57099915 477.20001221
10.32900047 28.20599937 477.20001221
10.32900047 28.84099960 477.19000244
10.32900047 29.47599983 477.19000244
10.32900047 30.11199951 477.17999268
10.32900047 30.74799919 477.17999268
10.32900047 31.38299942 477.17999268
10.32900047 32.01900101 477.17999268
10.32900047 32.65499878 477.17999268
10.32900047 33.29100037 477.17999268
10.32900047 33.92599869 477.17001343
10.32900047 34.56100082 477.17001343
10.32800007 35.19599915 477.17001343
10.32800007 35.83100128 477.16000366
10.32800007 36.46699905 477.16000366
10.32800007 37.10200119 477.16000366
10.32800007 37.73799896 477.14999390
10.32800007 38.37400055 477.14999390
10.32800007 39.01100159 477.16000366
10.32800007 39.64699936 477.16000366
10.32800007 40.28099823 477.16000366
10.32800007 40.91400146 477.14999390
10.32800007 41.54999924 477.14001465
10.32800007 42.18700027 477.14001465
10.32800007 42.82199860 477.13000488
10.32800007 43.45700073 477.13000488
10.32699966 44.09099960 477.11999512
10.32699966 44.72700119 477.11999512
10.32699966 45.36299896 477.11999512
10.32699966 45.99700165 477.10998535
10.96500015 46.00899887 477.23001099
10.96500015 45.37400055 477.23999023
10.96500015 44.73899841 477.23999023
10.96500015 44.10300064 477.25000000
10.96500015 43.46799850 477.25000000
10.96599960 42.83300018 477.26000977
10.96599960 42.19800186 477.26000977
10.96599960 41.56100082 477.26998901
10.96599960 40.92499924 477.26998901
10.96599960 40.29100037 477.27999878
10.96599960 39.65700150 477.27999878
10.96599960 39.02199936 477.29000854
10.96599960 38.38600159 477.29000854
10.96599960 37.74900055 477.29000854
10.96599960 37.11299896 477.29000854
10.96599960 36.47800064 477.29000854
10.96599960 35.84099960 477.29000854
10.96599960 35.20500183 477.29000854
10.96599960 34.56999969 477.29998779
10.96700001 33.93500137 477.29998779
10.96700001 33.29899979 477.29998779
10.96700001 32.66299820 477.30999756
10.96700001 32.02799988 477.30999756
10.96700001 31.39200020 477.30999756
10.96700001 30.75600052 477.32000732
10.96700001 30.12000084 477.32000732
10.96700001 29.48399925 477.32000732
10.96700001 28.84900093 477.32000732
10.96700001 28.21400070 477.32000732
10.96700001 27.57799911 477.32000732
10.96700001 26.94199944 477.32000732
10.96700001 26.30599976 477.32000732
10.96700001 25.67000008 477.32000732
10.96700001 25.03300095 477.32000732
10.96700001 24.39800072 477.32000732
10.96700001 23.76199913 477.32000732
10.96700001 23.12599945 477.32000732
10.96700001 22.49099922 477.32998657
10.96700001 21.85499954 477.32998657
10.96700001 21.21999931 477.33999634
10.96700001 20.58499908 477.32998657
10.96700001 19.94899940 477.32998657
10.96700001 19.31200027 477.32000732
10.96700001 18.67600060 477.32000732
10.96700001 18.04100037 477.32000732
10.96700001 17.40399933 477.32000732
10.96700001 16.76799965 477.32998657
10.96700001 16.13299942 477.33999634
10.96800041 15.49800014 477.35000610
10.96800041 14.86200047 477.33999634
10.96800041 14.22700024 477.35000610
10.96700001 13.59000015 477.33999634
10.96700001 12.95400047 477.32998657
10.96700001 12.31799984 477.33999634
10.96700001 11.68299961 477.32998657
10.96700001 11.04699993 477.32998657
10.96700001 6.59709978 477.32000732
10.96700001 5.96080017 477.32000732
10.96700001 5.32480001 477.32998657
10.96700001 4.68839979 477.32000732
10.96700001 4.05259991 477.32000732
10.96700001 3.41580009 477.32000732
10.96700001 2.77979994 477.32000732
10.96700001 2.14540005 477.32998657
10.96700001 1.51010001 477.32000732
10.96700001 0.87518001 477.30999756
10.96700001 0.23839000 477.29998779
10.96700001 -0.39730000 477.29998779
10.96700001 -1.03279996 477.29998779
10.96700001 -1.66820002 477.29998779
10.96700001 -2.30369997 477.30999756
10.96700001 -2.93980002 477.29998779
10.96700001 -3.57529998 477.29998779
10.96700001 -4.21260023 477.30999756
10.96700001 -4.84849977 477.30999756
10.96700001 -5.48330021 477.29998779
10.96700001 -6.11829996 477.29998779
10.96599960 -6.75419998 477.29000854
10.96599960 -7.39099979 477.27999878
10.96599960 -8.02670002 477.27999878
10.96599960 -8.66209984 477.27999878
10.96599960 -9.29749966 477.27999878
10.96599960 -9.93350029 477.27999878
10.96599960 -10.56900024 477.27999878
10.96599960 -11.20499992 477.27999878
10.96599960 -11.84000015 477.27999878
10.96599960 -12.47599983 477.27999878
10.96599960 -13.10999966 477.27999878
10.96599960 -13.74699974 477.26998901
10.96599960 -14.38099957 477.26998901
10.96599960 -15.01599979 477.26000977
10.96599960 -16.28800011 477.26000977
10.96599960 -16.92399979 477.26000977
10.96599960 -17.55999947 477.26000977
10.96599960 -18.19499969 477.25000000
10.96500015 -18.83099937 477.25000000
10.96500015 -19.46599960 477.25000000
10.96599960 -20.10199928 477.26000977
10.96599960 -20.73800087 477.25000000
10.96599960 -21.37199974 477.25000000
10.96500015 -22.00799942 477.25000000
10.96500015 -22.64299965 477.23999023
10.96500015 -23.27700043 477.23001099
10.96500015 -23.91200066 477.22000122
10.96500015 -24.54800034 477.22000122
10.96500015 -25.18499947 477.23001099
10.96500015 -25.81900024 477.22000122
10.96500015 -26.45400047 477.22000122
10.96500015 -27.08900070 477.20999146
10.96500015 -27.72500038 477.20999146
10.96500015 -28.36100006 477.20999146
10.96500015 -28.99699974 477.22000122
10.96500015 -29.63199997 477.22000122
10.96399975 -30.26700020 477.20001221
10.96399975 -31.53800011 477.20001221
10.96399975 -32.17399979 477.20001221
10.96399975 -32.80899811 477.20001221
10.96399975 -33.44400024 477.20001221
10.96399975 -34.07899857 477.19000244
10.96399975 -34.71300125 477.17999268
10.96399975 -35.34700012 477.17001343
10.96399975 -35.98199844 477.16000366
10.96399975 -36.61899948 477.17001343
10.96399975 -37.25500107 477.17001343
10.96399975 -37.88899994 477.17001343
10.96399975 -38.52399826 477.17001343
10.96300030 -39.15800095 477.16000366
10.96300030 -39.79399872 477.16000366
10.96300030 -40.43000031 477.16000366
10.96300030 -41.06499863 477.14999390
10.96300030 -41.70000076 477.14999390
10.96300030 -42.33499908 477.14999390
10.96300030 -42.97100067 477.14999390
10.96300030 -43.60599899 477.14001465
10.96300030 -44.24100113 477.14001465
10.96300030 -44.87400055 477.13000488
10.96300030 -45.50899887 477.11999512
10.96199989 -46.14400101 477.11999512
10.96199989 -48.68299866 477.10000610
10.96199989 -49.31800079 477.10000610
10.96199989 -49.95299911 477.08999634
11.60000038 -49.96599960 477.22000122
11.60000038 -49.33000183 477.22000122
11.60000038 -48.69599915 477.22000122
11.60000038 -48.06000137 477.22000122
11.60000038 -46.79100037 477.23001099
11.60000038 -46.15599823 477.23999023
11.60099983 -45.52099991 477.25000000
11.60099983 -44.88499832 477.25000000
11.60099983 -44.25199890 477.26000977
11.60099983 -43.61700058 477.26000977
11.60099983 -42.98199844 477.26998901
11.60099983 -42.34500122 477.26998901
11.60099983 -41.71099854 477.26998901
11.60099983 -41.07600021 477.27999878
11.60099983 -40.44100189 477.27999878
11.60099983 -39.80500031 477.27999878
11.60099983 -39.16899872 477.27999878
11.60200024 -38.53400040 477.29000854
11.60200024 -37.89899826 477.29000854
11.60200024 -37.26399994 477.29000854
11.60200024 -36.62799835 477.29000854
11.60200024 -35.99200058 477.29000854
11.60200024 -35.35599899 477.29998779
11.60200024 -34.72200012 477.30999756
11.60200024 -34.08800125 477.32000732
11.60200024 -33.45299911 477.32000732
11.60299969 -32.81800079 477.32998657
11.60200024 -32.18199921 477.32000732
11.60299969 -31.54599953 477.32998657
11.60299969 -30.27400017 477.32998657
11.60299969 -29.63999939 477.33999634
11.60299969 -29.00499916 477.35000610
11.60299969 -28.36899948 477.35000610
11.60299969 -27.73299980 477.33999634
11.60299969 -27.09700012 477.33999634
11.60299969 -26.46199989 477.35000610
11.60299969 -25.82600021 477.33999634
11.60299969 -25.19099998 477.35000610
11.60299969 -24.55400085 477.35000610
11.60299969 -23.91900063 477.35000610
11.60299969 -23.28300095 477.35000610
11.60299969 -22.64800072 477.35998535
11.60400009 -22.01300049 477.36999512
11.60400009 -21.37800026 477.36999512
11.60400009 -20.74300003 477.38000488
11.60400009 -20.10700035 477.38000488
11.60400009 -19.47100067 477.36999512
11.60400009 -18.83600044 477.36999512
11.60400009 -18.19899940 477.38000488
11.60400009 -17.56399918 477.39001465
11.60400009 -16.92900085 477.39999390
11.60400009 -16.29299927 477.39001465
11.60400009 -15.65699959 477.38000488
11.60400009 -15.02000046 477.39001465
11.60400009 -14.38500023 477.39001465
11.60400009 -13.75000000 477.39999390
11.60400009 -13.11400032 477.39999390
11.60400009 -12.47900009 477.39999390
11.60400009 -11.84200001 477.39999390
11.60400009 -11.20699978 477.39999390
11.60400009 -10.57100010 477.39999390
11.60400009 -9.93560028 477.39999390
11.60400009 -9.29979992 477.39999390
11.60400009 -8.66450024 477.41000366
11.60400009 -8.02880001 477.41000366
11.60499954 -7.39289999 477.41000366
11.60499954 -6.75549984 477.42001343
11.60499954 -6.11990023 477.42001343
11.60499954 -5.48449993 477.42999268
11.60499954 -4.84980011 477.42999268
11.60499954 -4.21390009 477.42999268
11.60499954 -3.57629991 477.42999268
11.60499954 -2.94039989 477.42999268
11.60499954 -2.30419993 477.42999268
11.60499954 -1.66859996 477.42999268
11.60499954 -1.03299999 477.42999268
11.60499954 -0.39739999 477.42999268
11.60499954 0.23867001 477.42999268
11.60499954 0.87563002 477.44000244
11.60499954 1.51059997 477.44000244
11.60499954 2.14619994 477.45001221
11.60499954 2.78069997 477.44000244
11.60499954 3.41689992 477.44000244
11.60499954 4.05340004 477.44000244
11.60499954 4.68940020 477.44000244
11.60499954 5.32609987 477.44000244
11.60499954 5.96220016 477.45001221
11.60499954 6.59870005 477.45001221
11.60599995 11.04899979 477.45001221
11.60599995 11.68500042 477.45999146
11.60599995 12.32100010 477.45999146
11.60499954 12.95699978 477.45001221
11.60599995 13.59300041 477.45999146
11.60599995 14.22999954 477.45999146
11.60599995 14.86600018 477.47000122
11.60599995 15.50199986 477.47000122
11.60599995 16.13699913 477.45999146
11.60499954 16.77300072 477.45001221
11.60499954 17.40900040 477.45001221
11.60499954 18.04500008 477.45001221
11.60499954 18.68099976 477.45001221
11.60499954 19.31699944 477.45001221
11.60499954 19.95400047 477.45001221
11.60499954 20.58900070 477.45999146
11.60599995 21.22500038 477.45999146
11.60499954 21.86100006 477.45001221
11.60499954 22.49600029 477.45001221
11.60499954 23.13199997 477.45001221
11.60499954 23.76799965 477.44000244
11.60499954 24.40399933 477.44000244
11.60499954 25.04000092 477.44000244
11.60499954 25.67700005 477.44000244
11.60499954 26.31299973 477.45001221
11.60499954 26.94899940 477.45001221
11.60499954 27.58600044 477.45999146
11.60599995 28.22100067 477.45999146
11.60499954 28.85700035 477.45001221
11.60499954 29.49200058 477.44000244
11.60499954 30.12800026 477.44000244
11.60499954 30.76399994 477.44000244
11.60499954 31.39999962 477.44000244
11.60499954 32.03599930 477.44000244
11.60499954 32.67200089 477.44000244
11.60499954 33.30799866 477.42999268
11.60499954 33.94400024 477.42999268
11.60499954 34.57899857 477.42001343
11.60499954 35.21500015 477.42001343
11.60400009 35.84999847 477.41000366
11.60400009 36.48799896 477.42001343
11.60400009 37.12300110 477.41000366
11.60499954 37.75999832 477.42001343
11.60499954 38.39599991 477.42001343
11.60400009 39.03200150 477.41000366
11.60400009 39.66600037 477.39999390
11.60400009 40.30099869 477.39999390
11.60400009 40.93600082 477.39001465
11.60400009 41.57199860 477.39001465
11.60400009 42.20800018 477.39001465
11.60400009 42.84400177 477.38000488
11.60400009 43.47999954 477.38000488
11.60299969 44.11500168 477.36999512
11.60299969 44.75000000 477.36999512
11.60299969 45.38600159 477.35998535
11.60299969 46.02099991 477.35998535
12.24100018 46.03300095 477.48001099
12.24199963 45.39699936 477.48001099
12.24199963 44.76100159 477.48999023
12.24199963 44.12599945 477.50000000
12.24199963 43.49100113 477.50000000
12.24199963 42.85499954 477.50000000
12.24199963 42.21900177 477.51000977
12.24199963 41.58300018 477.51000977
12.24199963 40.94699860 477.51000977
12.24199963 40.31100082 477.51998901
12.24300003 39.67599869 477.51998901
12.24300003 39.04000092 477.52999878
12.24300003 38.40499878 477.54000854
12.24300003 37.77000046 477.54998779
12.24300003 37.13399887 477.54000854
12.24300003 36.49700165 477.54000854
12.24300003 35.86000061 477.54000854
12.24300003 35.22399902 477.54000854
12.24300003 34.58800125 477.54998779
12.24300003 33.95299911 477.54998779
12.24400043 33.31700134 477.55999756
12.24400043 32.68099976 477.55999756
12.24400043 32.04499817 477.55999756
12.24400043 31.40900040 477.57000732
12.24400043 30.77300072 477.57000732
12.24400043 30.13699913 477.57000732
12.24400043 29.50000000 477.57000732
12.24400043 28.86400032 477.57998657
12.24400043 28.22800064 477.57000732
12.24400043 27.59199905 477.57000732
12.24400043 26.95599937 477.57998657
12.24400043 26.31999969 477.57000732
12.24400043 25.68300056 477.57000732
12.24400043 25.04700089 477.57000732
12.24400043 24.41099930 477.57000732
12.24400043 23.77499962 477.57000732
12.24400043 23.13899994 477.57000732
12.24400043 22.50200081 477.57000732
12.24400043 21.86599922 477.57998657
12.24400043 21.23100090 477.58999634
12.24400043 20.59499931 477.58999634
12.24400043 19.95899963 477.57998657
12.24400043 19.32200050 477.57998657
12.24400043 18.04999924 477.57000732
12.24400043 16.77799988 477.57000732
12.24400043 16.14200020 477.57998657
12.24400043 15.50599957 477.58999634
12.24400043 14.86999989 477.58999634
12.24400043 14.23400021 477.57998657
12.24400043 13.59700012 477.57998657
12.24400043 12.96000004 477.57998657
12.24400043 12.32400036 477.57998657
12.24400043 11.68799973 477.57998657
12.24400043 11.05200005 477.57998657
12.24400043 10.41600037 477.57000732
12.24400043 9.77999973 477.57000732
12.24400043 9.14400005 477.57000732
12.24400043 8.50839996 477.57000732
12.24400043 6.60039997 477.57998657
12.24400043 5.96420002 477.57998657
12.24400043 5.32810020 477.57000732
12.24400043 4.69110012 477.57000732
12.24400043 3.41810012 477.55999756
12.24400043 2.78139997 477.55999756
12.24400043 2.14549994 477.57000732
12.24400043 1.51040006 477.57000732
12.24400043 0.87503999 477.57000732
12.24400043 0.23862000 477.55999756
12.24400043 -0.39750001 477.55999756
12.24400043 -1.03340006 477.57000732
12.24400043 -1.66910005 477.55999756
12.24400043 -2.30469990 477.55999756
12.24300003 -2.94129992 477.54998779
12.24300003 -3.57739997 477.54998779
12.24300003 -4.21460009 477.54998779
12.24300003 -4.85099983 477.54998779
12.24300003 -5.48640013 477.54000854
12.24300003 -6.12200022 477.54000854
12.24300003 -6.75759983 477.54000854
12.24300003 -7.39480019 477.52999878
12.24300003 -8.03079987 477.52999878
12.24300003 -8.66699982 477.52999878
12.24300003 -9.30249977 477.52999878
12.24300003 -9.93840027 477.54000854
12.24300003 -10.57400036 477.54000854
12.24300003 -11.20899963 477.52999878
12.24300003 -11.84500027 477.52999878
12.24300003 -12.48200035 477.51998901
12.24300003 -13.11800003 477.52999878
12.24300003 -13.75399971 477.52999878
12.24300003 -14.38899994 477.51998901
12.24300003 -15.02400017 477.51998901
12.24300003 -15.66199970 477.51998901
12.24300003 -16.29800034 477.51998901
12.24300003 -16.93400002 477.51998901
12.24199963 -17.56900024 477.51000977
12.24199963 -18.20299911 477.50000000
12.24199963 -18.84000015 477.48999023
12.24199963 -19.47500038 477.48999023
12.24199963 -20.11199951 477.50000000
12.24199963 -20.74699974 477.50000000
12.24199963 -21.38299942 477.50000000
12.24199963 -22.01799965 477.48999023
12.24199963 -22.65299988 477.48001099
12.24100018 -23.28899956 477.47000122
12.24100018 -25.19700050 477.47000122
12.24100018 -25.83300018 477.47000122
12.24100018 -26.46899986 477.47000122
12.24100018 -27.10600090 477.47000122
12.24100018 -27.73999977 477.47000122
12.24199963 -28.37599945 477.47000122
12.24199963 -29.01199913 477.48001099
12.24100018 -29.64699936 477.47000122
12.24100018 -30.28300095 477.45999146
12.24100018 -31.55400085 477.45999146
12.24100018 -32.18999863 477.45001221
12.24100018 -32.82500076 477.45001221
12.24100018 -33.46099854 477.45001221
12.24100018 -34.09600067 477.44000244
12.24100018 -34.73099899 477.44000244
12.23999977 -35.36600113 477.42999268
12.23999977 -36.00199890 477.42999268
12.23999977 -36.63899994 477.42001343
12.23999977 -37.27399826 477.42001343
12.23999977 -37.90900040 477.42001343
12.23999977 -38.54399872 477.42001343
12.23999977 -39.17900085 477.41000366
12.23999977 -39.81600189 477.41000366
12.23999977 -40.45000076 477.41000366
12.23999977 -41.08700180 477.39999390
12.23999977 -41.72100067 477.39999390
12.23999977 -42.35699844 477.39999390
12.23999977 -42.99399948 477.39999390
12.23900032 -43.62799835 477.39001465
12.23900032 -44.26300049 477.38000488
12.23900032 -44.89799881 477.38000488
12.23900032 -45.53300095 477.38000488
12.23900032 -46.16899872 477.36999512
12.23900032 -47.43799973 477.35998535
12.23799992 -48.07300186 477.35000610
12.23799992 -49.34400177 477.33999634
12.23799992 -49.97900009 477.33999634
12.87699986 -49.99300003 477.47000122
12.87699986 -49.35699844 477.48001099
12.87699986 -48.72200012 477.48001099
12.87699986 -48.08599854 477.48001099
12.87699986 -47.45100021 477.48001099
12.87699986 -46.81499863 477.48999023
12.87800026 -46.18099976 477.50000000
12.87800026 -45.54499817 477.50000000
12.87800026 -44.90999985 477.50000000
12.87800026 -44.27399826 477.50000000
12.87800026 -43.63899994 477.50000000
12.87800026 -43.00299835 477.51000977
12.87800026 -42.36800003 477.51998901
12.87800026 -41.73199844 477.51998901
12.87800026 -41.09700012 477.51998901
12.87800026 -40.45999908 477.52999878
12.87800026 -39.82600021 477.52999878
12.87899971 -39.18899918 477.54000854
12.87899971 -38.55400085 477.54000854
12.87899971 -37.91799927 477.54998779
12.87899971 -37.28400040 477.54998779
12.87899971 -36.64899826 477.55999756
12.87899971 -36.01200104 477.55999756
12.87899971 -35.37599945 477.55999756
12.87899971 -34.73899841 477.55999756
12.87899971 -34.10499954 477.55999756
12.87899971 -33.47000122 477.57000732
12.88000011 -32.83399963 477.57000732
12.88000011 -32.19800186 477.57000732
12.88000011 -31.56200027 477.57998657
12.88000011 -30.29000092 477.57998657
12.88000011 -29.65399933 477.58999634
12.88000011 -29.01899910 477.60000610
12.88000011 -28.38299942 477.60000610
12.88000011 -27.74699974 477.60000610
12.88000011 -27.11199951 477.58999634
12.88000011 -26.47500038 477.60000610
12.88000011 -25.84000015 477.60000610
12.88000011 -25.20499992 477.60000610
12.88000011 -24.56800079 477.60000610
12.88000011 -23.93099976 477.60000610
12.88000011 -23.29599953 477.60000610
12.88000011 -22.65900040 477.60000610
12.88099957 -22.02300072 477.60998535
12.88099957 -21.38800049 477.60998535
12.88099957 -20.75200081 477.61999512
12.88099957 -20.11700058 477.60998535
12.88099957 -19.48100090 477.61999512
12.88099957 -18.84499931 477.61999512
12.88099957 -18.20800018 477.61999512
12.88099957 -17.57299995 477.63000488
12.88199997 -16.93799973 477.64001465
12.88199997 -16.30200005 477.64999390
12.88199997 -15.66699982 477.64999390
12.88199997 -15.02900028 477.64999390
12.88199997 -14.39400005 477.64999390
12.88199997 -13.75699997 477.64999390
12.88199997 -13.12100029 477.64999390
12.88199997 -12.48400021 477.64999390
12.88199997 -11.84799957 477.64999390
12.88199997 -11.21199989 477.64999390
12.88199997 -10.57699966 477.66000366
12.88199997 -9.94069958 477.66000366
12.88199997 -9.30449963 477.66000366
12.88199997 -8.66870022 477.64999390
12.88199997 -8.03269958 477.66000366
12.88199997 -7.39639997 477.67001343
12.88199997 -6.75979996 477.67001343
12.88199997 -6.12400007 477.67001343
12.88199997 -5.48820019 477.67001343
12.88199997 -4.85150003 477.67001343
12.88199997 -4.21490002 477.67001343
12.88199997 -3.57820010 477.67001343
12.88199997 -2.94190001 477.67001343
12.88199997 -2.30530000 477.67999268
12.88300037 -1.66949999 477.69000244
12.88300037 -1.03359997 477.69000244
12.88300037 -0.39721000 477.69000244
12.88300037 0.23864000 477.69000244
12.88300037 0.87445003 477.70001221
12.88300037 1.51049995 477.70001221
12.88300037 2.14590001 477.69000244
12.88300037 2.78270006 477.69000244
12.88300037 3.41919994 477.69000244
12.88300037 4.05590010 477.69000244
12.88300037 4.69250011 477.70001221
12.88300037 5.32940006 477.70001221
12.88300037 5.96570015 477.70001221
12.88300037 6.60190010 477.70001221
12.88300037 8.51019955 477.70001221
12.88300037 9.14620018 477.70001221
12.88300037 9.78230000 477.70999146
12.88300037 10.41800022 477.70001221
12.88300037 11.05500031 477.70001221
12.88300037 11.69099998 477.70001221
12.88300037 12.32699966 477.70001221
12.88300037 12.96399975 477.70999146
12.88300037 13.60099983 477.70999146
12.88300037 14.23900032 477.72000122
12.88399982 14.87500000 477.73001099
12.88399982 15.51099968 477.73001099
12.88300037 16.14599991 477.72000122
12.88300037 16.78199959 477.70999146
12.88300037 18.05400085 477.69000244
12.88300037 18.69099998 477.70001221
12.88300037 19.32699966 477.70001221
12.88300037 19.96400070 477.70999146
12.88300037 20.60000038 477.70999146
12.88300037 21.23600006 477.70999146
12.88300037 21.87199974 477.70999146
12.88300037 22.50900078 477.70001221
12.88300037 23.14500046 477.70001221
12.88300037 23.78199959 477.69000244
12.88300037 24.41799927 477.69000244
12.88300037 25.05400085 477.69000244
12.88300037 25.69000053 477.69000244
12.88300037 26.32600021 477.70001221
12.88300037 26.96299934 477.70001221
12.88300037 27.59900093 477.70001221
12.88300037 28.23600006 477.70001221
12.88300037 28.87199974 477.70001221
12.88300037 29.50799942 477.70001221
12.88300037 30.14399910 477.70001221
12.88300037 30.78000069 477.69000244
12.88199997 31.41699982 477.69000244
12.88199997 32.05300140 477.67999268
12.88199997 32.68999863 477.67999268
12.88199997 33.32600021 477.67999268
12.88199997 33.96200180 477.67999268
12.88199997 34.59700012 477.67001343
12.88199997 35.23300171 477.66000366
12.88199997 35.86899948 477.66000366
12.88199997 36.50699997 477.67001343
12.88199997 37.14300156 477.67001343
12.88199997 37.77899933 477.67001343
12.88199997 38.41500092 477.66000366
12.88199997 39.04899979 477.64999390
12.88099957 39.68600082 477.64999390
12.88099957 40.32099915 477.64001465
12.88099957 40.95800018 477.64001465
12.88099957 41.59400177 477.64001465
12.88099957 42.22999954 477.64001465
12.88099957 42.86700058 477.64001465
12.88099957 43.50199890 477.63000488
12.88099957 44.13800049 477.61999512
12.88000011 44.77299881 477.60998535
12.88000011 45.40900040 477.60998535
12.88000011 46.04499817 477.60998535
13.51900005 46.05699921 477.73001099
13.52000046 45.42100143 477.73001099
13.52000046 44.78499985 477.73999023
13.52000046 44.15000153 477.75000000
13.52000046 43.51300049 477.75000000
13.52000046 42.87799835 477.76000977
13.52000046 42.24100113 477.76000977
13.52000046 41.60499954 477.76000977
13.52000046 40.96900177 477.76998901
13.52000046 40.33200073 477.76998901
13.52099991 39.69599915 477.76998901
13.52099991 39.06000137 477.77999878
13.52099991 38.42399979 477.77999878
13.52099991 37.78799820 477.77999878
13.52099991 37.15200043 477.79000854
13.52099991 36.51499939 477.79000854
13.52099991 35.87799835 477.79000854
13.52099991 35.24200058 477.79000854
13.52099991 34.60599899 477.79000854
13.52099991 33.97000122 477.79998779
13.52200031 33.33399963 477.80999756
13.52200031 32.69800186 477.80999756
13.52200031 32.06100082 477.80999756
13.52200031 31.42600060 477.82000732
13.52200031 30.78899956 477.82000732
13.52200031 30.15299988 477.82998657
13.52200031 29.51700020 477.82998657
13.52200031 28.87999916 477.82998657
13.52200031 28.24399948 477.82998657
13.52200031 27.60600090 477.82998657
13.52200031 26.96999931 477.82998657
13.52200031 26.33300018 477.82000732
13.52200031 25.69599915 477.82000732
13.52200031 25.05999947 477.82000732
13.52200031 24.42399979 477.82000732
13.52200031 23.78800011 477.82000732
13.52200031 23.15200043 477.82000732
13.52200031 22.51499939 477.82000732
13.52200031 21.87800026 477.82998657
13.52299976 21.24200058 477.83999634
13.52299976 20.60600090 477.85000610
13.52299976 19.96999931 477.83999634
13.52200031 19.33300018 477.82998657
13.52200031 18.69599915 477.82998657
13.52200031 18.05900002 477.82000732
13.52200031 17.42300034 477.82998657
13.52200031 16.78599930 477.82998657
13.52299976 16.14999962 477.83999634
13.52299976 15.51500034 477.85000610
13.52299976 14.87800026 477.85000610
13.52299976 14.24199963 477.85000610
13.52299976 13.60499954 477.83999634
13.52200031 12.96800041 477.82998657
13.52200031 12.33199978 477.82998657
13.52200031 11.69299984 477.82998657
13.52200031 11.05799961 477.82998657
13.52299976 10.42199993 477.83999634
13.52299976 9.78540039 477.83999634
13.52200031 9.14869976 477.82998657
13.52200031 8.51210022 477.82998657
13.52200031 7.87599993 477.82000732
13.52200031 6.60330009 477.82000732
13.52200031 5.96729994 477.82000732
13.52200031 5.33090019 477.82000732
13.52200031 4.69379997 477.82000732
13.52200031 4.05719995 477.82000732
13.52200031 3.42030001 477.82000732
13.52200031 2.78349996 477.82000732
13.52200031 2.14720011 477.82998657
13.52200031 1.51069999 477.82000732
13.52200031 0.87480003 477.82000732
13.52200031 0.23875999 477.82000732
13.52200031 -0.39735001 477.82000732
13.52200031 -1.03400004 477.82000732
13.52200031 -1.66980004 477.82000732
13.52200031 -2.30570006 477.80999756
13.52099991 -2.94239998 477.79998779
13.52099991 -5.49009991 477.79000854
13.52200031 -6.12610006 477.79998779
13.52200031 -6.76210022 477.79998779
13.52099991 -7.39809990 477.79000854
13.52099991 -8.03460026 477.77999878
13.52099991 -8.67059994 477.76998901
13.52099991 -9.30669975 477.77999878
13.52099991 -9.94330025 477.79000854
13.52099991 -10.57999992 477.79000854
13.52099991 -11.21500015 477.77999878
13.52099991 -11.85099983 477.77999878
13.52099991 -12.48799992 477.77999878
13.52099991 -13.12500000 477.76998901
13.52099991 -13.76099968 477.76998901
13.52099991 -14.39799976 477.76998901
13.52099991 -15.03299999 477.76998901
13.52099991 -15.67000008 477.76998901
13.52099991 -16.30599976 477.76998901
13.52000046 -16.94199944 477.76000977
13.52000046 -17.57699966 477.75000000
13.52000046 -18.21299934 477.75000000
13.52000046 -18.85000038 477.75000000
13.52000046 -19.48600006 477.75000000
13.52000046 -20.12199974 477.75000000
13.52000046 -20.75799942 477.75000000
13.52000046 -21.39299965 477.73999023
13.52000046 -22.03000069 477.73001099
13.52000046 -22.66600037 477.73001099
13.51900005 -23.30200005 477.72000122
13.51900005 -23.93799973 477.72000122
13.51900005 -24.57500076 477.73001099
13.52000046 -25.21100044 477.73001099
13.51900005 -25.84600067 477.72000122
13.51900005 -26.48100090 477.72000122
13.51900005 -27.11700058 477.70999146
13.51900005 -27.75399971 477.70999146
13.51900005 -28.39100075 477.72000122
13.51900005 -29.02700043 477.72000122
13.51900005 -29.66200066 477.72000122
13.51900005 -30.29800034 477.70999146
13.51900005 -30.93400002 477.70001221
13.51900005 -31.56999969 477.70001221
13.51900005 -32.20600128 477.69000244
13.51799965 -32.84199905 477.69000244
13.51799965 -33.47800064 477.67999268
13.51799965 -34.11299896 477.67999268
13.51799965 -34.74800110 477.67999268
13.51799965 -35.38499832 477.67999268
13.51799965 -36.02000046 477.67999268
13.51799965 -36.65800095 477.67999268
13.51799965 -37.29199982 477.67001343
13.51799965 -37.92699814 477.66000366
13.51700020 -38.56299973 477.64999390
13.51700020 -39.19900131 477.66000366
13.51700020 -39.83499908 477.64999390
13.51700020 -40.47100067 477.64999390
13.51700020 -41.10699844 477.64999390
13.51700020 -41.74300003 477.64999390
13.51700020 -42.37900162 477.64999390
13.51700020 -43.01499939 477.64001465
13.51700020 -43.65100098 477.64001465
13.51700020 -44.28699875 477.64001465
13.51700020 -44.92200089 477.64001465
13.51700020 -45.55699921 477.63000488
13.51700020 -46.19200134 477.61999512
13.51599979 -48.09799957 477.60000610
13.51599979 -48.73400116 477.60000610
13.51599979 -49.36999893 477.60000610
13.51599979 -50.00600052 477.60000610
14.15499973 -49.38399887 477.73001099
14.15499973 -48.74800110 477.73001099
14.15499973 -48.11100006 477.73001099
14.15600014 -47.47600174 477.73999023
14.15600014 -46.84000015 477.73999023
14.15600014 -46.20500183 477.75000000
14.15600014 -45.56900024 477.75000000
14.15600014 -44.93299866 477.76000977
14.15600014 -44.29700089 477.76000977
14.15600014 -43.66199875 477.76998901
14.15699959 -43.02600098 477.76998901
14.15699959 -42.39099884 477.77999878
14.15699959 -41.75500107 477.77999878
14.15699959 -41.11899948 477.77999878
14.15699959 -40.48099899 477.76998901
14.15699959 -39.84600067 477.77999878
14.15699959 -39.20999908 477.77999878
14.15699959 -38.57300186 477.77999878
14.15699959 -37.93700027 477.77999878
14.15699959 -37.30099869 477.79000854
14.15799999 -36.66600037 477.79998779
14.15799999 -36.03099823 477.79998779
14.15699959 -35.39400101 477.79998779
14.15799999 -34.75799942 477.79998779
14.15699959 -34.12099838 477.79998779
14.15699959 -33.48500061 477.79998779
14.15799999 -32.84999847 477.80999756
14.15799999 -32.21400070 477.80999756
14.15799999 -31.57799911 477.82000732
14.15799999 -30.94300079 477.82998657
14.15799999 -30.30599976 477.83999634
14.15900040 -29.67000008 477.83999634
14.15900040 -29.03400040 477.83999634
14.15900040 -28.39800072 477.83999634
14.15799999 -27.76099968 477.82998657
14.15799999 -27.12400055 477.82998657
14.15900040 -26.48800087 477.83999634
14.15900040 -25.85199928 477.83999634
14.15900040 -25.21699905 477.85000610
14.15900040 -24.58099937 477.85000610
14.15900040 -23.94400024 477.83999634
14.15900040 -23.30900002 477.85000610
14.15900040 -21.39900017 477.85998535
14.15900040 -20.76300049 477.86999512
14.15999985 -20.12700081 477.86999512
14.15999985 -19.49099922 477.86999512
14.15999985 -18.85499954 477.88000488
14.15999985 -18.21800041 477.88000488
14.15999985 -17.58200073 477.88000488
14.15999985 -16.94599915 477.89001465
14.15999985 -16.30999947 477.89001465
14.15999985 -15.67399979 477.89001465
14.15999985 -15.03699970 477.89001465
14.15999985 -14.40200043 477.89001465
14.15999985 -13.76500034 477.89001465
14.15999985 -13.12800026 477.89999390
14.15999985 -12.49199963 477.89999390
14.16100025 -11.85499954 477.91000366
14.16100025 -11.21800041 477.91000366
14.16100025 -10.58199978 477.91000366
14.16100025 -9.94540024 477.91000366
14.16100025 -9.30869961 477.91000366
14.16100025 -8.67300034 477.91000366
14.16100025 -8.03660011 477.91000366
14.16100025 -7.40019989 477.92001343
14.16100025 -6.76380014 477.92001343
14.16100025 -6.12739992 477.92001343
14.16100025 -5.49130011 477.92001343
14.16100025 -2.94320011 477.92001343
14.16100025 -2.30660009 477.92999268
14.16100025 -1.67040002 477.94000244
14.16199970 -1.03450000 477.94000244
14.16100025 -0.39767000 477.94000244
14.16100025 0.23881000 477.94000244
14.16199970 0.87500000 477.94000244
14.16100025 1.51110005 477.94000244
14.16199970 2.14870000 477.95001221
14.16199970 2.78480005 477.95001221
14.16199970 3.42120004 477.95001221
14.16199970 4.05800009 477.95001221
14.16199970 4.69490004 477.95001221
14.16199970 5.33220005 477.94000244
14.16199970 5.96890020 477.95001221
14.16199970 6.60510015 477.95001221
14.16199970 7.24130011 477.95001221
14.16199970 7.87779999 477.95001221
14.16199970 8.51379967 477.95001221
14.16199970 9.15159988 477.95999146
14.16199970 9.78820038 477.97000122
14.16199970 10.42500019 477.97000122
14.16199970 11.06099987 477.95999146
14.16199970 11.69600010 477.95999146
14.16199970 12.33500004 477.95001221
14.16199970 12.97200012 477.95999146
14.16199970 13.60900021 477.97000122
14.16199970 14.24600029 477.97000122
14.16199970 14.88199997 477.97000122
14.16199970 15.51799965 477.97000122
14.16199970 16.15500069 477.95999146
14.16199970 16.79000092 477.95999146
14.16199970 17.42700005 477.95001221
14.16199970 18.06399918 477.94000244
14.16199970 18.70100021 477.95001221
14.16199970 19.33799934 477.95001221
14.16199970 19.97500038 477.97000122
14.16199970 20.61100006 477.97000122
14.16199970 21.24799919 477.95999146
14.16199970 21.88400078 477.95001221
14.16199970 22.52099991 477.95001221
14.16199970 23.15800095 477.95001221
14.16199970 23.79500008 477.95999146
14.16199970 24.43000031 477.95001221
14.16199970 25.06599998 477.95001221
14.16199970 25.70199966 477.94000244
14.16199970 26.33900070 477.95001221
14.16199970 26.97599983 477.95001221
14.16199970 27.61300087 477.95001221
14.16199970 28.25099945 477.95001221
14.16199970 28.88800049 477.95001221
14.16199970 29.52599907 477.95999146
14.16199970 30.16200066 477.95999146
14.16199970 30.79800034 477.95001221
14.16199970 31.43400002 477.95001221
14.16100025 32.06900024 477.94000244
14.16100025 32.70600128 477.94000244
14.16100025 33.34299850 477.92999268
14.16100025 33.97900009 477.92999268
14.16100025 34.61500168 477.92001343
14.16100025 35.25199890 477.92001343
14.16100025 35.88800049 477.92001343
14.16100025 36.52500153 477.91000366
14.16100025 37.16199875 477.91000366
14.15999985 37.79800034 477.91000366
14.15999985 38.43399811 477.89999390
14.15999985 39.06999969 477.89999390
14.15999985 39.70700073 477.89999390
14.15999985 40.34299850 477.89999390
14.15999985 40.97999954 477.89001465
14.15999985 41.61600113 477.89001465
14.15999985 42.25199890 477.89001465
14.15999985 42.88899994 477.88000488
14.15900040 43.52399826 477.86999512
14.15900040 44.16099930 477.86999512
14.15900040 44.79600143 477.85998535
14.15900040 45.43199921 477.85000610
14.15900040 46.06800079 477.85000610
14.79899979 46.08000183 477.98001099
14.79899979 45.44400024 477.98001099
14.79899979 44.80799866 477.98999023
14.79899979 44.17300034 478.00000000
14.79899979 43.53599930 478.00000000
14.80000019 42.90000153 478.01000977
14.80000019 42.26399994 478.01000977
14.80000019 41.62799835 478.01998901
14.80000019 40.99100113 478.01998901
14.80000019 40.35400009 478.01998901
14.80000019 39.71699905 478.02999878
14.80000019 39.08100128 478.02999878
14.80000019 38.44400024 478.02999878
14.80000019 37.80799866 478.02999878
14.80000019 37.17100143 478.04000854
14.80099964 36.53499985 478.04000854
14.80099964 35.89799881 478.04000854
14.80099964 35.26100159 478.04998779
14.80099964 34.62400055 478.04998779
14.80099964 33.98799896 478.05999756
14.80099964 33.35200119 478.05999756
14.80099964 32.71500015 478.05999756
14.80099964 32.07799911 478.07000732
14.80200005 31.44300079 478.07998657
14.80200005 30.80599976 478.07998657
14.80200005 30.16900063 478.07998657
14.80200005 29.53300095 478.07998657
14.80200005 28.89500046 478.07998657
14.80200005 28.25799942 478.07998657
14.80200005 27.62100029 478.07998657
14.80200005 26.98399925 478.07998657
14.80200005 26.34700012 478.07998657
14.80200005 25.70899963 478.07000732
14.80200005 25.07299995 478.07998657
14.80200005 24.43700027 478.07998657
14.80200005 23.80100060 478.08999634
14.80200005 23.16500092 478.07998657
14.80200005 22.52700043 478.07998657
14.80200005 21.88999939 478.08999634
14.80200005 21.25300026 478.07998657
14.80200005 20.61700058 478.08999634
14.80200005 19.97999954 478.08999634
14.80200005 19.34399986 478.08999634
14.80200005 18.70700073 478.07998657
14.80200005 18.06900024 478.07998657
14.80200005 17.43199921 478.07998657
14.80200005 16.79500008 478.07998657
14.80200005 16.15900040 478.07998657
14.80200005 15.52099991 478.08999634
14.80200005 14.88500023 478.10000610
14.80200005 14.24899960 478.10000610
14.80200005 13.61200047 478.10000610
14.80200005 12.97599983 478.08999634
14.80200005 12.33899975 478.07998657
14.80200005 11.69999981 478.07998657
14.80200005 11.06299973 478.08999634
14.80200005 10.42700005 478.08999634
14.80200005 9.79100037 478.08999634
14.80200005 9.15410042 478.07998657
14.80200005 8.51580048 478.07000732
14.80200005 7.87930012 478.07998657
14.80200005 7.24300003 478.07000732
14.80200005 6.60690022 478.07998657
14.80200005 5.97049999 478.07000732
14.80200005 5.33379984 478.07000732
14.80200005 4.69619989 478.07000732
14.80200005 4.05940008 478.07998657
14.80200005 3.42249990 478.07998657
14.80200005 2.78609991 478.07998657
14.80200005 2.14919996 478.07000732
14.80099964 1.51160002 478.05999756
14.80200005 0.87511998 478.07000732
14.80099964 0.23822001 478.05999756
14.80099964 -0.39778000 478.07000732
14.80099964 -1.03460002 478.07000732
14.80099964 -1.67050004 478.07000732
14.80099964 -2.30719995 478.05999756
14.80099964 -2.94400001 478.05999756
14.80099964 -3.58100009 478.04998779
14.80099964 -5.49259996 478.04000854
14.80099964 -6.12930012 478.04000854
14.80099964 -6.76550007 478.04000854
14.80099964 -7.40250015 478.04998779
14.80099964 -8.03890038 478.04000854
14.80099964 -8.67500019 478.04000854
14.80000019 -9.31099987 478.02999878
14.80000019 -9.94750023 478.02999878
14.80000019 -10.58399963 478.02999878
14.80000019 -11.22099972 478.02999878
14.80000019 -11.85799980 478.01998901
14.80000019 -12.49499989 478.01998901
14.80000019 -13.13199997 478.01998901
14.80000019 -13.76799965 478.01000977
14.80000019 -14.40499973 478.01998901
14.80000019 -15.04100037 478.01000977
14.80000019 -15.67800045 478.01000977
14.80000019 -16.31399918 478.01000977
14.80000019 -16.95000076 478.01000977
14.80000019 -17.58600044 478.01000977
14.80000019 -18.22299957 478.00000000
14.80000019 -18.86000061 478.00000000
14.79899979 -19.49600029 478.00000000
14.79899979 -20.13199997 478.00000000
14.79899979 -20.76899910 477.98001099
14.79899979 -21.40500069 477.98001099
14.79899979 -22.67900085 477.98001099
14.79899979 -23.31500053 477.98001099
14.79899979 -23.95000076 477.98001099
14.79899979 -24.58699989 477.98001099
14.79899979 -25.22299957 477.97000122
14.79800034 -25.85799980 477.95999146
14.79800034 -26.49500084 477.95999146
14.79800034 -27.13100052 477.95999146
14.79800034 -27.76799965 477.95999146
14.79800034 -28.40500069 477.95999146
14.79800034 -29.04199982 477.95999146
14.79800034 -29.67799950 477.95999146
14.79800034 -30.31399918 477.95999146
14.79800034 -30.95000076 477.95001221
14.79800034 -31.58699989 477.95001221
14.79800034 -32.22299957 477.94000244
14.79800034 -32.85900116 477.94000244
14.79699993 -33.49399948 477.92999268
14.79699993 -34.13000107 477.92001343
14.79699993 -34.76699829 477.92999268
14.79699993 -35.40299988 477.92999268
14.79699993 -36.04000092 477.92999268
14.79699993 -36.67499924 477.92001343
14.79699993 -37.31000137 477.91000366
14.79699993 -37.94699860 477.91000366
14.79699993 -38.58399963 477.91000366
14.79599953 -39.22000122 477.89999390
14.79699993 -39.85699844 477.91000366
14.79699993 -40.49300003 477.89999390
14.79599953 -41.12900162 477.89999390
14.79599953 -41.76399994 477.89999390
14.79599953 -42.40100098 477.89999390
14.79599953 -43.03699875 477.89999390
14.79599953 -43.67300034 477.89001465
14.79599953 -44.30899811 477.89001465
14.79599953 -44.94499969 477.88000488
14.79599953 -45.58100128 477.88000488
14.79599953 -46.21599960 477.86999512
14.79500008 -46.85200119 477.86999512
14.79500008 -47.48899841 477.86999512
14.79500008 -48.12400055 477.85998535
14.79500008 -48.76100159 477.85998535
14.79500008 -49.39699936 477.85998535
15.43500042 -49.40999985 477.98001099
15.43500042 -48.77399826 477.98999023
15.43500042 -48.13700104 477.98999023
15.43500042 -47.50099945 477.98999023
15.43500042 -46.86500168 478.00000000
15.43599987 -46.22800064 478.00000000
15.43599987 -45.59299850 478.00000000
15.43599987 -44.95700073 478.01000977
15.43599987 -44.32099915 478.01998901
15.43599987 -43.68500137 478.01998901
15.43599987 -43.04800034 478.01998901
15.43599987 -42.41199875 478.02999878
15.43599987 -41.77600098 478.02999878
15.43700027 -41.13999939 478.02999878
15.43700027 -40.50400162 478.04000854
15.43700027 -39.86800003 478.04000854
15.43700027 -39.23099899 478.04000854
15.43700027 -38.59400177 478.02999878
15.43700027 -37.95700073 478.04000854
15.43700027 -37.32199860 478.04998779
15.43700027 -36.68600082 478.05999756
15.43700027 -36.04999924 478.05999756
15.43700027 -35.41299820 478.04998779
15.43700027 -34.77600098 478.04998779
15.43700027 -34.13899994 478.04998779
15.43700027 -33.50299835 478.05999756
15.43799973 -32.86700058 478.07000732
15.43799973 -32.23099899 478.07000732
15.43799973 -31.59499931 478.07998657
15.43799973 -30.95800018 478.07998657
15.43799973 -30.32200050 478.08999634
15.43900013 -29.68600082 478.08999634
15.43900013 -29.04999924 478.08999634
15.43900013 -28.41300011 478.08999634
15.43799973 -27.77499962 478.08999634
15.43799973 -27.13800049 478.08999634
15.43799973 -25.22900009 478.08999634
15.43900013 -24.59199905 478.08999634
15.43900013 -23.95599937 478.10000610
15.43900013 -23.31999969 478.10998535
15.43900013 -22.68400002 478.10000610
15.43900013 -21.40999985 478.10000610
15.43900013 -20.77400017 478.10998535
15.43999958 -20.13800049 478.11999512
15.43999958 -19.50200081 478.13000488
15.43999958 -18.86499977 478.13000488
15.43999958 -18.22800064 478.13000488
15.43999958 -17.59099960 478.13000488
15.43999958 -16.95499992 478.14001465
15.43999958 -16.31800079 478.14001465
15.43999958 -15.68099976 478.13000488
15.43999958 -15.04500008 478.13000488
15.43999958 -14.40799999 478.14001465
15.43999958 -13.77200031 478.14001465
15.43999958 -13.13500023 478.14001465
15.43999958 -12.49899960 478.14999390
15.43999958 -11.86200047 478.14999390
15.43999958 -11.22399998 478.14001465
15.43999958 -10.58600044 478.14999390
15.43999958 -9.94950008 478.14999390
15.44099998 -9.31289959 478.16000366
15.44099998 -8.67720032 478.17001343
15.44099998 -8.04090023 478.17001343
15.44099998 -7.40430021 478.17001343
15.44099998 -3.58189988 478.17999268
15.44099998 -2.94460011 478.17999268
15.44200039 -2.30780005 478.19000244
15.44200039 -1.67110002 478.19000244
15.44200039 -1.03480005 478.19000244
15.44200039 -0.39842999 478.19000244
15.44200039 0.23841000 478.19000244
15.44200039 0.87548000 478.19000244
15.44200039 1.51199996 478.19000244
15.44200039 2.15070009 478.20999146
15.44200039 2.78679991 478.20001221
15.44200039 3.42409992 478.20999146
15.44200039 4.06040001 478.20999146
15.44200039 4.69750023 478.20999146
15.44200039 5.33489990 478.20001221
15.44200039 5.97200012 478.20999146
15.44200039 6.60879993 478.20999146
15.44200039 7.24480009 478.20999146
15.44200039 7.88119984 478.20999146
15.44200039 8.51799965 478.20001221
15.44200039 9.15649986 478.20999146
15.44299984 9.79419994 478.22000122
15.44299984 10.43099976 478.22000122
15.44200039 11.06700039 478.20999146
15.44200039 11.70300007 478.20999146
15.44200039 12.34200001 478.20999146
15.44200039 12.97900009 478.20999146
15.44299984 13.61499977 478.22000122
15.44299984 14.25199986 478.22000122
15.44200039 14.88899994 478.22000122
15.44200039 15.52499962 478.20999146
15.44200039 16.16200066 478.20999146
15.44200039 16.79899979 478.20999146
15.44200039 17.43700027 478.20999146
15.44200039 18.07399940 478.20999146
15.44200039 18.71199989 478.20999146
15.44299984 19.34900093 478.22000122
15.44299984 19.98600006 478.22000122
15.44299984 20.62199974 478.22000122
15.44200039 21.25900078 478.20999146
15.44200039 21.89599991 478.20999146
15.44200039 22.53300095 478.20999146
15.44200039 23.17099953 478.20999146
15.44200039 23.80699921 478.22000122
15.44200039 24.44300079 478.20999146
15.44200039 25.07999992 478.20999146
15.44200039 25.71599960 478.20001221
15.44200039 26.35400009 478.20001221
15.44200039 26.99099922 478.20001221
15.44200039 27.62899971 478.20999146
15.44200039 28.26600075 478.20999146
15.44200039 28.90299988 478.20999146
15.44200039 29.54100037 478.20999146
15.44200039 30.17600060 478.20001221
15.44200039 30.81299973 478.20001221
15.44200039 31.45000076 478.19000244
15.44200039 32.08599854 478.19000244
15.44200039 32.72399902 478.19000244
15.44200039 33.36100006 478.19000244
15.44200039 33.99800110 478.19000244
15.44099998 34.63399887 478.17999268
15.44099998 35.27099991 478.17999268
15.44099998 35.90700150 478.17001343
15.44099998 36.54399872 478.17001343
15.44099998 37.18099976 478.16000366
15.44099998 37.81700134 478.16000366
15.43999958 38.45399857 478.16000366
15.43999958 39.09099960 478.14999390
15.43999958 39.72800064 478.14999390
15.43999958 40.36500168 478.14999390
15.43999958 41.00199890 478.14999390
15.43999958 41.63899994 478.14999390
15.43999958 42.27500153 478.14001465
15.43999958 42.91099930 478.13000488
15.43999958 43.54800034 478.13000488
15.43900013 44.18399811 478.11999512
15.43900013 44.81999969 478.10998535
15.43900013 45.45700073 478.10998535
15.43900013 46.09299850 478.10000610
16.07900047 46.10400009 478.22000122
16.07900047 45.46799850 478.23001099
16.07999992 44.83200073 478.23999023
16.07999992 44.19599915 478.25000000
16.07999992 43.55899811 478.26000977
16.07999992 42.92300034 478.26000977
16.08099937 42.28599930 478.26998901
16.08099937 41.65000153 478.26998901
16.08099937 41.01300049 478.26998901
16.08099937 40.37599945 478.27999878
16.08099937 39.73899841 478.27999878
16.08099937 39.10200119 478.27999878
16.08099937 38.46400070 478.27999878
16.08099937 37.82699966 478.29000854
16.08099937 37.18999863 478.29000854
16.08200073 36.55400085 478.29998779
16.08200073 35.91699982 478.29998779
16.08200073 35.28099823 478.30999756
16.08200073 34.64400101 478.30999756
16.08200073 34.00799942 478.32000732
16.08200073 33.37099838 478.32000732
16.08200073 32.73300171 478.32000732
16.08300018 32.09600067 478.32998657
16.08300018 31.45899963 478.32998657
16.08300018 30.82099915 478.32998657
16.08300018 30.18499947 478.32998657
16.08300018 29.54700089 478.32998657
16.08300018 28.91099930 478.32998657
16.08300018 28.27400017 478.32998657
16.08300018 27.63599968 478.32998657
16.08300018 26.99900055 478.32998657
16.08300018 26.36100006 478.32998657
16.08200073 25.72400093 478.32000732
16.08300018 25.08699989 478.32998657
16.08300018 24.45000076 478.32998657
16.08300018 23.81299973 478.33999634
16.08300018 23.17600060 478.33999634
16.08300018 22.53899956 478.33999634
16.08300018 21.90099907 478.33999634
16.08300018 21.26399994 478.33999634
16.08300018 20.62700081 478.33999634
16.08300018 19.98999977 478.35000610
16.08300018 19.35400009 478.33999634
16.08300018 18.71699905 478.33999634
16.08300018 18.07900047 478.33999634
16.08300018 17.44099998 478.32998657
16.08300018 16.80400085 478.33999634
16.08300018 16.16699982 478.33999634
16.08300018 15.52999973 478.33999634
16.08300018 14.89299965 478.33999634
16.08300018 14.25500011 478.33999634
16.08300018 13.61900043 478.33999634
16.08300018 12.98299980 478.35000610
16.08300018 12.34599972 478.33999634
16.08300018 11.70800018 478.33999634
16.08300018 11.06999969 478.33999634
16.08300018 10.43299961 478.33999634
16.08300018 9.79549980 478.32998657
16.08300018 9.15740013 478.32998657
16.08300018 8.52019978 478.32998657
16.08300018 7.88339996 478.33999634
16.08300018 7.24639988 478.33999634
16.08300018 6.61009979 478.33999634
16.08300018 5.97310019 478.32998657
16.08300018 5.33599997 478.32998657
16.08300018 4.69869995 478.32998657
16.08300018 4.06190014 478.32998657
16.08200073 3.42470002 478.32000732
16.08200073 2.78719997 478.32000732
16.08200073 2.15039992 478.32000732
16.08200073 1.51259995 478.32000732
16.08200073 0.87607998 478.32000732
16.08200073 0.23874000 478.32000732
16.08200073 -0.39798000 478.32000732
16.08200073 -1.03450000 478.30999756
16.08200073 -1.67120004 478.30999756
16.08200073 -2.30780005 478.30999756
16.08200073 -2.94519997 478.30999756
16.08200073 -3.58299994 478.29998779
16.08200073 -4.22060013 478.29998779
16.08099937 -7.40570021 478.29000854
16.08200073 -8.04240036 478.29000854
16.08099937 -8.67920017 478.29000854
16.08200073 -9.31659985 478.29000854
16.08099937 -9.95289993 478.29000854
16.08099937 -10.59000015 478.27999878
16.08099937 -11.22799969 478.27999878
16.08099937 -11.86400032 478.26998901
16.08099937 -12.50199986 478.26998901
16.08099937 -13.13899994 478.26998901
16.08099937 -13.77499962 478.26998901
16.07999992 -15.04899979 478.26000977
16.07999992 -15.68500042 478.26000977
16.07999992 -16.32200050 478.26000977
16.08099937 -16.95899963 478.26000977
16.07999992 -17.59600067 478.26000977
16.07999992 -18.23299980 478.26000977
16.07999992 -18.87000084 478.25000000
16.07999992 -19.50699997 478.25000000
16.07999992 -20.14299965 478.25000000
16.07999992 -20.78000069 478.23999023
16.07900047 -22.05299950 478.23001099
16.07900047 -23.32600021 478.23001099
16.07900047 -23.96299934 478.23001099
16.07900047 -24.59900093 478.23001099
16.07900047 -25.23600006 478.22000122
16.07900047 -25.87199974 478.22000122
16.07900047 -26.50900078 478.20999146
16.07900047 -27.14599991 478.20999146
16.07900047 -27.78300095 478.20999146
16.07900047 -28.42000008 478.20999146
16.07900047 -29.05599976 478.20999146
16.07900047 -29.69300079 478.20999146
16.07900047 -30.32900047 478.20001221
16.07900047 -30.96500015 478.20001221
16.07799911 -31.60199928 478.20001221
16.07799911 -32.23899841 478.19000244
16.07799911 -32.87500000 478.19000244
16.07799911 -33.51300049 478.19000244
16.07799911 -34.14799881 478.17999268
16.07799911 -34.78599930 478.19000244
16.07799911 -35.42300034 478.19000244
16.07799911 -36.05899811 478.17999268
16.07799911 -36.69599915 478.17999268
16.07799911 -37.33100128 478.17999268
16.07699966 -37.96699905 478.17001343
16.07699966 -38.60499954 478.17001343
16.07699966 -39.24200058 478.17001343
16.07699966 -39.87799835 478.17001343
16.07699966 -40.51399994 478.16000366
16.07699966 -41.15000153 478.14999390
16.07699966 -41.78699875 478.14999390
16.07699966 -42.42300034 478.14999390
16.07699966 -43.05899811 478.14999390
16.07600021 -43.69599915 478.14001465
16.07600021 -44.33200073 478.14001465
16.07600021 -44.96799850 478.14001465
16.07600021 -45.60400009 478.13000488
16.07600021 -46.24000168 478.13000488
16.07600021 -46.87699890 478.11999512
16.07600021 -47.51399994 478.11999512
16.07600021 -48.15000153 478.10998535
16.07600021 -48.78699875 478.10998535
16.07500076 -49.42300034 478.10998535
16.71599960 -49.43500137 478.23001099
16.71599960 -48.79899979 478.23001099
16.71599960 -48.16199875 478.23999023
16.71599960 -47.52600098 478.23999023
16.71599960 -46.88899994 478.25000000
16.71699905 -46.25199890 478.25000000
16.71699905 -45.61600113 478.25000000
16.71699905 -44.97999954 478.26000977
16.71699905 -44.34299850 478.26000977
16.71699905 -43.70700073 478.26998901
16.71699905 -43.07099915 478.27999878
16.71800041 -42.43399811 478.27999878
16.71800041 -41.79800034 478.27999878
16.71800041 -41.16199875 478.27999878
16.71800041 -40.52399826 478.27999878
16.71800041 -39.88800049 478.29000854
16.71800041 -39.25099945 478.29000854
16.71800041 -38.61500168 478.29998779
16.71800041 -37.97700119 478.29998779
16.71899986 -37.34099960 478.30999756
16.71899986 -36.70600128 478.30999756
16.71899986 -36.06800079 478.30999756
16.71899986 -35.43199921 478.30999756
16.71899986 -34.79399872 478.30999756
16.71899986 -34.15700150 478.30999756
16.71899986 -33.52199936 478.30999756
16.71899986 -32.88399887 478.30999756
16.71899986 -32.24700165 478.32000732
16.71899986 -31.61100006 478.32998657
16.71899986 -30.97400093 478.32998657
16.71899986 -30.33699989 478.32998657
16.71999931 -29.70100021 478.32998657
16.71899986 -29.06299973 478.32998657
16.71999931 -28.42700005 478.33999634
16.71999931 -27.79000092 478.32998657
16.71999931 -27.15299988 478.33999634
16.71999931 -26.51700020 478.33999634
16.71999931 -25.87899971 478.35000610
16.71999931 -25.24300003 478.35000610
16.71999931 -24.60499954 478.35000610
16.71999931 -23.96800041 478.35000610
16.71999931 -23.33099937 478.33999634
16.71999931 -22.05800056 478.35998535
16.72100067 -20.78499985 478.35998535
16.72100067 -20.14800072 478.36999512
16.72100067 -19.51199913 478.36999512
16.72100067 -18.87500000 478.38000488
16.72100067 -18.23800087 478.38000488
16.72100067 -17.60099983 478.39001465
16.72100067 -16.96400070 478.39001465
16.72100067 -16.32600021 478.38000488
16.72100067 -15.68900013 478.38000488
16.72100067 -15.05200005 478.38000488
16.72100067 -14.41600037 478.39001465
16.72200012 -13.77900028 478.39999390
16.72200012 -13.14200020 478.39999390
16.72200012 -12.50500011 478.39999390
16.72200012 -11.86800003 478.39999390
16.72200012 -11.23099995 478.39999390
16.72200012 -10.59300041 478.41000366
16.72200012 -9.95600033 478.41000366
16.72200012 -9.31939983 478.41000366
16.72200012 -8.68089962 478.41000366
16.72200012 -8.04409981 478.42001343
16.72299957 -7.40700006 478.42001343
16.72200012 -6.76980019 478.42001343
16.72200012 -6.13350010 478.42001343
16.72200012 -5.49660015 478.42001343
16.72299957 -3.58360004 478.42001343
16.72299957 -2.94619989 478.42999268
16.72299957 -2.30859995 478.42999268
16.72299957 -1.67209995 478.42999268
16.72299957 -1.03499997 478.42999268
16.72299957 -0.39831999 478.44000244
16.72299957 0.23885000 478.44000244
16.72299957 0.87629002 478.45001221
16.72299957 1.51310003 478.44000244
16.72299957 2.15009999 478.44000244
16.72299957 2.78769994 478.44000244
16.72299957 3.42560005 478.45001221
16.72400093 4.06309986 478.45001221
16.72400093 4.70030022 478.45999146
16.72400093 5.33699989 478.45999146
16.72400093 5.97419977 478.45999146
16.72400093 6.61140013 478.45999146
16.72400093 7.24819994 478.45001221
16.72400093 7.88539982 478.45001221
16.72400093 8.52250004 478.45001221
16.72400093 9.16020012 478.45999146
16.72400093 9.79850006 478.45999146
16.72400093 10.43700027 478.47000122
16.72400093 11.07400036 478.47000122
16.72400093 11.71100044 478.47000122
16.72400093 12.34799957 478.47000122
16.72400093 12.98400021 478.47000122
16.72400093 13.62199974 478.45001221
16.72400093 14.25899982 478.45999146
16.72400093 14.89700031 478.47000122
16.72400093 15.53400040 478.47000122
16.72400093 16.17200089 478.47000122
16.72400093 16.80900002 478.47000122
16.72400093 17.44599915 478.45999146
16.72400093 18.08399963 478.45999146
16.72400093 18.72100067 478.45999146
16.72400093 19.35899925 478.47000122
16.72400093 19.99500084 478.48001099
16.72400093 20.63299942 478.47000122
16.72400093 21.27000046 478.45999146
16.72400093 21.90699959 478.45999146
16.72400093 22.54400063 478.45999146
16.72400093 23.18199921 478.45999146
16.72400093 23.81900024 478.45999146
16.72400093 24.45599937 478.45001221
16.72299957 25.09300041 478.45001221
16.72299957 25.73100090 478.45001221
16.72400093 27.00699997 478.45999146
16.72400093 27.64399910 478.45999146
16.72400093 28.28199959 478.45999146
16.72400093 28.91900063 478.47000122
16.72400093 29.55500031 478.45999146
16.72400093 30.19400024 478.45999146
16.72400093 30.82900047 478.45999146
16.72400093 31.46800041 478.45999146
16.72299957 32.10400009 478.45001221
16.72299957 32.74200058 478.45001221
16.72299957 33.38000107 478.45001221
16.72299957 34.01699829 478.45001221
16.72299957 34.65399933 478.45001221
16.72299957 35.28900146 478.44000244
16.72299957 35.92599869 478.42999268
16.72200012 36.56299973 478.42001343
16.72200012 37.20000076 478.42001343
16.72200012 37.83800125 478.41000366
16.72200012 38.47399902 478.41000366
16.72200012 39.11199951 478.41000366
16.72200012 39.74900055 478.39999390
16.72200012 40.38600159 478.39999390
16.72200012 41.02299881 478.39999390
16.72100067 41.65999985 478.39001465
16.72100067 42.29700089 478.39001465
16.72100067 42.93299866 478.38000488
16.72100067 43.56999969 478.38000488
16.72100067 44.20700073 478.36999512
16.71999931 44.84400177 478.35998535
17.36199951 44.85599899 478.48999023
17.36199951 44.21900177 478.50000000
17.36199951 43.58100128 478.50000000
17.36199951 42.94400024 478.51000977
17.36199951 42.30699921 478.51000977
17.36199951 41.66999817 478.51000977
17.36300087 41.03300095 478.51998901
17.36300087 40.39699936 478.52999878
17.36300087 39.75999832 478.52999878
17.36300087 39.12300110 478.52999878
17.36300087 38.48500061 478.52999878
17.36300087 37.84799957 478.54000854
17.36300087 37.20999908 478.54000854
17.36400032 36.57300186 478.54998779
17.36400032 35.93600082 478.54998779
17.36400032 35.29899979 478.55999756
17.36400032 34.66199875 478.57000732
17.36400032 34.02500153 478.57000732
17.36400032 33.38800049 478.57000732
17.36400032 32.75000000 478.57000732
17.36499977 32.11199951 478.57000732
17.36499977 31.47599983 478.57998657
17.36499977 30.83799934 478.58999634
17.36499977 30.20199966 478.58999634
17.36499977 29.56299973 478.58999634
17.36499977 28.92600060 478.58999634
17.36499977 28.28899956 478.58999634
17.36499977 27.65200043 478.58999634
17.36499977 27.01399994 478.57998657
17.36499977 25.10000038 478.57998657
17.36499977 24.46299934 478.57998657
17.36499977 23.82500076 478.58999634
17.36499977 23.18799973 478.58999634
17.36499977 22.54999924 478.58999634
17.36499977 21.91200066 478.57998657
17.36499977 21.27499962 478.58999634
17.36599922 20.63800049 478.60000610
17.36499977 20.00099945 478.60000610
17.36499977 19.36400032 478.58999634
17.36499977 18.72599983 478.57998657
17.36499977 18.08900070 478.57998657
17.36499977 17.45100021 478.57998657
17.36499977 16.81399918 478.58999634
17.36599922 16.17600060 478.60000610
17.36499977 15.53899956 478.60000610
17.36499977 14.90100002 478.58999634
17.36499977 14.26299953 478.58999634
17.36499977 13.62500000 478.57998657
17.36499977 12.98700047 478.58999634
17.36499977 12.35099983 478.58999634
17.36499977 11.71399975 478.60000610
17.36499977 11.07699966 478.58999634
17.36499977 10.43999958 478.58999634
17.36499977 9.80070019 478.60000610
17.36499977 9.16300011 478.58999634
17.36499977 8.52530003 478.58999634
17.36499977 7.88819981 478.58999634
17.36499977 7.24989986 478.57998657
17.36499977 6.61280012 478.57998657
17.36499977 5.97559977 478.57998657
17.36499977 5.33850002 478.57998657
17.36499977 4.70139980 478.57998657
17.36499977 4.06389999 478.58999634
17.36499977 3.42650008 478.58999634
17.36499977 2.78859997 478.57998657
17.36499977 2.15149999 478.57998657
17.36499977 1.51339996 478.57000732
17.36499977 0.87606001 478.57000732
17.36499977 0.23897000 478.57000732
17.36400032 -0.39862001 478.55999756
17.36400032 -1.03559995 478.55999756
17.36400032 -1.67270005 478.55999756
17.36400032 -2.30949998 478.55999756
17.36400032 -2.94689989 478.54998779
17.36400032 -3.58480000 478.54000854
17.36400032 -4.22240019 478.54000854
17.36400032 -5.49800014 478.54998779
17.36400032 -6.13500023 478.54998779
17.36400032 -6.77180004 478.54998779
17.36400032 -7.40859985 478.54000854
17.36400032 -8.04609966 478.54000854
17.36300087 -8.68319988 478.54000854
17.36400032 -9.32159996 478.54000854
17.36400032 -9.95890045 478.54000854
17.36300087 -10.59599972 478.54000854
17.36300087 -11.23400021 478.52999878
17.36300087 -11.87100029 478.51998901
17.36300087 -12.50800037 478.52999878
17.36300087 -13.14500046 478.52999878
17.36300087 -13.78199959 478.51998901
17.36199951 -14.41800022 478.51000977
17.36199951 -15.05599976 478.51000977
17.36300087 -15.69299984 478.51000977
17.36300087 -16.33099937 478.51998901
17.36300087 -16.96800041 478.51998901
17.36199951 -17.60499954 478.51000977
17.36199951 -18.24200058 478.50000000
17.36199951 -20.15399933 478.50000000
17.36199951 -20.79100037 478.50000000
17.36199951 -21.42700005 478.48999023
17.36199951 -22.06299973 478.48001099
17.36100006 -22.70000076 478.47000122
17.36100006 -23.33699989 478.45999146
17.36100006 -23.97400093 478.47000122
17.36100006 -24.61199951 478.47000122
17.36100006 -25.24900055 478.48001099
17.36100006 -25.88599968 478.47000122
17.36100006 -26.52400017 478.45999146
17.36100006 -27.15999985 478.45999146
17.36000061 -27.79700089 478.45001221
17.36000061 -28.43300056 478.45999146
17.36000061 -29.70899963 478.45001221
17.36000061 -30.34499931 478.45001221
17.36000061 -30.98200035 478.45001221
17.36000061 -31.61899948 478.45001221
17.36000061 -32.25500107 478.44000244
17.36000061 -33.52999878 478.42999268
17.36000061 -34.16600037 478.42999268
17.36000061 -34.80300140 478.42999268
17.36000061 -35.44100189 478.42999268
17.35899925 -36.07699966 478.42999268
17.36000061 -36.71500015 478.42999268
17.36000061 -37.35200119 478.42999268
17.36000061 -37.98799896 478.42999268
17.35899925 -38.62500000 478.42999268
17.35899925 -39.26200104 478.42001343
17.35899925 -39.89899826 478.42001343
17.35899925 -40.53599930 478.41000366
17.35899925 -41.17300034 478.39999390
17.35899925 -41.80899811 478.41000366
17.35899925 -42.44599915 478.41000366
17.35799980 -43.08100128 478.39999390
17.35799980 -43.71699905 478.39001465
17.35799980 -44.35400009 478.38000488
17.35799980 -44.99100113 478.36999512
17.35799980 -45.62799835 478.38000488
17.35799980 -46.26499939 478.38000488
17.35700035 -46.90100098 478.36999512
17.35700035 -47.53799820 478.36999512
17.35700035 -48.17499924 478.35998535
17.35700035 -48.81100082 478.35000610
17.35600090 -49.44699860 478.35000610
17.99799919 -49.45999908 478.47000122
17.99799919 -48.82400131 478.48001099
17.99799919 -48.18799973 478.48999023
17.99900055 -47.55099869 478.48999023
17.99900055 -46.91400146 478.50000000
17.99900055 -46.27700043 478.50000000
17.99900055 -45.63999939 478.51000977
17.99900055 -44.36600113 478.50000000
17.99900055 -43.72900009 478.51000977
17.99900055 -43.09199905 478.51000977
18.00000000 -42.45600128 478.52999878
18.00000000 -41.81999969 478.52999878
18.00000000 -41.18299866 478.52999878
18.00000000 -40.54600143 478.52999878
18.00000000 -39.90800095 478.52999878
18.00000000 -39.27099991 478.54000854
18.00099945 -38.63499832 478.54998779
18.00099945 -37.99800110 478.54998779
18.00099945 -37.36199951 478.55999756
18.00099945 -36.72399902 478.55999756
18.00099945 -36.08700180 478.54998779
18.00099945 -35.45000076 478.55999756
18.00099945 -34.81100082 478.54998779
18.00099945 -34.17399979 478.54998779
18.00099945 -33.53799820 478.54998779
18.00099945 -32.26399994 478.55999756
18.00099945 -31.62700081 478.57000732
18.00200081 -30.98999977 478.57000732
18.00200081 -30.35300064 478.57000732
18.00200081 -29.71599960 478.57000732
18.00200081 -27.16699982 478.58999634
18.00200081 -26.53000069 478.58999634
18.00200081 -25.89299965 478.58999634
18.00200081 -25.25600052 478.58999634
18.00200081 -24.61800003 478.58999634
18.00200081 -23.98100090 478.58999634
18.00200081 -23.34399986 478.58999634
18.00300026 -22.70599937 478.60000610
18.00300026 -22.06900024 478.60998535
18.00399971 -21.43300056 478.61999512
18.00399971 -20.79599953 478.63000488
18.00399971 -20.15800095 478.61999512
18.00300026 -19.52099991 478.61999512
18.00399971 -18.88500023 478.61999512
18.00399971 -18.24699974 478.63000488
18.00399971 -17.61000061 478.64001465
18.00399971 -16.97299957 478.64001465
18.00399971 -16.33600044 478.64001465
18.00399971 -15.69699955 478.64001465
18.00399971 -15.06000042 478.63000488
18.00399971 -14.42199993 478.63000488
18.00399971 -13.78600025 478.64001465
18.00399971 -13.14799976 478.64999390
18.00399971 -12.51099968 478.64999390
18.00499916 -11.87399960 478.64999390
18.00399971 -11.23700047 478.64999390
18.00499916 -10.59799957 478.66000366
18.00499916 -9.96109962 478.67001343
18.00499916 -9.32419968 478.67001343
18.00499916 -8.68579960 478.67001343
18.00499916 -8.04829979 478.67001343
18.00499916 -7.41039991 478.67001343
18.00499916 -6.77349997 478.67999268
18.00600052 -6.13670015 478.67999268
18.00499916 -5.49970007 478.67001343
18.00499916 -4.86180019 478.67001343
18.00499916 -3.58599997 478.67001343
18.00499916 -2.94779992 478.67999268
18.00600052 -2.30999994 478.67999268
18.00600052 -1.67240000 478.67999268
18.00600052 -1.03550005 478.69000244
18.00600052 -0.39833999 478.69000244
18.00600052 0.23853999 478.70001221
18.00600052 0.87554002 478.69000244
18.00600052 1.51339996 478.69000244
18.00600052 2.15140009 478.70001221
18.00600052 2.78929996 478.70001221
18.00600052 3.42720008 478.70001221
18.00600052 4.06510019 478.70001221
18.00600052 4.70330000 478.70001221
18.00699997 5.34040022 478.70999146
18.00699997 5.97730017 478.70999146
18.00699997 6.61479998 478.70999146
18.00600052 7.25220013 478.70001221
18.00699997 7.89010000 478.70999146
18.00699997 8.52760029 478.72000122
18.00699997 9.16549969 478.72000122
18.00699997 9.80399990 478.72000122
18.00699997 10.44200039 478.72000122
18.00699997 11.08100033 478.73001099
18.00699997 11.71700001 478.73001099
18.00699997 12.35299969 478.72000122
18.00699997 12.98999977 478.70999146
18.00600052 13.62899971 478.70001221
18.00699997 14.26700020 478.70999146
18.00699997 14.90499973 478.70999146
18.00699997 15.54300022 478.72000122
18.00699997 16.18099976 478.72000122
18.00699997 16.81800079 478.70999146
18.00600052 17.45499992 478.70001221
18.00600052 18.09300041 478.70001221
18.00699997 18.73100090 478.70999146
18.00699997 19.36899948 478.72000122
18.00699997 20.00600052 478.72000122
18.00699997 20.64399910 478.72000122
18.00699997 21.28100014 478.70999146
18.00600052 21.91799927 478.70001221
18.00699997 22.55699921 478.70999146
18.00699997 23.19400024 478.70999146
18.00699997 23.83200073 478.70999146
18.00699997 24.46899986 478.70999146
18.00699997 25.10799980 478.70999146
18.00699997 25.74500084 478.70999146
18.00699997 26.38299942 478.70999146
18.00699997 27.02199936 478.72000122
18.00699997 27.65800095 478.70999146
18.00699997 28.29599953 478.70999146
18.00600052 28.93300056 478.70999146
18.00600052 29.56999969 478.70001221
18.00600052 30.20899963 478.70999146
18.00600052 30.84600067 478.70999146
18.00600052 31.48299980 478.70001221
18.00600052 32.11999893 478.70001221
18.00600052 32.75799942 478.69000244
18.00600052 33.39599991 478.69000244
18.00600052 34.03400040 478.69000244
18.00600052 34.67100143 478.69000244
18.00600052 35.30799866 478.67999268
18.00499916 35.94499969 478.67999268
18.00499916 36.58200073 478.67001343
18.00499916 37.22000122 478.67001343
18.00499916 37.85800171 478.66000366
18.00499916 38.49499893 478.66000366
18.00499916 39.13299942 478.66000366
18.00499916 39.77000046 478.66000366
18.00399971 40.40700150 478.64999390
18.00399971 41.04399872 478.64999390
18.00399971 41.68099976 478.64001465
18.00399971 42.31800079 478.63000488
18.00399971 42.95500183 478.63000488
18.00300026 43.59199905 478.63000488
18.00300026 44.22999954 478.61999512
18.00300026 44.86700058 478.61999512
18.64500046 44.87900162 478.75000000
18.64500046 44.24100113 478.75000000
18.64500046 43.60400009 478.75000000
18.64500046 42.96599960 478.75000000
18.64500046 42.32899857 478.76000977
18.64599991 41.69100189 478.76000977
18.64599991 41.05500031 478.76998901
18.64599991 40.41799927 478.77999878
18.64699936 39.77999878 478.77999878
18.64699936 39.14300156 478.77999878
18.64699936 38.50500107 478.77999878
18.64699936 37.86700058 478.79000854
18.64699936 37.22999954 478.79000854
18.64699936 36.59199905 478.79998779
18.64699936 35.95500183 478.79998779
18.64699936 35.31700134 478.80999756
18.64800072 34.68000031 478.80999756
18.64800072 34.04199982 478.80999756
18.64800072 33.40399933 478.82000732
18.64800072 32.76699829 478.82000732
18.64800072 32.12900162 478.82000732
18.64800072 31.49200058 478.82998657
18.64800072 30.85400009 478.82000732
18.64800072 30.21599960 478.82998657
18.64800072 29.57799911 478.82000732
18.64800072 28.94000053 478.82000732
18.64800072 28.30299950 478.82998657
18.64800072 27.66500092 478.82998657
18.64900017 27.02899933 478.85000610
18.64900017 26.38999939 478.83999634
18.64900017 25.75300026 478.83999634
18.64900017 25.11499977 478.83999634
18.64900017 24.47599983 478.83999634
18.64900017 23.83799934 478.83999634
18.64900017 23.20100021 478.83999634
18.64800072 22.56299973 478.82998657
18.64800072 21.92399979 478.82000732
18.64800072 21.28700066 478.82998657
18.64900017 20.64900017 478.83999634
18.64900017 20.01099968 478.85000610
18.64900017 19.37400055 478.83999634
18.64900017 18.73500061 478.82998657
18.64800072 18.09799957 478.82998657
18.64800072 17.45999908 478.82998657
18.64900017 16.82299995 478.83999634
18.64900017 16.18499947 478.83999634
18.64900017 15.54699993 478.83999634
18.64800072 14.90900040 478.82998657
18.64900017 14.27000046 478.82998657
18.64800072 13.63199997 478.82998657
18.64900017 12.99400043 478.82998657
18.64800072 12.35599995 478.82998657
18.64900017 11.71899986 478.83999634
18.64900017 11.08300018 478.83999634
18.64900017 10.44600010 478.83999634
18.64900017 9.80729961 478.85000610
18.64900017 9.16800022 478.83999634
18.64900017 8.53009987 478.83999634
18.64900017 7.89270020 478.85000610
18.64900017 7.25419998 478.83999634
18.64900017 6.61670017 478.83999634
18.64800072 5.97910023 478.82998657
18.64900017 5.34170008 478.82998657
18.64800072 4.70440006 478.82998657
18.64800072 4.06610012 478.82998657
18.64900017 3.42829990 478.82998657
18.64800072 2.79020000 478.82998657
18.64800072 2.15190005 478.82000732
18.64800072 1.51359999 478.82000732
18.64800072 0.87567002 478.82000732
18.64800072 0.23876999 478.82000732
18.64800072 -0.39838001 478.82000732
18.64800072 -1.03569996 478.82000732
18.64800072 -1.67320001 478.82000732
18.64800072 -2.31110001 478.82000732
18.64800072 -2.94910002 478.80999756
18.64699936 -3.58750010 478.79998779
18.64699936 -4.22569990 478.79998779
18.64699936 -4.86329985 478.79998779
18.64699936 -5.50129986 478.79998779
18.64800072 -6.13850021 478.80999756
18.64800072 -6.77610016 478.79998779
18.64699936 -7.41300011 478.79998779
18.64699936 -8.05049992 478.79998779
18.64699936 -8.68820000 478.79998779
18.64699936 -9.32579994 478.79998779
18.64699936 -9.96350002 478.79000854
18.64599991 -10.60099983 478.77999878
18.64599991 -11.23900032 478.76998901
18.64599991 -11.87699986 478.76998901
18.64599991 -12.51399994 478.76998901
18.64599991 -13.15100002 478.76998901
18.64599991 -13.78899956 478.76000977
18.64599991 -14.42500019 478.76000977
18.64599991 -15.06299973 478.76000977
18.64599991 -15.70100021 478.76000977
18.64599991 -16.34000015 478.76998901
18.64599991 -16.97699928 478.76000977
18.64599991 -17.61400032 478.76000977
18.64500046 -18.25099945 478.75000000
18.64500046 -18.88899994 478.75000000
18.64500046 -19.52599907 478.73999023
18.64500046 -20.16399956 478.75000000
18.64500046 -20.80200005 478.75000000
18.64599991 -21.44000053 478.75000000
18.64500046 -22.07600021 478.75000000
18.64500046 -22.71299934 478.73001099
18.64399910 -23.98900032 478.72000122
18.64399910 -24.62599945 478.72000122
18.64399910 -25.26300049 478.72000122
18.64399910 -25.89999962 478.72000122
18.64399910 -26.53700066 478.70999146
18.64399910 -27.17399979 478.70999146
18.64399910 -27.81100082 478.70001221
18.64399910 -28.44799995 478.70001221
18.64299965 -29.72400093 478.70001221
18.64299965 -30.36100006 478.70001221
18.64299965 -30.99799919 478.70001221
18.64299965 -31.63500023 478.69000244
18.64399910 -32.27399826 478.70001221
18.64299965 -32.90999985 478.70001221
18.64299965 -33.54700089 478.69000244
18.64299965 -34.18299866 478.67999268
18.64200020 -35.45899963 478.67001343
18.64200020 -36.09600067 478.67001343
18.64299965 -36.73300171 478.67999268
18.64299965 -37.37099838 478.67999268
18.64200020 -38.00699997 478.67001343
18.64200020 -38.64400101 478.67001343
18.64200020 -39.28099823 478.66000366
18.64200020 -39.91799927 478.64999390
18.64200020 -40.55599976 478.64999390
18.64200020 -41.19400024 478.64999390
18.64200020 -41.83000183 478.64999390
18.64200020 -42.46799850 478.64999390
18.64100075 -43.10400009 478.64001465
18.64100075 -43.74000168 478.63000488
18.64100075 -44.37799835 478.63000488
18.64100075 -45.01499939 478.64001465
18.64100075 -45.65299988 478.64001465
18.64100075 -46.29000092 478.64001465
18.64100075 -46.92599869 478.63000488
18.64100075 -47.56399918 478.63000488
18.63999939 -48.20000076 478.61999512
18.63999939 -48.83700180 478.60998535
18.63999939 -49.47299957 478.60000610
19.28199959 -49.48600006 478.73001099
19.28199959 -48.84899902 478.73999023
19.28199959 -48.21300125 478.75000000
19.28300095 -47.57699966 478.75000000
19.28300095 -46.93899918 478.76000977
19.28300095 -46.30300140 478.76998901
19.28300095 -45.66500092 478.76998901
19.28300095 -45.02700043 478.76000977
19.28300095 -44.38999939 478.76000977
19.28300095 -43.75199890 478.76000977
19.28300095 -43.11600113 478.76998901
19.28400040 -42.47900009 478.77999878
19.28400040 -41.84099960 478.77999878
19.28400040 -41.20399857 478.79000854
19.28400040 -40.56700134 478.77999878
19.28400040 -39.92900085 478.79000854
19.28400040 -39.29199982 478.77999878
19.28400040 -38.65499878 478.79000854
19.28499985 -38.01800156 478.79998779
19.28499985 -37.38000107 478.79998779
19.28499985 -36.74300003 478.80999756
19.28499985 -36.10599899 478.79998779
19.28400040 -35.46799850 478.79998779
19.28499985 -34.19200134 478.80999756
19.28499985 -33.55599976 478.82000732
19.28499985 -32.91899872 478.82000732
19.28599930 -32.28200150 478.82998657
19.28499985 -31.64299965 478.82000732
19.28499985 -31.00600052 478.82000732
19.28599930 -30.36899948 478.82998657
19.28599930 -28.45599937 478.82998657
19.28599930 -27.81800079 478.82998657
19.28599930 -27.18099976 478.82998657
19.28599930 -26.54400063 478.83999634
19.28599930 -25.90600014 478.83999634
19.28700066 -25.26899910 478.85000610
19.28700066 -24.63199997 478.85000610
19.28700066 -23.99500084 478.85000610
19.28700066 -23.35600090 478.85000610
19.28700066 -22.71899986 478.85998535
19.28700066 -22.08200073 478.86999512
19.28800011 -21.44499969 478.88000488
19.28800011 -20.80800056 478.88000488
19.28800011 -20.17000008 478.88000488
19.28700066 -19.53199959 478.86999512
19.28800011 -18.89299965 478.88000488
19.28800011 -18.25600052 478.88000488
19.28800011 -17.61899948 478.88000488
19.28800011 -16.98200035 478.89001465
19.28800011 -16.34399986 478.89001465
19.28800011 -15.70499992 478.88000488
19.28800011 -15.06700039 478.88000488
19.28800011 -14.42899990 478.88000488
19.28800011 -13.79199982 478.88000488
19.28800011 -11.88000011 478.89001465
19.28800011 -11.24199963 478.89001465
19.28899956 -10.60400009 478.89999390
19.28899956 -9.96599960 478.91000366
19.28899956 -9.32820034 478.92001343
19.28899956 -8.69029999 478.92001343
19.28899956 -8.05230045 478.92001343
19.28899956 -7.41489983 478.92001343
19.29000092 -6.77780008 478.92999268
19.28899956 -6.14010000 478.92001343
19.29000092 -5.50229979 478.92999268
19.29000092 -4.86369991 478.92999268
19.29000092 -4.22639990 478.92999268
19.29000092 -3.58820009 478.92999268
19.29000092 -2.94980001 478.94000244
19.29000092 -2.31200004 478.95001221
19.29000092 -1.67349994 478.95001221
19.29100037 -1.03590000 478.95001221
19.29100037 -0.39859000 478.95001221
19.29000092 0.23878001 478.95001221
19.29000092 0.87607002 478.94000244
19.29000092 1.51419997 478.94000244
19.29000092 2.15229988 478.95001221
19.29000092 2.79119992 478.95001221
19.29100037 3.42980003 478.95999146
19.29100037 4.06729984 478.95999146
19.29100037 4.70569992 478.95999146
19.29100037 5.34299994 478.95999146
19.29100037 5.98120022 478.95999146
19.29100037 6.61859989 478.97000122
19.29100037 7.25619984 478.97000122
19.29100037 7.89400005 478.97000122
19.29100037 8.53269958 478.95999146
19.29100037 9.17059994 478.95999146
19.29100037 9.81019974 478.97000122
19.29100037 10.44799995 478.97000122
19.29100037 11.08600044 478.97000122
19.29100037 11.72200012 478.97000122
19.29100037 12.35900021 478.95999146
19.29100037 12.99800014 478.95999146
19.29100037 13.63599968 478.95999146
19.29100037 14.27400017 478.95999146
19.29100037 14.91300011 478.95999146
19.29100037 15.55099964 478.95999146
19.29100037 16.18899918 478.97000122
19.29100037 16.82699966 478.95999146
19.29100037 17.46400070 478.95999146
19.29100037 18.10300064 478.95999146
19.29100037 18.73999977 478.95999146
19.29100037 19.37899971 478.97000122
19.29100037 20.01700020 478.95999146
19.29100037 20.65399933 478.95999146
19.29100037 21.29199982 478.95001221
19.29100037 21.93099976 478.95999146
19.29100037 22.56900024 478.95999146
19.29100037 23.20700073 478.97000122
19.29100037 23.84399986 478.97000122
19.29100037 24.48200035 478.95999146
19.29100037 25.12100029 478.95999146
19.29100037 25.75900078 478.95999146
19.29100037 26.39699936 478.97000122
19.29100037 27.03499985 478.95999146
19.29100037 27.67200089 478.95999146
19.29100037 28.30999947 478.95001221
19.29000092 28.94799995 478.95001221
19.29000092 29.58499908 478.95001221
19.29000092 30.22299957 478.94000244
19.29000092 30.86100006 478.94000244
19.29000092 31.50000000 478.95001221
19.29000092 32.13800049 478.94000244
19.29000092 32.77500153 478.94000244
19.29000092 33.41299820 478.94000244
19.29000092 34.05099869 478.94000244
19.29000092 34.68899918 478.92999268
19.29000092 35.32600021 478.92999268
19.28899956 35.96400070 478.92001343
19.28899956 36.60100174 478.92001343
19.28899956 37.23899841 478.92001343
19.28899956 37.87699890 478.91000366
19.28899956 38.51499939 478.91000366
19.28899956 39.15299988 478.91000366
19.28899956 39.79100037 478.91000366
19.28899956 40.42900085 478.91000366
19.28800011 41.06600189 478.89999390
19.28800011 41.70299911 478.89001465
19.28800011 42.34099960 478.88000488
19.28800011 42.97800064 478.88000488
19.28800011 43.61600113 478.88000488
19.28700066 44.25299835 478.86999512
19.28700066 44.88999939 478.86999512
19.28700066 45.52799988 478.85998535
19.28599930 46.16500092 478.85000610
19.92900085 46.17699814 478.98001099
19.92900085 45.54000092 478.98001099
19.92900085 44.90200043 478.98999023
19.93000031 44.26499939 479.00000000
19.93000031 43.62699890 479.00000000
19.93000031 42.98899841 479.00000000
19.93000031 42.35200119 479.01000977
19.93000031 41.71400070 479.01000977
19.93099976 41.07699966 479.01998901
19.93099976 40.43899918 479.02999878
19.93099976 39.80099869 479.02999878
19.93099976 39.16299820 479.02999878
19.93099976 38.52500153 479.02999878
19.93099976 37.88700104 479.04000854
19.93199921 37.24900055 479.04000854
19.93199921 36.61100006 479.04998779
19.93199921 35.97299957 479.04998779
19.93199921 35.33499908 479.04998779
19.93199921 34.69800186 479.05999756
19.93199921 34.06000137 479.05999756
19.93300056 33.42200089 479.07000732
19.93300056 32.78400040 479.07998657
19.93300056 32.14599991 479.07998657
19.93300056 31.50799942 479.07998657
19.93300056 30.86899948 479.07000732
19.93300056 30.23100090 479.07000732
19.93300056 29.59300041 479.07000732
19.93300056 28.95599937 479.07998657
19.93300056 28.31800079 479.07998657
19.93400002 27.68000031 479.08999634
19.93400002 27.04299927 479.10000610
19.93300056 26.40399933 479.08999634
19.93400002 25.76499939 479.08999634
19.93300056 25.12700081 479.08999634
19.93300056 24.48800087 479.07998657
19.93400002 23.85000038 479.08999634
19.93400002 23.21199989 479.08999634
19.93300056 22.57399940 479.08999634
19.93300056 21.93600082 479.07998657
19.93300056 21.29800034 479.07998657
19.93400002 20.65999985 479.08999634
19.93400002 20.02199936 479.08999634
19.93400002 19.38400078 479.08999634
19.93400002 18.74600029 479.08999634
19.93400002 18.10799980 479.08999634
19.93400002 17.46899986 479.08999634
19.93400002 16.83200073 479.08999634
19.93400002 16.19400024 479.08999634
19.93400002 15.55500031 479.08999634
19.93300056 14.91699982 479.07998657
19.93300056 14.27799988 479.07998657
19.93300056 13.64000034 479.07998657
19.93300056 13.00100040 479.07998657
19.93300056 12.36299992 479.07998657
19.93400002 11.72500038 479.08999634
19.93400002 11.08800030 479.08999634
19.93400002 10.44900036 479.08999634
19.93400002 9.81299973 479.08999634
19.93400002 9.17370033 479.08999634
19.93400002 8.53559971 479.08999634
19.93400002 7.89729977 479.08999634
19.93400002 7.25759983 479.08999634
19.93400002 6.62039995 479.10000610
19.93400002 5.98299980 479.08999634
19.93400002 5.34480000 479.08999634
19.93400002 4.70709991 479.08999634
19.93300056 4.06860018 479.07998657
19.93300056 3.43050003 479.07998657
19.93300056 2.79180002 479.07000732
19.93300056 2.15249991 479.07000732
19.93300056 1.51470006 479.07000732
19.93300056 0.87655002 479.07000732
19.93300056 0.23919000 479.07000732
19.93300056 -0.39877999 479.07000732
19.93300056 -1.03620005 479.07000732
19.93300056 -1.67400002 479.07000732
19.93300056 -2.31259990 479.07000732
19.93300056 -2.95050001 479.07000732
19.93300056 -3.58890009 479.05999756
19.93199921 -4.22720003 479.05999756
19.93199921 -4.86439991 479.05999756
19.93199921 -5.50339985 479.04998779
19.93199921 -6.14120007 479.04998779
19.93199921 -6.77909994 479.04998779
19.93199921 -7.41639996 479.04000854
19.93199921 -8.05410004 479.04000854
19.93199921 -8.69239998 479.04000854
19.93199921 -9.33090019 479.04998779
19.93199921 -9.96889973 479.04000854
19.93099976 -10.60700035 479.02999878
19.93099976 -11.24499989 479.01998901
19.93099976 -13.79599953 479.01000977
19.93099976 -14.43400002 479.01000977
19.93099976 -15.07199955 479.01000977
19.93000031 -15.71000004 479.01000977
19.93099976 -16.34799957 479.01000977
19.93000031 -16.98500061 479.01000977
19.93000031 -17.62299919 479.01000977
19.93000031 -18.26099968 479.00000000
19.93000031 -18.89800072 479.00000000
19.93000031 -19.53700066 479.00000000
19.93000031 -20.17600060 479.00000000
19.93000031 -20.81299973 479.01000977
19.93000031 -21.45100021 479.01000977
19.93000031 -22.08799934 479.00000000
19.92900085 -22.72500038 478.98999023
19.92900085 -23.36199951 478.98001099
19.92900085 -24.00000000 478.97000122
19.92900085 -24.63800049 478.98001099
19.92900085 -25.27599907 478.98999023
19.92900085 -25.91300011 478.98001099
19.92900085 -26.55100060 478.97000122
19.92900085 -27.18899918 478.97000122
19.92900085 -27.82699966 478.97000122
19.92900085 -28.46400070 478.97000122
19.92900085 -29.10199928 478.97000122
19.92900085 -29.73999977 478.97000122
19.92900085 -30.37800026 478.97000122
19.92799950 -31.01399994 478.95999146
19.92799950 -31.65099907 478.94000244
19.92799950 -32.29000092 478.95001221
19.92799950 -32.92800140 478.95001221
19.92700005 -33.56499863 478.94000244
19.92700005 -34.20199966 478.92999268
19.92700005 -35.47700119 478.92001343
19.92700005 -36.11399841 478.92001343
19.92700005 -36.75199890 478.92999268
19.92700005 -37.38999939 478.92999268
19.92700005 -38.02700043 478.92001343
19.92700005 -38.66500092 478.92001343
19.92600060 -39.30300140 478.91000366
19.92600060 -40.57699966 478.91000366
19.92600060 -41.21500015 478.91000366
19.92600060 -41.85300064 478.91000366
19.92600060 -42.49000168 478.91000366
19.92600060 -43.12699890 478.89999390
19.92499924 -43.76399994 478.89001465
19.92600060 -44.40299988 478.89001465
19.92600060 -45.04000092 478.89001465
19.92600060 -45.67800140 478.89999390
19.92499924 -46.31399918 478.88000488
19.92499924 -46.95199966 478.89001465
19.92499924 -47.58900070 478.86999512
19.92499924 -48.22600174 478.86999512
19.92399979 -48.86199951 478.86999512
19.92399979 -49.49900055 478.85000610
20.56699944 -49.51100159 478.98001099
20.56699944 -48.87400055 478.98999023
20.56699944 -48.23799896 478.98999023
20.56699944 -47.60100174 479.00000000
20.56800079 -46.96400070 479.01000977
20.56800079 -46.32600021 479.01000977
20.56800079 -45.68899918 479.01998901
20.56900024 -45.05199814 479.02999878
20.56900024 -44.41500092 479.02999878
20.56900024 -43.77600098 479.02999878
20.56900024 -43.13899994 479.02999878
20.56900024 -42.50099945 479.02999878
20.56900024 -41.86299896 479.02999878
20.56900024 -41.22499847 479.02999878
20.56900024 -40.58800125 479.02999878
20.56999969 -38.03799820 479.04998779
20.56999969 -37.40000153 479.04998779
20.56999969 -36.76100159 479.04998779
20.56999969 -36.12300110 479.04998779
20.56900024 -34.84799957 479.04000854
20.56999969 -34.20999908 479.04998779
20.56999969 -33.57400131 479.05999756
20.57099915 -32.93600082 479.07000732
20.57099915 -32.29800034 479.07000732
20.57099915 -31.65999985 479.07000732
20.57099915 -31.02099991 479.07998657
20.57099915 -30.38500023 479.08999634
20.57099915 -29.74699974 479.08999634
20.57200050 -29.11000061 479.10000610
20.57200050 -28.47200012 479.10000610
20.57200050 -27.83499908 479.08999634
20.57200050 -27.19599915 479.10000610
20.57200050 -26.55800056 479.10000610
20.57200050 -25.92000008 479.10998535
20.57200050 -25.28400040 479.10998535
20.57200050 -24.64500046 479.10000610
20.57200050 -24.00799942 479.10998535
20.57200050 -23.36800003 479.10998535
20.57299995 -22.73200035 479.11999512
20.57299995 -22.09399986 479.13000488
20.57299995 -21.45599937 479.13000488
20.57299995 -20.81900024 479.13000488
20.57299995 -20.18099976 479.11999512
20.57299995 -19.54299927 479.11999512
20.57299995 -18.90299988 479.11999512
20.57299995 -18.26499939 479.14001465
20.57299995 -17.62800026 479.14001465
20.57299995 -16.98999977 479.14001465
20.57299995 -16.35199928 479.14001465
20.57299995 -15.71399975 479.14001465
20.57399940 -15.07600021 479.14999390
20.57399940 -14.43799973 479.14999390
20.57399940 -13.80000019 479.14999390
20.57399940 -13.16199970 479.14001465
20.57399940 -12.52299976 479.14999390
20.57399940 -11.88599968 479.14999390
20.57399940 -11.24800014 479.16000366
20.57399940 -10.60999966 479.16000366
20.57500076 -9.97130013 479.17001343
20.57500076 -9.33320045 479.17001343
20.57500076 -8.69470024 479.17001343
20.57500076 -8.05640030 479.17001343
20.57500076 -7.41849995 479.16000366
20.57500076 -6.78030014 479.17001343
20.57500076 -5.50470018 479.17001343
20.57500076 -4.86569977 479.17999268
20.57500076 -4.22819996 479.19000244
20.57600021 -3.58979988 479.19000244
20.57600021 -2.95099998 479.19000244
20.57600021 -2.31340003 479.19000244
20.57600021 -1.67470002 479.19000244
20.57600021 -1.03670001 479.20001221
20.57600021 -0.39897999 479.20001221
20.57600021 0.23909999 479.20001221
20.57600021 0.87680000 479.20001221
20.57600021 1.51549995 479.20001221
20.57600021 2.15350008 479.20001221
20.57600021 2.79290009 479.20001221
20.57600021 3.43160009 479.20999146
20.57600021 4.06949997 479.20999146
20.57600021 4.70849991 479.20999146
20.57699966 5.34600019 479.22000122
20.57699966 5.98439980 479.22000122
20.57699966 6.62190008 479.22000122
20.57600021 7.25939989 479.20999146
20.57699966 7.89989996 479.20999146
20.57600021 8.53800011 479.20999146
20.57699966 9.17710018 479.22000122
20.57699966 9.81439972 479.22000122
20.57699966 10.45199966 479.23001099
20.57699966 11.09000015 479.22000122
20.57600021 11.72799969 479.20999146
20.57600021 12.36699963 479.20999146
20.57600021 13.00500011 479.20999146
20.57600021 13.64299965 479.20999146
20.57600021 14.28199959 479.20999146
20.57600021 15.55900002 479.20999146
20.57699966 16.19799995 479.22000122
20.57699966 16.83600044 479.22000122
20.57699966 17.47400093 479.22000122
20.57699966 18.11199951 479.20999146
20.57600021 18.75000000 479.20999146
20.57600021 19.38899994 479.20999146
20.57600021 20.02700043 479.20999146
20.57600021 21.30299950 479.20999146
20.57600021 21.94199944 479.20999146
20.57600021 22.57999992 479.20999146
20.57600021 23.21800041 479.20999146
20.57699966 23.85700035 479.22000122
20.57699966 24.49500084 479.20999146
20.57699966 25.13400078 479.22000122
20.57600021 25.77199936 479.20999146
20.57600021 26.40999985 479.20999146
20.57699966 27.04899979 479.22000122
20.57699966 27.68799973 479.22000122
20.57600021 28.32600021 479.20999146
20.57600021 28.96299934 479.20999146
20.57600021 29.60099983 479.20001221
20.57600021 30.23900032 479.20001221
20.57600021 30.87800026 479.20001221
20.57600021 31.51600075 479.20001221
20.57600021 32.15499878 479.20001221
20.57600021 32.79299927 479.20001221
20.57600021 33.43000031 479.19000244
20.57500076 34.06800079 479.19000244
20.57500076 34.70700073 479.17999268
20.57500076 35.34500122 479.17999268
20.57500076 35.98300171 479.17999268
20.57500076 36.62099838 479.17999268
20.57500076 37.25899887 479.17001343
20.57500076 37.89699936 479.17001343
20.57399940 38.53499985 479.16000366
20.57399940 39.17300034 479.16000366
20.57399940 39.81100082 479.16000366
20.57399940 40.44900131 479.16000366
20.57399940 41.08700180 479.14999390
20.57299995 41.72499847 479.14001465
20.57299995 42.36299896 479.13000488
20.57299995 43.00099945 479.13000488
20.57299995 43.63800049 479.11999512
20.57299995 44.27600098 479.11999512
20.57200050 44.91299820 479.10998535
20.57200050 45.55099869 479.10998535
20.57099915 46.18899918 479.10000610
21.21500015 46.20100021 479.22000122
21.21500015 45.56299973 479.23001099
21.21500015 44.92499924 479.23001099
21.21599960 44.28699875 479.25000000
21.21599960 43.64899826 479.25000000
21.21599960 43.01200104 479.26000977
21.21599960 42.37400055 479.26000977
21.21699905 41.73600006 479.26998901
21.21699905 41.09799957 479.27999878
21.21699905 40.45999908 479.27999878
21.21699905 39.82199860 479.27999878
21.21699905 39.18399811 479.27999878
21.21800041 38.54499817 479.29000854
21.21800041 37.90700150 479.29000854
21.21800041 37.26900101 479.29998779
21.21800041 36.63100052 479.29998779
21.21800041 35.99300003 479.30999756
21.21800041 35.35499954 479.30999756
21.21800041 34.71699905 479.30999756
21.21800041 34.07699966 479.30999756
21.21899986 33.43899918 479.32000732
21.21899986 32.80099869 479.32000732
21.21899986 32.16299820 479.32000732
21.21899986 31.52400017 479.32000732
21.21899986 30.88599968 479.32000732
21.21899986 30.24799919 479.32000732
21.21899986 29.60899925 479.32000732
21.21899986 28.97100067 479.32998657
21.21999931 28.33300018 479.33999634
21.21999931 27.69499969 479.35000610
21.21999931 27.05699921 479.35000610
21.21999931 26.41799927 479.33999634
21.21999931 25.78000069 479.33999634
21.21999931 25.14100075 479.33999634
21.21999931 24.50300026 479.33999634
21.21999931 23.86499977 479.35000610
21.21999931 23.22500038 479.35000610
21.21999931 22.58699989 479.35000610
21.21999931 21.94799995 479.33999634
21.21999931 21.30900002 479.33999634
21.21999931 20.67099953 479.33999634
21.21999931 19.39399910 479.32998657
21.21999931 18.75499916 479.33999634
21.21999931 18.11700058 479.33999634
21.21999931 17.47900009 479.33999634
21.21999931 16.84000015 479.35000610
21.21999931 16.20199966 479.35000610
21.21999931 15.56299973 479.33999634
21.21999931 14.92399979 479.33999634
21.21999931 14.28600025 479.32998657
21.21999931 13.64799976 479.32998657
21.21999931 13.00899982 479.33999634
21.21999931 12.37100029 479.33999634
21.21999931 11.73200035 479.33999634
21.21999931 11.09200001 479.33999634
21.21999931 10.45499992 479.35000610
21.21999931 9.81729984 479.35000610
21.22100067 9.17940044 479.35998535
21.21999931 8.54039955 479.35000610
21.21999931 7.90170002 479.35000610
21.21999931 7.26249981 479.33999634
21.21999931 6.62400007 479.32998657
21.21999931 5.98530006 479.33999634
21.21999931 5.34709978 479.35000610
21.21999931 4.70979977 479.35000610
21.21999931 4.07070017 479.35000610
21.21999931 3.43260002 479.33999634
21.21899986 2.79399991 479.32998657
21.21899986 2.15459991 479.32998657
21.21899986 1.51670003 479.32998657
21.21899986 0.87737000 479.32000732
21.21899986 0.23912001 479.32000732
21.21899986 -0.39899999 479.32000732
21.21899986 -1.03699994 479.32000732
21.21899986 -1.67509997 479.30999756
21.21899986 -2.31469989 479.30999756
21.21899986 -2.95230007 479.32000732
21.21899986 -3.59069991 479.32000732
21.21899986 -4.22879982 479.32000732
21.21800041 -4.86649990 479.30999756
21.21800041 -5.50659990 479.30999756
21.21800041 -6.14419985 479.29998779
21.21800041 -6.78189993 479.29998779
21.21800041 -7.42040014 479.29998779
21.21800041 -8.05850029 479.29998779
21.21800041 -8.69699955 479.29998779
21.21800041 -9.33570004 479.29998779
21.21800041 -9.97399998 479.29000854
21.21800041 -10.61299992 479.29000854
21.21800041 -11.25100040 479.29000854
21.21699905 -11.88899994 479.27999878
21.21699905 -12.52700043 479.27999878
21.21699905 -13.16600037 479.26998901
21.21699905 -13.80399990 479.26998901
21.21699905 -14.44200039 479.27999878
21.21699905 -15.07999992 479.26998901
21.21699905 -15.71700001 479.26000977
21.21599960 -16.35600090 479.26000977
21.21599960 -16.99399948 479.26000977
21.21599960 -17.63199997 479.26000977
21.21599960 -18.27000046 479.26000977
21.21599960 -18.90800095 479.25000000
21.21599960 -19.54700089 479.23999023
21.21599960 -20.18600082 479.25000000
21.21599960 -20.82399940 479.25000000
21.21599960 -21.46100044 479.25000000
21.21599960 -22.09900093 479.23999023
21.21500015 -22.73600006 479.23999023
21.21500015 -23.37400055 479.23001099
21.21500015 -24.01499939 479.23001099
21.21500015 -24.65200043 479.23001099
21.21500015 -25.29000092 479.23001099
21.21500015 -25.92700005 479.23001099
21.21500015 -26.56399918 479.22000122
21.21500015 -27.20400047 479.22000122
21.21500015 -27.84099960 479.22000122
21.21500015 -28.47999954 479.22000122
21.21500015 -29.11800003 479.22000122
21.21500015 -29.75499916 479.22000122
21.21500015 -30.39299965 479.22000122
21.21400070 -31.03000069 479.20999146
21.21400070 -31.66799927 479.20999146
21.21400070 -32.30699921 479.20001221
21.21299934 -32.94400024 479.19000244
21.21299934 -33.58200073 479.17999268
21.21299934 -34.22000122 479.17999268
21.21299934 -34.85699844 479.17999268
21.21299934 -35.49499893 479.17001343
21.21299934 -36.13299942 479.17999268
21.21199989 -36.77000046 479.17001343
21.21199989 -37.40900040 479.17001343
21.21199989 -38.04700089 479.17001343
21.21299934 -39.32400131 479.17001343
21.21199989 -39.96099854 479.17001343
21.21199989 -40.59899902 479.17001343
21.21199989 -41.23600006 479.16000366
21.21199989 -41.87400055 479.16000366
21.21199989 -42.51200104 479.16000366
21.21199989 -43.15000153 479.16000366
21.21199989 -43.78799820 479.14999390
21.21199989 -44.42599869 479.16000366
21.21199989 -45.06399918 479.14999390
21.21100044 -45.70100021 479.14001465
21.21100044 -46.33800125 479.13000488
21.20999908 -46.97499847 479.11999512
21.20999908 -47.61199951 479.11999512
21.20999908 -48.25099945 479.11999512
21.20999908 -48.88800049 479.11999512
21.20999908 -49.52299881 479.10998535
21.85300064 -48.90000153 479.23999023
21.85300064 -48.26200104 479.23001099
21.85300064 -47.62400055 479.23999023
21.85400009 -46.98699951 479.25000000
21.85400009 -46.34999847 479.26000977
21.85400009 -45.71200180 479.26998901
21.85499954 -45.07500076 479.26998901
21.85499954 -44.43700027 479.27999878
21.85499954 -43.79899979 479.26998901
21.85499954 -43.16099930 479.27999878
21.85499954 -42.52299881 479.27999878
21.85499954 -41.88399887 479.27999878
21.85499954 -41.24599838 479.27999878
21.85499954 -40.60800171 479.27999878
21.85499954 -39.97100067 479.29000854
21.85600090 -39.33399963 479.29000854
21.85600090 -35.50400162 479.29998779
21.85600090 -34.86700058 479.29998779
21.85600090 -34.22900009 479.30999756
21.85700035 -33.59099960 479.30999756
21.85700035 -32.95299911 479.32998657
21.85799980 -32.31600189 479.32998657
21.85799980 -31.67799950 479.33999634
21.85799980 -31.04000092 479.35000610
21.85799980 -30.40200043 479.35000610
21.85799980 -29.76300049 479.33999634
21.85799980 -29.12500000 479.35000610
21.85799980 -28.48699951 479.33999634
21.85799980 -27.84799957 479.35000610
21.85799980 -27.21100044 479.35000610
21.85799980 -26.57200050 479.35000610
21.85899925 -25.93400002 479.35998535
21.85899925 -25.29599953 479.35998535
21.85799980 -24.65800095 479.35000610
21.85899925 -24.02000046 479.35998535
21.85899925 -23.38100052 479.35998535
21.85899925 -22.74200058 479.35998535
21.85899925 -22.10400009 479.35998535
21.85899925 -21.46599960 479.36999512
21.85899925 -20.82900047 479.36999512
21.85899925 -20.19099998 479.36999512
21.85899925 -19.55100060 479.36999512
21.86000061 -18.91300011 479.38000488
21.86000061 -18.27499962 479.39001465
21.86000061 -17.63699913 479.38000488
21.86000061 -16.99900055 479.39001465
21.86000061 -16.36000061 479.39001465
21.86000061 -15.72200012 479.39999390
21.86100006 -15.08399963 479.39999390
21.86100006 -14.44600010 479.39999390
21.86100006 -13.80799961 479.41000366
21.86100006 -13.16899967 479.39999390
21.86100006 -12.53100014 479.41000366
21.86100006 -11.89200020 479.41000366
21.86100006 -11.25399971 479.41000366
21.86100006 -10.61600018 479.41000366
21.86100006 -9.97659969 479.42001343
21.86100006 -9.33819962 479.42001343
21.86199951 -8.69939995 479.42001343
21.86199951 -8.06079960 479.42001343
21.86199951 -7.42290020 479.42999268
21.86199951 -6.78350019 479.42999268
21.86199951 -6.14589977 479.42999268
21.86199951 -5.50829983 479.42999268
21.86199951 -4.86740017 479.42999268
21.86199951 -4.22970009 479.44000244
21.86300087 -3.59139991 479.44000244
21.86300087 -2.95269990 479.45001221
21.86300087 -2.31480002 479.44000244
21.86300087 -1.67550004 479.45001221
21.86300087 -1.03770006 479.45001221
21.86300087 -0.39923999 479.45001221
21.86300087 0.23895000 479.45001221
21.86199951 0.87765002 479.44000244
21.86300087 1.51719999 479.45001221
21.86300087 2.15610003 479.45999146
21.86300087 2.79539990 479.45999146
21.86400032 3.43429995 479.47000122
21.86400032 4.07149982 479.47000122
21.86400032 4.71110010 479.47000122
21.86400032 5.34749985 479.47000122
21.86300087 5.98649979 479.45999146
21.86300087 6.62589979 479.45999146
21.86400032 7.26499987 479.47000122
21.86400032 7.90420008 479.47000122
21.86400032 8.54269981 479.48001099
21.86400032 9.18140030 479.48001099
21.86400032 9.81970024 479.48001099
21.86400032 10.45699978 479.47000122
21.86300087 11.09500027 479.47000122
21.86400032 11.73499966 479.47000122
21.86400032 12.37399960 479.47000122
21.86300087 13.01299953 479.47000122
21.86300087 13.65200043 479.45999146
21.86300087 14.28999996 479.45999146
21.86300087 14.92800045 479.45999146
21.86300087 15.56700039 479.45999146
21.86400032 16.20599937 479.47000122
21.86400032 16.84499931 479.47000122
21.86400032 17.48299980 479.47000122
21.86400032 18.12299919 479.48001099
21.86400032 18.76099968 479.47000122
21.86400032 19.39900017 479.47000122
21.86400032 20.03800011 479.47000122
21.86400032 20.67600060 479.47000122
21.86400032 21.31500053 479.47000122
21.86400032 21.95400047 479.47000122
21.86400032 22.59300041 479.47000122
21.86400032 23.23200035 479.47000122
21.86400032 23.87100029 479.47000122
21.86400032 24.51000023 479.47000122
21.86400032 25.14699936 479.47000122
21.86400032 25.78700066 479.47000122
21.86400032 26.42499924 479.47000122
21.86400032 27.06399918 479.48001099
21.86400032 27.70199966 479.47000122
21.86300087 28.34000015 479.45999146
21.86300087 28.97900009 479.45001221
21.86300087 29.61800003 479.45999146
21.86300087 30.25600052 479.45001221
21.86300087 30.89399910 479.45001221
21.86300087 31.53300095 479.45999146
21.86199951 32.17100143 479.44000244
21.86199951 32.80899811 479.44000244
21.86300087 33.44800186 479.45001221
21.86199951 34.08700180 479.44000244
21.86199951 34.72600174 479.44000244
21.86199951 35.36399841 479.44000244
21.86199951 36.00199890 479.42999268
21.86199951 36.63999939 479.42999268
21.86100006 37.27799988 479.42001343
21.86100006 39.19400024 479.41000366
21.86100006 39.83200073 479.41000366
21.86100006 40.47100067 479.39999390
21.86000061 41.10900116 479.39999390
21.86000061 41.74700165 479.39001465
21.86000061 42.38499832 479.39001465
21.86000061 43.02299881 479.38000488
21.85899925 43.66199875 479.38000488
21.86000061 44.29999924 479.38000488
21.85899925 44.93799973 479.36999512
21.85899925 45.57600021 479.36999512
21.85799980 46.21300125 479.35000610
22.50200081 46.22499847 479.48001099
22.50300026 45.58800125 479.48999023
22.50300026 44.95100021 479.50000000
22.50300026 44.31299973 479.51000977
22.50300026 43.67399979 479.51000977
22.50300026 43.03400040 479.51000977
22.50399971 42.39599991 479.51000977
22.50399971 41.75699997 479.51998901
22.50399971 41.11899948 479.51998901
22.50399971 40.48099899 479.52999878
22.50499916 39.84199905 479.52999878
22.50499916 39.20399857 479.54000854
22.50499916 38.56600189 479.54000854
22.50499916 37.92800140 479.54998779
22.50600052 37.28900146 479.54998779
22.50600052 36.65000153 479.54998779
22.50600052 36.01100159 479.55999756
22.50600052 35.37300110 479.55999756
22.50600052 34.73500061 479.57000732
22.50600052 34.09600067 479.57000732
22.50600052 33.45700073 479.57000732
22.50600052 32.81800079 479.57000732
22.50600052 32.17900085 479.57000732
22.50699997 31.54100037 479.57000732
22.50699997 30.90200043 479.57998657
22.50699997 30.26399994 479.57998657
22.50699997 29.62599945 479.57998657
22.50699997 28.34799957 479.57998657
22.50699997 27.70899963 479.58999634
22.50799942 27.07099915 479.60000610
22.50799942 26.43199921 479.60000610
22.50799942 25.79299927 479.60000610
22.50699997 25.15399933 479.58999634
22.50699997 24.51499939 479.58999634
22.50799942 23.87800026 479.60998535
22.50799942 23.23800087 479.60998535
22.50799942 22.60000038 479.60998535
22.50799942 21.96100044 479.60000610
22.50799942 21.32099915 479.60000610
22.50799942 20.68199921 479.60000610
22.50799942 20.04299927 479.58999634
22.50799942 19.40399933 479.60000610
22.50799942 18.76499939 479.60000610
22.50799942 18.12599945 479.58999634
22.50699997 17.48699951 479.58999634
22.50699997 16.84799957 479.58999634
22.50699997 16.20999908 479.58999634
22.50699997 15.57100010 479.58999634
22.50699997 14.93200016 479.58999634
22.50699997 14.29399967 479.58999634
22.50699997 13.65600014 479.58999634
22.50699997 13.01700020 479.58999634
22.50799942 12.37699986 479.58999634
22.50799942 11.73799992 479.58999634
22.50699997 11.09799957 479.58999634
22.50799942 10.45899963 479.58999634
22.50799942 9.82180023 479.60000610
22.50799942 9.18340015 479.60000610
22.50799942 8.54500008 479.60000610
22.50799942 7.90640020 479.60000610
22.50699997 7.26770020 479.58999634
22.50699997 5.98850012 479.57998657
22.50699997 5.34849977 479.58999634
22.50799942 4.71059990 479.60000610
22.50699997 4.07280016 479.58999634
22.50699997 3.43510008 479.58999634
22.50699997 2.79579997 479.57998657
22.50699997 2.15660000 479.57998657
22.50699997 1.51750004 479.57000732
22.50699997 0.87844998 479.57000732
22.50699997 0.23953000 479.57998657
22.50699997 -0.39941001 479.57000732
22.50699997 -1.03810000 479.57998657
22.50699997 -1.67589998 479.57998657
22.50699997 -2.31529999 479.57000732
22.50699997 -2.95330000 479.57000732
22.50600052 -3.59200001 479.57000732
22.50600052 -4.23110008 479.55999756
22.50600052 -4.86950016 479.54998779
22.50499916 -5.50960016 479.54998779
22.50600052 -6.14750004 479.54998779
22.50600052 -6.78529978 479.54998779
22.50600052 -7.42430019 479.54998779
22.50499916 -8.06250000 479.54000854
22.50499916 -8.70149994 479.54000854
22.50499916 -9.34060001 479.54000854
22.50499916 -9.97900009 479.54000854
22.50499916 -10.61800003 479.54000854
22.50499916 -11.25599957 479.54000854
22.50499916 -11.89500046 479.52999878
22.50499916 -12.53499985 479.52999878
22.50499916 -13.17300034 479.52999878
22.50399971 -13.81099987 479.51998901
22.50399971 -14.44900036 479.51998901
22.50399971 -15.08699989 479.51000977
22.50399971 -15.72500038 479.51998901
22.50399971 -16.36400032 479.51998901
22.50399971 -17.00300026 479.51998901
22.50399971 -17.64200020 479.51998901
22.50399971 -18.28000069 479.51000977
22.50399971 -18.91799927 479.51000977
22.50399971 -19.55699921 479.50000000
22.50300026 -20.19599915 479.50000000
22.50300026 -20.83499908 479.50000000
22.50300026 -21.47200012 479.50000000
22.50300026 -22.11000061 479.50000000
22.50300026 -22.74699974 479.48999023
22.50200081 -23.38599968 479.48001099
22.50200081 -24.02599907 479.48001099
22.50200081 -24.66399956 479.47000122
22.50200081 -25.30299950 479.48001099
22.50200081 -25.94099998 479.48001099
22.50200081 -26.57900047 479.48001099
22.50200081 -27.21699905 479.47000122
22.50200081 -27.85499954 479.47000122
22.50200081 -28.49399948 479.45999146
22.50200081 -29.13299942 479.47000122
22.50200081 -29.77099991 479.45999146
22.50200081 -30.40999985 479.47000122
22.50200081 -31.04800034 479.47000122
22.50200081 -31.68700027 479.47000122
22.50099945 -32.32400131 479.45999146
22.50099945 -32.96200180 479.45001221
22.50000000 -33.59899902 479.44000244
22.50000000 -34.23799896 479.42999268
22.50000000 -34.87599945 479.42999268
22.50000000 -35.51399994 479.42999268
22.50000000 -38.70500183 479.42001343
22.50000000 -39.34400177 479.42001343
22.49900055 -39.98199844 479.42001343
22.49900055 -40.61999893 479.41000366
22.49900055 -41.25699997 479.41000366
22.49900055 -41.89599991 479.41000366
22.49900055 -42.53300095 479.41000366
22.49900055 -43.17200089 479.41000366
22.49900055 -43.81000137 479.39999390
22.49900055 -44.44900131 479.39999390
22.49799919 -45.08700180 479.39999390
22.49799919 -45.72399902 479.39001465
22.49799919 -46.36199951 479.39001465
22.49699974 -46.99900055 479.38000488
22.49699974 -47.63700104 479.36999512
22.49699974 -48.27700043 479.36999512
22.49699974 -48.91400146 479.36999512
23.14100075 -48.92699814 479.48999023
23.14100075 -48.28900146 479.50000000
23.14100075 -47.65000153 479.50000000
23.14200020 -47.01200104 479.50000000
23.14200020 -46.37400055 479.51998901
23.14200020 -45.09799957 479.51998901
23.14200020 -44.45899963 479.51998901
23.14200020 -43.82099915 479.51998901
23.14200020 -43.18199921 479.51998901
23.14299965 -42.54399872 479.52999878
23.14299965 -41.90800095 479.54000854
23.14299965 -41.26900101 479.54000854
23.14399910 -40.63100052 479.54000854
23.14399910 -39.99200058 479.54998779
23.14299965 -39.35400009 479.54000854
23.14299965 -38.71500015 479.54000854
23.14399910 -35.52299881 479.54998779
23.14399910 -34.88499832 479.54998779
23.14399910 -34.24700165 479.55999756
23.14500046 -33.60800171 479.57000732
23.14500046 -32.97100067 479.57998657
23.14599991 -32.33300018 479.58999634
23.14599991 -31.69499969 479.58999634
23.14599991 -31.05599976 479.58999634
23.14599991 -30.41699982 479.58999634
23.14500046 -29.77799988 479.57998657
23.14599991 -29.13999939 479.58999634
23.14599991 -28.50099945 479.58999634
23.14599991 -27.86199951 479.58999634
23.14599991 -27.22400093 479.60000610
23.14599991 -26.58600044 479.60000610
23.14599991 -25.94700050 479.60000610
23.14699936 -25.30900002 479.60998535
23.14599991 -24.67000008 479.60998535
23.14699936 -24.03100014 479.60998535
23.14599991 -23.39299965 479.60000610
23.14699936 -22.75399971 479.60998535
23.14699936 -22.11499977 479.63000488
23.14800072 -21.47800064 479.63000488
23.14699936 -20.84000015 479.63000488
23.14699936 -20.20100021 479.61999512
23.14800072 -19.56200027 479.63000488
23.14800072 -18.92399979 479.63000488
23.14800072 -18.28499985 479.63000488
23.14800072 -17.64699936 479.64001465
23.14800072 -17.00799942 479.64001465
23.14900017 -16.36899948 479.64999390
23.14800072 -15.73099995 479.64001465
23.14800072 -15.09099960 479.64001465
23.14800072 -14.45300007 479.64001465
23.14800072 -13.81400013 479.64999390
23.14900017 -13.17599964 479.64999390
23.14900017 -12.53699970 479.64999390
23.14900017 -11.89700031 479.64999390
23.14900017 -11.25899982 479.66000366
23.14900017 -10.61999989 479.66000366
23.14900017 -9.98169994 479.66000366
23.14900017 -9.34280014 479.66000366
23.14900017 -8.70380020 479.66000366
23.14900017 -8.06449986 479.66000366
23.14900017 -7.42539978 479.67001343
23.14900017 -6.78669977 479.67001343
23.14999962 -6.14839983 479.69000244
23.14999962 -5.51079988 479.69000244
23.14999962 -4.87020016 479.69000244
23.14999962 -4.23239994 479.69000244
23.14999962 -3.59279990 479.69000244
23.15099907 -2.95409989 479.69000244
23.15099907 -2.31520009 479.70001221
23.15099907 -1.67630005 479.70001221
23.15099907 -1.03820002 479.70001221
23.15099907 -0.39954999 479.70001221
23.15099907 0.23980001 479.70001221
23.15099907 0.87858999 479.70001221
23.15099907 1.51800001 479.70001221
23.15099907 2.15720010 479.70001221
23.15099907 2.79690003 479.70001221
23.15099907 3.43580008 479.70999146
23.15099907 4.07369995 479.70001221
23.15200043 4.71199989 479.70999146
23.15099907 5.35020018 479.70999146
23.15099907 5.99060011 479.70999146
23.15200043 7.26949978 479.70999146
23.15200043 7.90850019 479.72000122
23.15200043 8.54710007 479.73001099
23.15200043 9.18570042 479.72000122
23.15200043 9.82409954 479.72000122
23.15200043 10.46300030 479.72000122
23.15200043 11.10200024 479.70999146
23.15200043 11.74100018 479.72000122
23.15200043 12.38099957 479.72000122
23.15200043 13.02099991 479.73001099
23.15200043 13.65900040 479.73001099
23.15200043 14.29800034 479.72000122
23.15200043 14.93599987 479.70999146
23.15200043 15.57499981 479.70999146
23.15200043 16.21400070 479.70999146
23.15099907 16.85300064 479.70999146
23.15200043 17.49200058 479.70999146
23.15200043 18.13100052 479.72000122
23.15200043 18.77000046 479.72000122
23.15200043 19.40900040 479.72000122
23.15200043 20.04800034 479.72000122
23.15200043 20.68799973 479.72000122
23.15200043 21.32699966 479.72000122
23.15200043 21.96699905 479.73001099
23.15299988 22.60600090 479.73001099
23.15200043 23.24399948 479.73001099
23.15200043 23.88199997 479.72000122
23.15099907 24.52099991 479.70999146
23.15099907 25.15999985 479.70999146
23.15200043 25.79999924 479.72000122
23.15200043 26.43899918 479.72000122
23.15200043 27.07799911 479.72000122
23.15200043 27.71599960 479.70999146
23.15099907 28.35499954 479.70999146
23.15099907 29.63299942 479.70999146
23.15099907 30.27199936 479.70999146
23.15099907 30.91099930 479.70001221
23.15099907 31.54999924 479.70001221
23.14999962 32.18799973 479.69000244
23.14999962 32.82699966 479.69000244
23.14999962 33.46599960 479.69000244
23.15099907 34.10499954 479.69000244
23.15099907 34.74399948 479.69000244
23.14999962 35.38199997 479.69000244
23.14999962 36.02000046 479.67999268
23.14999962 36.65900040 479.67001343
23.14999962 37.29800034 479.67001343
23.14999962 37.93799973 479.67001343
23.14900017 38.57699966 479.67001343
23.14900017 39.21500015 479.66000366
23.14900017 39.85300064 479.66000366
23.14900017 40.49100113 479.66000366
23.14900017 41.13000107 479.64999390
23.14800072 41.76800156 479.64999390
23.14800072 42.40700150 479.64001465
23.14800072 43.04499817 479.64001465
23.14800072 43.68600082 479.64001465
23.14800072 44.32400131 479.63000488
23.14800072 44.96300125 479.63000488
23.14699936 45.59999847 479.61999512
23.14699936 46.23899841 479.60998535
23.79100037 46.25199890 479.73999023
23.79100037 45.61199951 479.73999023
23.79199982 44.97399902 479.76000977
23.79199982 44.33599854 479.76000977
23.79199982 43.69699860 479.76000977
23.79199982 43.05699921 479.76000977
23.79299927 42.41799927 479.76998901
23.79299927 41.77899933 479.76998901
23.79299927 41.14099884 479.77999878
23.79299927 40.50199890 479.77999878
23.79299927 39.86299896 479.77999878
23.79400063 39.22499847 479.79000854
23.79400063 38.58599854 479.79000854
23.79400063 37.94800186 479.79998779
23.79400063 37.30799866 479.79998779
23.79400063 36.66899872 479.79998779
23.79400063 36.02899933 479.79998779
23.79500008 35.39099884 479.80999756
23.79500008 34.75199890 479.82000732
23.79500008 34.11299896 479.82000732
23.79500008 33.47499847 479.82000732
23.79500008 32.83599854 479.82000732
23.79500008 32.19699860 479.82000732
23.79599953 31.55800056 479.82998657
23.79599953 30.92000008 479.83999634
23.79599953 30.28100014 479.85000610
23.79599953 29.64200020 479.83999634
23.79599953 29.00200081 479.83999634
23.79599953 28.36300087 479.83999634
23.79599953 27.72400093 479.83999634
23.79700089 27.08499908 479.85000610
23.79700089 26.44599915 479.85000610
23.79599953 25.80599976 479.83999634
23.79599953 25.16600037 479.83999634
23.79599953 24.52700043 479.83999634
23.79599953 23.88800049 479.83999634
23.79700089 23.25000000 479.85000610
23.79700089 22.61199951 479.85000610
23.79700089 21.97299957 479.85000610
23.79700089 21.33300018 479.85000610
23.79700089 20.69300079 479.85000610
23.79700089 20.05400085 479.85000610
23.79700089 19.41399956 479.85000610
23.79700089 18.77499962 479.85000610
23.79599953 18.13599968 479.83999634
23.79599953 17.49699974 479.83999634
23.79599953 16.85799980 479.83999634
23.79599953 16.21899986 479.83999634
23.79599953 15.57900047 479.83999634
23.79599953 14.93999958 479.83999634
23.79700089 14.30099964 479.85000610
23.79700089 13.66300011 479.85000610
23.79700089 13.02299976 479.85000610
23.79700089 12.38300037 479.85000610
23.79599953 11.74400043 479.83999634
23.79599953 10.46500015 479.83999634
23.79599953 9.82680035 479.83999634
23.79700089 9.18799973 479.85000610
23.79700089 8.54930019 479.85000610
23.79700089 7.91039991 479.83999634
23.79599953 7.27080011 479.83999634
23.79599953 6.63199997 479.83999634
23.79599953 5.99249983 479.83999634
23.79599953 5.35290003 479.83999634
23.79599953 4.71540022 479.82998657
23.79599953 4.07439995 479.82000732
23.79599953 3.43659997 479.82998657
23.79599953 2.79740000 479.82998657
23.79599953 2.15799999 479.82998657
23.79599953 1.51890004 479.82998657
23.79599953 0.87940001 479.82000732
23.79599953 0.24011999 479.82998657
23.79500008 -0.39971000 479.82000732
23.79500008 -1.03840005 479.82000732
23.79500008 -1.67680001 479.80999756
23.79500008 -2.31570005 479.80999756
23.79500008 -2.95479989 479.80999756
23.79500008 -3.59430003 479.79998779
23.79500008 -4.23339987 479.80999756
23.79500008 -4.87249994 479.80999756
23.79500008 -5.51140022 479.80999756
23.79400063 -6.14970016 479.79998779
23.79400063 -7.42719984 479.79000854
23.79400063 -8.06639957 479.79000854
23.79400063 -8.70610046 479.79998779
23.79400063 -9.34539986 479.79000854
23.79400063 -9.98410034 479.79998779
23.79400063 -10.62300014 479.77999878
23.79299927 -11.26200008 479.77999878
23.79299927 -11.89999962 479.77999878
23.79299927 -12.53999996 479.76998901
23.79299927 -13.17899990 479.76998901
23.79299927 -13.81799984 479.76998901
23.79299927 -14.45600033 479.76000977
23.79299927 -15.09500027 479.76998901
23.79299927 -15.73400021 479.76998901
23.79299927 -16.37299919 479.76998901
23.79299927 -17.01199913 479.76998901
23.79299927 -17.65200043 479.76998901
23.79199982 -18.29000092 479.76000977
23.79199982 -18.92900085 479.75000000
23.79199982 -19.56699944 479.75000000
23.79199982 -20.20599937 479.73999023
23.79199982 -20.84499931 479.73999023
23.79199982 -21.48299980 479.75000000
23.79199982 -22.12100029 479.73999023
23.79199982 -22.75900078 479.73999023
23.79100037 -23.39900017 479.73001099
23.79100037 -24.03800011 479.73999023
23.79100037 -24.67700005 479.73001099
23.79100037 -25.31599998 479.73001099
23.79100037 -25.95400047 479.73001099
23.79100037 -26.59300041 479.73001099
23.79100037 -27.23200035 479.73001099
23.79100037 -27.87000084 479.73001099
23.79100037 -28.50900078 479.72000122
23.79000092 -29.14699936 479.72000122
23.79000092 -29.78599930 479.70999146
23.79000092 -30.42499924 479.70999146
23.79000092 -31.06299973 479.70999146
23.79000092 -31.70199966 479.70999146
23.79000092 -32.34099960 479.70999146
23.78899956 -32.97900009 479.70001221
23.78899956 -33.61700058 479.69000244
23.78800011 -34.25500107 479.67999268
23.78800011 -34.89300156 479.67999268
23.78800011 -35.53200150 479.67999268
23.78800011 -36.16999817 479.67001343
23.78800011 -36.80899811 479.67001343
23.78800011 -37.44699860 479.67001343
23.78800011 -38.08599854 479.67001343
23.78800011 -38.72499847 479.66000366
23.78800011 -39.36399841 479.67001343
23.78800011 -40.00299835 479.67001343
23.78800011 -40.64199829 479.67001343
23.78800011 -41.27899933 479.66000366
23.78700066 -41.91799927 479.66000366
23.78700066 -42.55400085 479.64999390
23.78700066 -43.19300079 479.64001465
23.78700066 -43.83200073 479.64001465
23.78599930 -44.47100067 479.64001465
23.78599930 -45.10900116 479.64001465
23.78700066 -45.74900055 479.64001465
23.78599930 -46.38600159 479.64001465
23.78599930 -47.02399826 479.63000488
23.78599930 -47.66299820 479.63000488
23.78499985 -48.29999924 479.61999512
23.78499985 -48.93899918 479.60998535
24.43000031 -48.95100021 479.73999023
24.43000031 -48.31200027 479.73999023
24.43000031 -47.67499924 479.75000000
24.43099976 -47.03599930 479.75000000
24.43099976 -46.39799881 479.76000977
24.43099976 -45.76100159 479.76998901
24.43099976 -45.12099838 479.76998901
24.43099976 -44.48199844 479.76000977
24.43099976 -43.84299850 479.76998901
24.43099976 -43.20299911 479.76998901
24.43199921 -42.56499863 479.76998901
24.43199921 -41.92800140 479.77999878
24.43199921 -41.29000092 479.79000854
24.43199921 -40.65200043 479.79000854
24.43199921 -40.01300049 479.79000854
24.43199921 -39.37400055 479.79000854
24.43199921 -38.73500061 479.79000854
24.43199921 -37.45700073 479.79000854
24.43300056 -36.81900024 479.79998779
24.43300056 -36.17900085 479.79998779
24.43400002 -33.62599945 479.82000732
24.43400002 -32.98799896 479.82998657
24.43499947 -32.34999847 479.83999634
24.43499947 -31.70999908 479.82998657
24.43499947 -31.07200050 479.83999634
24.43499947 -30.43199921 479.82998657
24.43499947 -29.79299927 479.82998657
24.43499947 -29.15399933 479.83999634
24.43499947 -28.51700020 479.85000610
24.43600082 -27.87800026 479.85000610
24.43600082 -27.23900032 479.85998535
24.43600082 -26.60000038 479.85998535
24.43600082 -25.96100044 479.85998535
24.43600082 -25.32299995 479.85998535
24.43600082 -24.68400002 479.85998535
24.43600082 -24.04500008 479.85998535
24.43600082 -23.40600014 479.85998535
24.43600082 -22.76600075 479.86999512
24.43600082 -22.12700081 479.85998535
24.43600082 -21.48800087 479.86999512
24.43600082 -20.84900093 479.85998535
24.43600082 -20.21100044 479.85998535
24.43600082 -19.57099915 479.86999512
24.43600082 -18.93300056 479.86999512
24.43700027 -18.29400063 479.86999512
24.43700027 -17.65600014 479.88000488
24.43700027 -17.01600075 479.89001465
24.43700027 -16.37700081 479.89001465
24.43700027 -15.73700047 479.89001465
24.43700027 -15.09799957 479.89001465
24.43700027 -14.46000004 479.89001465
24.43700027 -13.82100010 479.89001465
24.43700027 -13.18200016 479.89001465
24.43799973 -12.54199982 479.89999390
24.43899918 -10.62500000 479.91000366
24.43899918 -9.98639965 479.92001343
24.43899918 -9.34770012 479.92999268
24.43899918 -8.70870018 479.92999268
24.43899918 -8.06949997 479.92001343
24.43899918 -7.42959976 479.92001343
24.43899918 -6.79050016 479.92001343
24.43899918 -6.15159988 479.92999268
24.44000053 -5.51280022 479.92999268
24.44000053 -4.87389994 479.94000244
24.44000053 -4.23470020 479.92999268
24.43899918 -3.59549999 479.92999268
24.44000053 -2.95589995 479.92999268
24.43899918 -2.31629992 479.92999268
24.44000053 -1.67729998 479.92999268
24.44000053 -1.03849995 479.92999268
24.44000053 -0.39954999 479.94000244
24.44099998 0.23993000 479.95001221
24.44099998 0.87980002 479.95001221
24.44099998 1.51960003 479.95001221
24.44099998 2.15840006 479.95999146
24.44099998 2.79789996 479.95999146
24.44099998 3.43720007 479.95999146
24.44099998 4.07569981 479.95999146
24.44099998 4.71600008 479.97000122
24.44099998 5.35489988 479.97000122
24.44099998 5.99450016 479.97000122
24.44099998 6.63420010 479.95999146
24.44099998 7.27279997 479.97000122
24.44099998 7.91260004 479.97000122
24.44199944 8.55119991 479.97000122
24.44099998 9.19019985 479.97000122
24.44099998 9.82900047 479.97000122
24.44099998 10.46800041 479.97000122
24.44099998 11.74699974 479.97000122
24.44199944 12.38700008 479.97000122
24.44199944 13.02700043 479.98001099
24.44199944 13.66600037 479.98001099
24.44199944 14.30500031 479.98001099
24.44199944 14.94499969 479.97000122
24.44199944 15.58399963 479.97000122
24.44199944 16.22400093 479.97000122
24.44099998 16.86199951 479.97000122
24.44199944 17.50200081 479.97000122
24.44199944 18.14100075 479.97000122
24.44099998 18.77899933 479.97000122
24.44099998 19.41900063 479.97000122
24.44099998 20.69799995 479.97000122
24.44099998 21.33900070 479.97000122
24.44199944 21.97800064 479.97000122
24.44199944 22.61899948 479.98001099
24.44199944 23.25699997 479.98001099
24.44199944 23.89399910 479.98001099
24.44199944 24.53300095 479.97000122
24.44099998 25.17300034 479.97000122
24.44099998 25.81299973 479.97000122
24.44099998 26.45299911 479.97000122
24.44199944 27.09199905 479.97000122
24.44099998 27.73100090 479.97000122
24.44099998 28.37000084 479.97000122
24.44099998 29.01000023 479.97000122
24.44199944 29.64999962 479.97000122
24.44099998 30.28800011 479.97000122
24.44099998 30.92700005 479.95999146
24.44099998 31.56599998 479.95999146
24.44000053 32.84500122 479.94000244
24.44000053 33.48400116 479.94000244
24.44000053 34.12200165 479.94000244
24.44000053 34.76200104 479.94000244
24.44000053 35.40100098 479.94000244
24.44000053 36.04000092 479.94000244
24.43899918 36.67900085 479.92999268
24.43899918 37.31900024 479.92999268
24.43899918 37.95800018 479.92001343
24.43899918 38.59700012 479.92001343
24.43899918 39.23500061 479.92001343
24.43799973 39.87400055 479.91000366
24.43799973 40.51200104 479.91000366
24.43799973 41.15100098 479.89999390
24.43799973 41.79000092 479.89001465
24.43700027 42.42800140 479.89001465
24.43700027 43.06800079 479.89001465
24.43700027 43.70700073 479.88000488
24.43700027 44.34600067 479.88000488
24.43600082 44.98500061 479.86999512
24.43600082 45.62400055 479.85998535
24.43600082 46.26300049 479.85998535
25.08099937 46.27399826 479.98001099
25.08099937 45.63499832 479.98999023
25.08200073 44.99599838 480.00000000
25.08200073 44.35800171 480.00000000
25.08200073 43.71799850 480.01000977
25.08200073 43.07899857 480.01000977
25.08300018 42.43899918 480.01998901
25.08300018 41.80099869 480.01998901
25.08300018 41.16199875 480.02999878
25.08300018 40.52299881 480.02999878
25.08399963 39.88399887 480.04000854
25.08399963 39.24499893 480.04000854
25.08399963 38.60599899 480.04000854
25.08399963 37.96699905 480.04998779
25.08399963 37.32799911 480.04998779
25.08499908 36.68899918 480.05999756
25.08499908 36.04899979 480.05999756
25.08499908 35.40999985 480.07000732
25.08499908 34.77099991 480.05999756
25.08499908 34.13100052 480.05999756
25.08499908 33.49200058 480.05999756
25.08499908 32.85300064 480.05999756
25.08600044 32.21400070 480.07000732
25.08600044 31.57399940 480.07998657
25.08600044 30.93600082 480.08999634
25.08699989 30.29700089 480.10000610
25.08699989 29.65800095 480.08999634
25.08600044 29.01799965 480.08999634
25.08699989 28.37800026 480.10000610
25.08699989 27.73800087 480.10000610
25.08699989 27.09900093 480.10000610
25.08699989 26.45999908 480.10000610
25.08600044 25.81900024 480.08999634
25.08699989 25.17900085 480.08999634
25.08699989 24.54000092 480.10000610
25.08699989 23.90099907 480.10000610
25.08699989 23.26300049 480.10000610
25.08699989 22.62400055 480.10000610
25.08699989 21.98299980 480.10000610
25.08699989 21.34399986 480.10000610
25.08699989 20.70400047 480.08999634
25.08699989 20.06399918 480.08999634
25.08699989 19.42399979 480.10000610
25.08699989 18.78499985 480.10000610
25.08699989 18.14599991 480.10000610
25.08699989 17.50699997 480.10000610
25.08699989 16.86599922 480.10000610
25.08699989 16.22800064 480.10000610
25.08699989 15.58899975 480.10998535
25.08699989 14.94900036 480.10998535
25.08699989 14.30900002 480.10998535
25.08699989 13.66899967 480.10998535
25.08699989 13.02999973 480.10000610
25.08699989 12.39000034 480.10000610
25.08699989 11.75100040 480.10000610
25.08600044 11.11100006 480.08999634
25.08699989 10.47099972 480.08999634
25.08699989 9.83160019 480.08999634
25.08699989 9.19250011 480.10000610
25.08699989 8.55340004 480.10000610
25.08699989 7.91440010 480.08999634
25.08699989 7.27440023 480.08999634
25.08699989 6.63530016 480.08999634
25.08699989 5.99609995 480.10000610
25.08699989 5.35650015 480.10000610
25.08699989 4.71729994 480.10000610
25.08699989 4.07679987 480.08999634
25.08699989 3.43840003 480.08999634
25.08699989 2.79889989 480.08999634
25.08600044 2.15949988 480.08999634
25.08600044 1.52069998 480.07998657
25.08600044 0.88042998 480.07998657
25.08600044 0.24007000 480.07000732
25.08499908 -2.95679998 480.05999756
25.08499908 -3.59649992 480.05999756
25.08499908 -4.23579979 480.05999756
25.08499908 -4.87519979 480.07000732
25.08499908 -5.51389980 480.05999756
25.08499908 -6.15320015 480.04998779
25.08399963 -6.79209995 480.04998779
25.08399963 -7.43200016 480.04998779
25.08499908 -8.07219982 480.04998779
25.08499908 -8.71129990 480.05999756
25.08499908 -9.35029984 480.05999756
25.08499908 -9.98890018 480.04998779
25.08399963 -10.62800026 480.04000854
25.08300018 -13.18500042 480.01998901
25.08300018 -13.82400036 480.01998901
25.08300018 -14.46399975 480.01998901
25.08300018 -15.10200024 480.01998901
25.08300018 -15.74100018 480.01000977
25.08300018 -16.38100052 480.01998901
25.08300018 -17.02099991 480.01998901
25.08200073 -17.66099930 480.01000977
25.08200073 -18.29899979 480.00000000
25.08099937 -18.93799973 479.98999023
25.08099937 -19.57600021 479.98999023
25.08099937 -20.21599960 479.98999023
25.08099937 -20.85499954 479.98999023
25.08200073 -21.49399948 479.98999023
25.08200073 -22.13400078 479.98999023
25.08099937 -22.77199936 479.98999023
25.08200073 -23.41200066 479.98999023
25.08099937 -24.05100060 479.98999023
25.08099937 -24.68899918 479.98999023
25.08099937 -25.32900047 479.98001099
25.08099937 -25.96800041 479.98001099
25.08099937 -26.60700035 479.98001099
25.08099937 -27.24600029 479.97000122
25.08099937 -27.88500023 479.98001099
25.07999992 -28.52300072 479.97000122
25.07999992 -29.16099930 479.97000122
25.07999992 -29.80100060 479.97000122
25.07999992 -30.44000053 479.97000122
25.07999992 -31.07999992 479.97000122
25.07999992 -31.71899986 479.97000122
25.07999992 -32.35800171 479.95999146
25.07900047 -32.99599838 479.95001221
25.07900047 -33.63399887 479.94000244
25.07799911 -35.55099869 479.92999268
25.07799911 -36.18899918 479.92001343
25.07799911 -36.82899857 479.92999268
25.07799911 -37.46799850 479.92999268
25.07799911 -38.10699844 479.92999268
25.07799911 -38.74599838 479.92001343
25.07799911 -39.38399887 479.92001343
25.07799911 -40.02299881 479.92001343
25.07799911 -40.66199875 479.92001343
25.07699966 -41.30099869 479.92001343
25.07699966 -41.93899918 479.91000366
25.07699966 -42.57600021 479.89999390
25.07600021 -43.21500015 479.89001465
25.07600021 -43.85499954 479.89001465
25.07600021 -44.49300003 479.89001465
25.07600021 -45.13299942 479.89001465
25.07600021 -45.77199936 479.89999390
25.07600021 -46.40999985 479.89001465
25.07500076 -47.04800034 479.88000488
25.07500076 -47.68700027 479.86999512
25.07500076 -48.32500076 479.85998535
25.07500076 -48.96300125 479.85998535
25.71999931 -48.97700119 479.98999023
25.71999931 -48.33800125 479.98999023
25.72100067 -47.69900131 480.00000000
25.72100067 -47.06000137 480.00000000
25.72100067 -46.42200089 480.01000977
25.72200012 -45.78400040 480.01998901
25.72200012 -45.14500046 480.01998901
25.72200012 -44.50500107 480.01998901
25.72200012 -43.86600113 480.01998901
25.72200012 -43.22700119 480.01998901
25.72200012 -42.58800125 480.02999878
25.72200012 -41.95000076 480.02999878
25.72299957 -41.31200027 480.04000854
25.72299957 -40.67200089 480.04000854
25.72299957 -40.03300095 480.04000854
25.72299957 -39.39400101 480.04000854
25.72299957 -38.75500107 480.04998779
25.72400093 -38.11600113 480.04998779
25.72400093 -37.47800064 480.04998779
25.72299957 -36.83800125 480.04998779
25.72299957 -36.19900131 480.04998779
25.72400093 -33.64199829 480.07000732
25.72500038 -33.00400162 480.07998657
25.72500038 -32.36600113 480.08999634
25.72599983 -31.72800064 480.08999634
25.72599983 -31.08900070 480.08999634
25.72599983 -30.44899940 480.08999634
25.72500038 -29.80999947 480.08999634
25.72599983 -29.16900063 480.08999634
25.72599983 -28.53000069 480.10000610
25.72599983 -27.89200020 480.10000610
25.72599983 -27.25300026 480.10000610
25.72599983 -26.61400032 480.10000610
25.72599983 -25.97400093 480.10000610
25.72699928 -25.33499908 480.10998535
25.72699928 -24.69599915 480.11999512
25.72699928 -24.05699921 480.11999512
25.72699928 -23.41799927 480.11999512
25.72699928 -22.77899933 480.10998535
25.72699928 -22.13999939 480.11999512
25.72699928 -21.50000000 480.11999512
25.72699928 -20.86000061 480.11999512
25.72699928 -20.21999931 480.11999512
25.72699928 -19.58099937 480.11999512
25.72800064 -18.94300079 480.13000488
25.72800064 -18.30400085 480.14001465
25.72800064 -17.66500092 480.14001465
25.72800064 -17.02499962 480.14001465
25.72800064 -16.38500023 480.14001465
25.72800064 -15.74499989 480.14001465
25.72800064 -15.10599995 480.14999390
25.72800064 -14.46700001 480.14001465
25.72800064 -13.82800007 480.14001465
25.72800064 -13.18900013 480.14001465
25.72900009 -11.90900040 480.14999390
25.72900009 -10.63000011 480.16000366
25.72999954 -9.99110031 480.17001343
25.72999954 -9.35219955 480.17001343
25.72999954 -8.71310043 480.17001343
25.72999954 -8.07390022 480.17001343
25.72999954 -7.43370008 480.17001343
25.72999954 -6.79300022 480.17999268
25.72999954 -6.15439987 480.17999268
25.72999954 -5.51510000 480.17999268
25.73100090 -4.87639999 480.19000244
25.73100090 -4.23719978 480.19000244
25.72999954 -3.59739995 480.17999268
25.72999954 -2.95740008 480.17999268
25.73100090 0.23982000 480.19000244
25.73100090 0.88067001 480.20001221
25.73200035 1.52079999 480.20999146
25.73200035 2.16000009 480.20999146
25.73200035 2.79940009 480.20999146
25.73200035 3.43880010 480.20999146
25.73200035 4.07789993 480.22000122
25.73299980 4.71829987 480.22000122
25.73299980 5.35780001 480.23001099
25.73299980 5.99749994 480.23001099
25.73200035 6.63670015 480.22000122
25.73200035 7.27629995 480.22000122
25.73200035 7.91639996 480.22000122
25.73200035 8.55550003 480.22000122
25.73299980 9.19480038 480.22000122
25.73299980 9.83479977 480.23001099
25.73299980 10.47500038 480.22000122
25.73299980 11.11499977 480.22000122
25.73299980 11.75399971 480.23001099
25.73200035 12.39299965 480.22000122
25.73299980 13.03299999 480.22000122
25.73299980 13.67300034 480.23001099
25.73299980 14.31299973 480.23001099
25.73299980 14.95300007 480.23001099
25.73299980 15.59300041 480.23001099
25.73299980 16.23200035 480.23001099
25.73299980 16.87100029 480.23001099
25.73299980 17.51099968 480.23001099
25.73299980 18.14999962 480.23001099
25.73299980 18.79000092 480.23001099
25.73299980 19.43000031 480.23001099
25.73200035 20.06999969 480.22000122
25.73299980 20.70899963 480.22000122
25.73299980 21.34900093 480.22000122
25.73200035 21.98800087 480.22000122
25.73299980 22.62999916 480.23001099
25.73299980 23.26899910 480.23001099
25.73299980 23.90699959 480.23001099
25.73200035 24.54599953 480.22000122
25.73200035 25.18499947 480.22000122
25.73200035 25.82600021 480.22000122
25.73299980 26.46599960 480.23001099
25.73299980 27.10600090 480.23001099
25.73299980 27.74600029 480.23001099
25.73200035 28.38599968 480.22000122
25.73200035 29.02499962 480.20999146
25.73200035 29.66399956 480.20999146
25.73200035 30.30400085 480.20999146
25.73200035 30.94400024 480.20999146
25.73200035 31.58200073 480.20999146
25.73100090 32.22200012 480.20001221
25.73100090 32.86100006 480.19000244
25.72999954 33.50000000 480.19000244
25.72999954 34.13999939 480.17999268
25.72999954 34.77899933 480.17999268
25.73100090 35.41899872 480.19000244
25.73100090 36.05899811 480.19000244
25.72999954 36.69900131 480.19000244
25.72999954 37.33800125 480.17999268
25.72999954 37.97800064 480.17999268
25.72999954 38.61600113 480.17001343
25.72900009 39.25500107 480.17001343
25.72900009 39.89400101 480.16000366
25.72900009 40.53300095 480.16000366
25.72900009 41.17200089 480.14999390
25.72800064 41.81200027 480.14999390
25.72800064 42.45100021 480.14001465
25.72800064 43.09099960 480.14001465
25.72800064 43.72999954 480.13000488
25.72699928 44.36899948 480.13000488
25.72699928 45.00799942 480.11999512
25.72699928 45.64699936 480.11999512
26.37299919 46.29899979 480.23999023
26.37299919 45.66099930 480.25000000
26.37299919 45.02099991 480.25000000
26.37400055 41.82300186 480.26998901
26.37400055 41.18299866 480.27999878
26.37500000 40.54399872 480.27999878
26.37599945 39.90599823 480.29998779
26.37599945 39.26800156 480.30999756
26.37599945 38.62900162 480.30999756
26.37599945 37.98899841 480.30999756
26.37599945 37.34799957 480.29998779
26.37599945 36.70800018 480.30999756
26.37599945 36.06800079 480.30999756
26.37599945 35.42800140 480.30999756
26.37599945 34.78799820 480.30999756
26.37599945 34.14799881 480.30999756
26.37599945 33.50899887 480.30999756
26.37700081 32.86899948 480.32000732
26.37700081 32.22999954 480.32998657
26.37800026 31.59099960 480.32998657
26.37800026 30.95199966 480.32998657
26.37800026 30.31200027 480.32998657
26.37800026 29.67200089 480.32998657
26.37800026 29.03300095 480.33999634
26.37800026 28.39299965 480.33999634
26.37800026 27.75300026 480.35000610
26.37899971 27.11400032 480.35000610
26.37899971 26.47299957 480.35000610
26.37800026 25.83300018 480.35000610
26.37800026 25.19199944 480.35000610
26.37899971 24.55400085 480.35000610
26.37800026 23.91300011 480.33999634
26.37800026 23.27499962 480.35000610
26.37800026 22.63500023 480.35000610
26.37800026 21.99399948 480.35000610
26.37800026 21.35400009 480.35000610
26.37800026 20.71400070 480.35000610
26.37800026 20.07500076 480.33999634
26.37899971 19.43499947 480.35000610
26.37899971 18.79500008 480.35000610
26.37899971 18.15500069 480.35000610
26.37899971 17.51499939 480.35000610
26.37899971 16.87500000 480.35000610
26.37899971 16.23600006 480.35000610
26.37899971 15.59700012 480.35998535
26.37899971 14.95699978 480.35000610
26.37800026 14.31700039 480.35000610
26.37800026 13.67599964 480.35000610
26.37800026 13.03600025 480.33999634
26.37800026 12.39700031 480.33999634
26.37800026 11.75699997 480.35000610
26.37899971 11.11699963 480.35000610
26.37899971 10.47799969 480.35998535
26.37899971 9.83780003 480.35998535
26.37899971 9.19789982 480.35000610
26.37800026 8.55840015 480.35000610
26.37800026 7.91830015 480.33999634
26.37800026 7.27790022 480.33999634
26.37800026 6.63859987 480.35000610
26.37899971 5.99910021 480.35000610
26.37899971 5.35939980 480.35000610
26.37800026 4.71950006 480.33999634
26.37800026 4.07910013 480.33999634
26.37700081 3.43939996 480.32000732
26.37700081 2.79990005 480.32998657
26.37800026 2.16079998 480.32998657
26.37700081 1.52129996 480.32998657
26.37700081 0.88103998 480.32000732
26.37700081 0.24016000 480.32000732
26.37599945 -2.95819998 480.30999756
26.37599945 -3.59879994 480.30999756
26.37700081 -4.23820019 480.32000732
26.37700081 -4.87769985 480.32000732
26.37700081 -5.51650000 480.30999756
26.37700081 -6.15619993 480.30999756
26.37599945 -6.79510021 480.30999756
26.37599945 -7.43559980 480.29998779
26.37599945 -8.07569981 480.29998779
26.37500000 -8.71510029 480.29000854
26.37500000 -9.35439968 480.29000854
26.37500000 -9.99359989 480.27999878
26.37500000 -10.63199997 480.27999878
26.37500000 -11.91199970 480.26998901
26.37400055 -13.19200039 480.26998901
26.37400055 -13.83100033 480.26998901
26.37400055 -14.47000027 480.26998901
26.37400055 -15.10900021 480.26000977
26.37400055 -16.38899994 480.26000977
26.37400055 -17.02899933 480.26000977
26.37400055 -17.67000008 480.26998901
26.37400055 -18.30900002 480.26998901
26.37400055 -18.94700050 480.26000977
26.37400055 -19.58699989 480.26998901
26.37299919 -20.22599983 480.25000000
26.37299919 -20.86599922 480.25000000
26.37299919 -21.50499916 480.25000000
26.37299919 -22.14599991 480.25000000
26.37299919 -22.78400040 480.23999023
26.37299919 -23.42399979 480.23999023
26.37299919 -24.06299973 480.25000000
26.37299919 -24.70199966 480.23999023
26.37199974 -25.34199905 480.23001099
26.37199974 -25.98100090 480.22000122
26.37199974 -26.62100029 480.22000122
26.37100029 -27.25900078 480.22000122
26.37100029 -27.89800072 480.22000122
26.37100029 -28.53700066 480.20999146
26.37100029 -29.17700005 480.20999146
26.37100029 -29.81699944 480.20999146
26.37100029 -30.45700073 480.20999146
26.37100029 -31.09700012 480.22000122
26.37100029 -31.73500061 480.20999146
26.37100029 -32.37400055 480.20999146
26.37000084 -33.01300049 480.20001221
26.37000084 -33.65200043 480.19000244
26.37000084 -34.29199982 480.19000244
26.37000084 -34.93099976 480.19000244
26.37000084 -35.56999969 480.19000244
26.36899948 -36.20899963 480.17999268
26.36899948 -36.84799957 480.17999268
26.36899948 -37.48699951 480.17001343
26.36899948 -38.12599945 480.17001343
26.36800003 -38.76499939 480.16000366
26.36899948 -39.40399933 480.17001343
26.36800003 -40.04299927 480.16000366
26.36800003 -40.68299866 480.16000366
26.36800003 -41.32199860 480.16000366
26.36800003 -41.96200180 480.16000366
26.36800003 -42.60100174 480.16000366
26.36800003 -43.23899841 480.14999390
26.36800003 -43.87900162 480.14999390
26.36800003 -44.51800156 480.14999390
26.36800003 -45.15700150 480.14999390
26.36800003 -45.79700089 480.14999390
26.36700058 -46.43500137 480.14001465
26.36700058 -47.07300186 480.13000488
26.36599922 -47.71099854 480.11999512
26.36599922 -48.34999847 480.11999512
26.36599922 -48.98899841 480.11999512
27.01199913 -49.00199890 480.23999023
27.01199913 -48.36299896 480.25000000
27.01199913 -47.72399902 480.25000000
27.01300049 -47.08499908 480.26000977
27.01300049 -46.44699860 480.26998901
27.01399994 -45.80799866 480.26998901
27.01399994 -45.16899872 480.27999878
27.01399994 -44.52999878 480.27999878
27.01399994 -43.88999939 480.27999878
27.01399994 -43.25099945 480.27999878
27.01399994 -42.61100006 480.27999878
27.01399994 -41.97200012 480.27999878
27.01399994 -41.33300018 480.29000854
27.01499939 -40.69300079 480.29000854
27.01499939 -40.05400085 480.29000854
27.01499939 -39.41400146 480.29000854
27.01499939 -38.77500153 480.29000854
27.01499939 -38.13600159 480.29998779
27.01499939 -37.49700165 480.29000854
27.01499939 -36.85699844 480.30999756
27.01600075 -36.21799850 480.30999756
27.01600075 -35.58000183 480.32000732
27.01600075 -34.94100189 480.32000732
27.01600075 -34.30099869 480.30999756
27.01600075 -33.66099930 480.32000732
27.01600075 -33.02199936 480.32000732
27.01700020 -32.38199997 480.32998657
27.01700020 -31.74300003 480.33999634
27.01700020 -31.10400009 480.33999634
27.01700020 -30.46500015 480.33999634
27.01799965 -29.82500076 480.33999634
27.01799965 -28.54500008 480.35000610
27.01799965 -27.90600014 480.35000610
27.01799965 -27.26600075 480.35000610
27.01799965 -26.62700081 480.33999634
27.01799965 -25.34799957 480.35998535
27.01899910 -24.70899963 480.35998535
27.01899910 -24.06999969 480.36999512
27.01899910 -23.43000031 480.35998535
27.01899910 -22.78899956 480.36999512
27.01899910 -22.15099907 480.36999512
27.01899910 -21.51099968 480.36999512
27.02000046 -20.87199974 480.38000488
27.02000046 -20.23200035 480.38000488
27.02000046 -19.59199905 480.39001465
27.02000046 -18.95199966 480.39001465
27.02000046 -18.31299973 480.39001465
27.02000046 -17.67399979 480.39001465
27.02000046 -17.03300095 480.39999390
27.02099991 -16.39399910 480.39999390
27.02000046 -15.75399971 480.39001465
27.02000046 -15.11400032 480.39999390
27.02000046 -14.47399998 480.39001465
27.02099991 -11.27600002 480.41000366
27.02099991 -10.63500023 480.41000366
27.02199936 -9.99600029 480.42001343
27.02199936 -9.35690022 480.42001343
27.02199936 -8.71749973 480.42001343
27.02199936 -8.07719994 480.42001343
27.02199936 -7.43760014 480.42001343
27.02199936 -6.79680014 480.42999268
27.02300072 -6.15749979 480.44000244
27.02300072 -5.51800013 480.44000244
27.02300072 -4.87900019 480.44000244
27.02300072 -4.23920012 480.44000244
27.02199936 -3.59929991 480.42999268
27.02300072 -0.39927000 480.44000244
27.02300072 0.24031000 480.44000244
27.02400017 0.88137001 480.45999146
27.02400017 1.52149999 480.45999146
27.02400017 2.16100001 480.45001221
27.02300072 2.80019999 480.45001221
27.02300072 3.44020009 480.45001221
27.02400017 4.07989979 480.45999146
27.02400017 4.72039986 480.45999146
27.02499962 5.36089993 480.47000122
27.02499962 6.00110006 480.47000122
27.02400017 6.64050007 480.47000122
27.02499962 7.28119993 480.48001099
27.02499962 7.92080021 480.48001099
27.02499962 8.56130028 480.48999023
27.02599907 9.20090008 480.48999023
27.02599907 9.84060001 480.48999023
27.02499962 10.47999954 480.48001099
27.02499962 11.11999989 480.48001099
27.02499962 11.76000023 480.48001099
27.02499962 12.39900017 480.47000122
27.02499962 13.03899956 480.47000122
27.02499962 13.68000031 480.48001099
27.02499962 14.31999969 480.48001099
27.02599907 14.96100044 480.48999023
27.02499962 15.60000038 480.48999023
27.02599907 16.24099922 480.48999023
27.02599907 16.88100052 480.48999023
27.02499962 17.52000046 480.48001099
27.02499962 18.15999985 480.48001099
27.02499962 18.79999924 480.48001099
27.02499962 19.44000053 480.48001099
27.02499962 20.07999992 480.48001099
27.02499962 20.71999931 480.48001099
27.02400017 21.35899925 480.47000122
27.02499962 22.00000000 480.47000122
27.02499962 22.64100075 480.47000122
27.02499962 23.28100014 480.48001099
27.02499962 23.92000008 480.47000122
27.02499962 24.55999947 480.47000122
27.02400017 25.19899940 480.47000122
27.02400017 25.83900070 480.47000122
27.02499962 26.47999954 480.47000122
27.02400017 27.12100029 480.47000122
27.02400017 27.76099968 480.47000122
27.02400017 28.39999962 480.45999146
27.02400017 29.04000092 480.45999146
27.02400017 29.67900085 480.45999146
27.02400017 30.31900024 480.45999146
27.02400017 30.95999908 480.45999146
27.02400017 31.59900093 480.45999146
27.02400017 32.23899841 480.45999146
27.02300072 32.87900162 480.45001221
27.02300072 33.51800156 480.44000244
27.02300072 34.15800095 480.44000244
27.02300072 34.79800034 480.44000244
27.02300072 35.43799973 480.44000244
27.02199936 36.07799911 480.42999268
27.02199936 36.71799850 480.42999268
27.02199936 37.35699844 480.42999268
27.02199936 37.99900055 480.42999268
27.02300072 38.63899994 480.44000244
27.02199936 39.27799988 480.42999268
27.02199936 39.91600037 480.42001343
27.02099991 40.55500031 480.41000366
27.02099991 41.19499969 480.41000366
27.02099991 41.83499908 480.41000366
27.02099991 42.47499847 480.39999390
27.02000046 43.11399841 480.39999390
27.01899910 45.03300095 480.38000488
27.01899910 45.67300034 480.38000488
27.01899910 46.31200027 480.36999512
27.01799965 46.95100021 480.35998535
27.66500092 46.96300125 480.48001099
27.66600037 46.32400131 480.50000000
27.66600037 45.68500137 480.51000977
27.66600037 45.04499817 480.51000977
27.66699982 43.12599945 480.51998901
27.66699982 42.48600006 480.52999878
27.66799927 41.84700012 480.52999878
27.66799927 41.20700073 480.54000854
27.66799927 40.56600189 480.54000854
27.66799927 39.92699814 480.54998779
27.66900063 39.28799820 480.55999756
27.66900063 38.64899826 480.55999756
27.66900063 38.00899887 480.54998779
27.66900063 37.36700058 480.54998779
27.66900063 36.72800064 480.55999756
27.66900063 36.08800125 480.55999756
27.67000008 35.44800186 480.57000732
27.67000008 34.80799866 480.57000732
27.67000008 34.16699982 480.57000732
27.67000008 33.52799988 480.57998657
27.67000008 32.88800049 480.57998657
27.67000008 32.24800110 480.57998657
27.67099953 31.60799980 480.58999634
27.67099953 30.96800041 480.58999634
27.67099953 30.32799911 480.58999634
27.67099953 29.68700027 480.58999634
27.67099953 29.04700089 480.58999634
27.67099953 28.40699959 480.58999634
27.67099953 27.76799965 480.58999634
27.67099953 27.12800026 480.58999634
27.67099953 26.48699951 480.60000610
27.67099953 25.84600067 480.60000610
27.67099953 25.20599937 480.60000610
27.67200089 24.56699944 480.60998535
27.67200089 23.92700005 480.60998535
27.67200089 23.28800011 480.60998535
27.67200089 22.64699936 480.60000610
27.67099953 22.00600052 480.60000610
27.67099953 21.36499977 480.60000610
27.67200089 20.72500038 480.60000610
27.67200089 20.08499908 480.60998535
27.67200089 19.44599915 480.60998535
27.67200089 18.80500031 480.60000610
27.67200089 18.16500092 480.60000610
27.67200089 17.52499962 480.60998535
27.67200089 16.88500023 480.60998535
27.67200089 16.24500084 480.60998535
27.67200089 15.60400009 480.60998535
27.67200089 14.96399975 480.60998535
27.67200089 14.32400036 480.60998535
27.67200089 13.68400002 480.60000610
27.67200089 13.04300022 480.60000610
27.67200089 12.40299988 480.60000610
27.67200089 11.76299953 480.60998535
27.67200089 11.12300014 480.60998535
27.67200089 10.48400021 480.60998535
27.67200089 9.84300041 480.60998535
27.67200089 9.20339966 480.60998535
27.67200089 8.56379986 480.60998535
27.67099953 7.92290020 480.60000610
27.67200089 7.28340006 480.60000610
27.67099953 6.64239979 480.58999634
27.67099953 6.00269985 480.58999634
27.67099953 5.36210012 480.58999634
27.67099953 4.72119999 480.57998657
27.67099953 4.08090019 480.58999634
27.67000008 3.44109988 480.57000732
27.67000008 2.80130005 480.57000732
27.67000008 2.16140008 480.57000732
27.67000008 1.52170002 480.57998657
27.67000008 0.88121998 480.57998657
27.67000008 0.24073000 480.57998657
27.67000008 -0.39894000 480.57000732
27.67000008 -1.03980005 480.57000732
27.67000008 -1.67920005 480.57000732
27.67000008 -2.31890011 480.57000732
27.66900063 -2.95910001 480.55999756
27.66900063 -3.59960008 480.55999756
27.66900063 -4.23969984 480.55999756
27.67000008 -4.88000011 480.57000732
27.66900063 -5.51929998 480.55999756
27.66900063 -6.15899992 480.55999756
27.66900063 -6.79879999 480.54998779
27.66799927 -7.43959999 480.54998779
27.66799927 -8.07960033 480.54000854
27.66799927 -8.72010040 480.54000854
27.66799927 -9.35949993 480.54998779
27.66900063 -9.99899960 480.54998779
27.66799927 -10.63799953 480.54000854
27.66799927 -11.27900028 480.54000854
27.66799927 -11.91899967 480.54000854
27.66699982 -14.47799969 480.51998901
27.66699982 -15.11800003 480.51998901
27.66699982 -15.75800037 480.51998901
27.66699982 -16.39800072 480.51998901
27.66699982 -17.03700066 480.51998901
27.66699982 -17.67799950 480.51998901
27.66699982 -18.31699944 480.51998901
27.66699982 -18.95700073 480.51000977
27.66699982 -19.59700012 480.51998901
27.66600037 -20.23699951 480.51000977
27.66600037 -20.87700081 480.51000977
27.66600037 -21.51600075 480.50000000
27.66600037 -22.15699959 480.50000000
27.66500092 -22.79599953 480.48999023
27.66600037 -23.43600082 480.50000000
27.66600037 -24.07600021 480.50000000
27.66500092 -24.71500015 480.48999023
27.66500092 -25.35400009 480.48001099
27.66399956 -26.63299942 480.47000122
27.66399956 -27.27300072 480.47000122
27.66399956 -27.91300011 480.47000122
27.66399956 -28.55299950 480.47000122
27.66399956 -29.19300079 480.47000122
27.66399956 -29.83300018 480.47000122
27.66399956 -30.47200012 480.45999146
27.66399956 -31.11300087 480.45999146
27.66399956 -31.75200081 480.45999146
27.66399956 -32.39099884 480.45999146
27.66300011 -33.03099823 480.45999146
27.66300011 -33.66999817 480.45001221
27.66200066 -34.31000137 480.44000244
27.66300011 -34.95000076 480.45001221
27.66300011 -35.58900070 480.44000244
27.66200066 -36.22700119 480.42999268
27.66099930 -36.86600113 480.42001343
27.66099930 -39.42399979 480.41000366
27.66099930 -40.06399918 480.41000366
27.66099930 -41.34299850 480.41000366
27.65999985 -41.98300171 480.41000366
27.65999985 -42.62200165 480.41000366
27.65999985 -43.26200104 480.39999390
27.65999985 -43.90200043 480.39999390
27.65999985 -44.54299927 480.41000366
27.66099930 -45.18199921 480.41000366
27.65999985 -45.82099915 480.41000366
27.65999985 -46.45899963 480.39999390
27.65900040 -47.09700012 480.38000488
27.65800095 -47.73600006 480.36999512
27.65800095 -48.37500000 480.36999512
28.30500031 -48.38800049 480.50000000
28.30500031 -47.74900055 480.50000000
28.30599976 -47.10900116 480.51000977
28.30599976 -46.47000122 480.51998901
28.30699921 -45.83200073 480.52999878
28.30699921 -45.19300079 480.52999878
28.30699921 -44.55400085 480.52999878
28.30699921 -43.91299820 480.52999878
28.30699921 -43.27299881 480.52999878
28.30699921 -42.63299942 480.52999878
28.30699921 -41.99399948 480.52999878
28.30699921 -41.35400009 480.54000854
28.30800056 -40.07500076 480.54000854
28.30800056 -39.43600082 480.54998779
28.30800056 -38.79600143 480.54998779
28.30800056 -38.15599823 480.54998779
28.30900002 -37.51699829 480.55999756
28.30900002 -36.87699890 480.55999756
28.30999947 -36.23799896 480.57000732
28.30999947 -35.59899902 480.57998657
28.30999947 -34.95899963 480.57000732
28.30900002 -34.31900024 480.57000732
28.30999947 -33.67900085 480.57998657
28.30999947 -33.04000092 480.57998657
28.31100082 -32.40100098 480.58999634
28.31100082 -31.76099968 480.60000610
28.31100082 -31.12100029 480.60000610
28.31100082 -30.47999954 480.60000610
28.31100082 -29.84099960 480.60000610
28.31100082 -29.20100021 480.60000610
28.31100082 -28.56100082 480.60000610
28.31100082 -27.92099953 480.60000610
28.31100082 -27.28000069 480.58999634
28.31100082 -26.63999939 480.58999634
28.31200027 -25.36100006 480.60998535
28.31200027 -24.72200012 480.60998535
28.31200027 -24.08200073 480.61999512
28.31200027 -23.44199944 480.61999512
28.31299973 -22.80200005 480.61999512
28.31200027 -22.16200066 480.61999512
28.31200027 -21.52199936 480.61999512
28.31299973 -20.88199997 480.63000488
28.31299973 -20.24200058 480.63000488
28.31299973 -19.60199928 480.64001465
28.31299973 -18.96199989 480.64001465
28.31399918 -18.32200050 480.64001465
28.31399918 -17.68300056 480.64001465
28.31399918 -17.04199982 480.64999390
28.31399918 -16.40299988 480.64999390
28.31399918 -15.76200008 480.64001465
28.31399918 -15.12199974 480.64001465
28.31299973 -14.48200035 480.64001465
28.31500053 -11.92199993 480.67001343
28.31500053 -11.28199959 480.67001343
28.31599998 -10.64200020 480.67999268
28.31599998 -10.00199986 480.67999268
28.31500053 -9.36190033 480.67001343
28.31500053 -8.72229958 480.67001343
28.31500053 -8.08150005 480.67001343
28.31500053 -7.44150019 480.67001343
28.31599998 -6.80100012 480.67999268
28.31599998 -6.16060019 480.69000244
28.31599998 -5.52080011 480.69000244
28.31699944 -4.88129997 480.70001221
28.31699944 -4.24090004 480.70001221
28.31699944 -3.60080004 480.69000244
28.31699944 -2.96009994 480.70001221
28.31699944 -2.31999993 480.70001221
28.31699944 -1.67970002 480.70001221
28.31699944 -1.03989995 480.70001221
28.31699944 -0.39868000 480.70001221
28.31699944 0.24093001 480.70999146
28.31699944 0.88156998 480.70999146
28.31699944 1.52219999 480.70001221
28.31699944 2.16199994 480.70001221
28.31699944 2.80209994 480.70001221
28.31699944 3.44199991 480.70001221
28.31699944 4.08209991 480.70999146
28.31699944 4.72289991 480.70999146
28.31800079 5.36339998 480.70999146
28.31800079 6.00439978 480.72000122
28.31800079 6.64440012 480.72000122
28.31800079 7.28569984 480.73001099
28.31900024 7.92500019 480.73001099
28.31900024 8.56550026 480.73999023
28.31900024 9.20559978 480.73001099
28.31900024 9.84560013 480.73999023
28.31900024 10.48700047 480.73999023
28.31900024 11.12600040 480.73999023
28.31900024 11.76599979 480.73999023
28.31900024 12.40699959 480.73001099
28.31900024 13.04699993 480.73001099
28.31900024 13.68799973 480.73001099
28.31900024 14.32900047 480.73999023
28.31900024 14.96800041 480.73999023
28.31900024 15.60799980 480.73001099
28.31900024 16.24900055 480.73999023
28.31900024 16.88999939 480.73999023
28.31900024 17.53000069 480.73001099
28.31800079 18.16900063 480.73001099
28.31900024 18.81100082 480.73999023
28.31900024 19.45100021 480.73999023
28.31900024 20.09199905 480.73999023
28.31900024 20.73100090 480.73001099
28.31800079 21.37100029 480.72000122
28.31800079 22.01199913 480.72000122
28.31900024 22.65299988 480.73001099
28.31900024 23.29400063 480.73999023
28.31900024 23.93400002 480.73999023
28.31900024 24.57299995 480.73001099
28.31800079 25.21299934 480.72000122
28.31800079 25.85400009 480.72000122
28.31800079 26.49399948 480.72000122
28.31800079 27.13500023 480.72000122
28.31800079 27.77499962 480.72000122
28.31800079 28.41500092 480.72000122
28.31800079 29.05599976 480.72000122
28.31800079 29.69599915 480.72000122
28.31800079 30.33699989 480.72000122
28.31800079 30.97699928 480.72000122
28.31800079 31.61700058 480.72000122
28.31699944 32.25699997 480.70999146
28.31699944 32.89699936 480.70999146
28.31699944 33.53699875 480.70001221
28.31699944 34.17599869 480.70001221
28.31699944 34.81700134 480.70001221
28.31699944 35.45800018 480.70001221
28.31599998 36.09700012 480.69000244
28.31599998 36.73699951 480.69000244
28.31599998 37.37699890 480.67999268
28.31599998 38.01800156 480.67999268
28.31599998 38.65800095 480.67999268
28.31599998 39.29800034 480.67999268
28.31599998 39.93899918 480.67999268
28.31500053 40.57799911 480.67001343
28.31500053 41.21900177 480.67001343
28.31500053 41.85800171 480.67001343
28.31399918 42.49800110 480.66000366
28.31399918 43.13700104 480.64999390
28.31299973 43.77600098 480.64001465
28.31299973 44.41600037 480.63000488
28.31299973 45.05699921 480.63000488
28.31299973 45.69599915 480.63000488
28.31200027 46.33499908 480.61999512
28.31100082 46.97399902 480.60000610
28.95800018 46.98600006 480.73001099
28.95899963 46.34700012 480.73999023
28.95899963 45.70700073 480.75000000
28.95999908 45.06800079 480.75000000
28.95999908 44.42699814 480.76000977
28.96100044 43.14799881 480.76998901
28.96100044 42.50799942 480.77999878
28.96199989 41.86899948 480.79000854
28.96199989 41.22900009 480.79998779
28.96199989 40.58900070 480.79998779
28.96299934 39.94900131 480.79998779
28.96199989 39.30699921 480.79998779
28.96299934 38.66699982 480.79998779
28.96299934 38.02700043 480.79998779
28.96299934 37.38600159 480.80999756
28.96299934 36.74700165 480.80999756
28.96400070 36.10699844 480.82000732
28.96400070 35.46599960 480.82000732
28.96400070 34.82600021 480.82000732
28.96400070 34.18500137 480.82000732
28.96400070 33.54600143 480.82998657
28.96500015 32.90599823 480.82998657
28.96500015 32.26499939 480.83999634
28.96500015 31.62500000 480.83999634
28.96500015 30.98399925 480.83999634
28.96500015 30.34399986 480.83999634
28.96500015 29.70400047 480.85000610
28.96500015 29.06399918 480.85000610
28.96500015 28.42300034 480.83999634
28.96500015 27.78199959 480.83999634
28.96500015 27.14100075 480.85000610
28.96500015 26.50099945 480.85000610
28.96500015 25.86000061 480.85000610
28.96599960 25.21899986 480.85000610
28.96599960 24.57900047 480.85998535
28.96699905 23.94000053 480.86999512
28.96699905 23.29999924 480.86999512
28.96599960 22.65900040 480.85998535
28.96599960 22.01799965 480.85000610
28.96599960 21.37599945 480.85000610
28.96599960 20.73600006 480.85998535
28.96699905 20.09700012 480.86999512
28.96699905 19.45599937 480.86999512
28.96599960 18.81599998 480.85998535
28.96599960 18.17399979 480.85998535
28.96599960 17.53499985 480.85998535
28.96599960 16.89399910 480.85998535
28.96599960 16.25300026 480.85998535
28.96599960 15.61200047 480.85998535
28.96699905 14.97200012 480.86999512
28.96699905 14.33199978 480.86999512
28.96699905 13.69299984 480.86999512
28.96699905 13.05099964 480.86999512
28.96699905 12.41100025 480.86999512
28.96699905 11.76900005 480.85998535
28.96699905 11.13000011 480.86999512
28.96599960 10.48900032 480.85998535
28.96599960 9.84850025 480.85998535
28.96599960 9.20829964 480.85998535
28.96599960 8.56760025 480.85998535
28.96599960 7.92679977 480.85000610
28.96599960 7.28669977 480.85000610
28.96500015 6.64589977 480.85000610
28.96500015 6.00610018 480.85000610
28.96500015 5.36520004 480.83999634
28.96500015 4.72429991 480.83999634
28.96500015 4.08349991 480.83999634
28.96500015 3.44300008 480.82998657
28.96500015 2.80279994 480.82998657
28.96400070 2.16240001 480.82998657
28.96400070 1.52240002 480.82998657
28.96500015 0.88165998 480.82998657
28.96500015 0.24110000 480.82998657
28.96400070 -0.39908001 480.82998657
28.96400070 -1.03989995 480.82998657
28.96400070 -1.67970002 480.82998657
28.96400070 -2.32040000 480.82000732
28.96400070 -2.96059990 480.82000732
28.96400070 -3.60100007 480.82000732
28.96400070 -4.24170017 480.82998657
28.96400070 -4.88210011 480.82000732
28.96400070 -5.52199984 480.82000732
28.96299934 -6.16230011 480.80999756
28.96299934 -6.80249977 480.79998779
28.96299934 -7.44320011 480.79998779
28.96199989 -8.08360004 480.79998779
28.96199989 -8.72379971 480.79998779
28.96199989 -9.36359978 480.79998779
28.96299934 -10.00399971 480.79998779
28.96299934 -10.64500046 480.79998779
28.96199989 -11.28499985 480.79998779
28.96299934 -11.92599964 480.79998779
28.96199989 -12.56599998 480.79000854
28.96199989 -13.20600033 480.79000854
28.96199989 -13.84599972 480.79000854
28.96100044 -14.48600006 480.76998901
28.96100044 -15.12600040 480.76998901
28.96100044 -15.76700020 480.76998901
28.96100044 -16.40699959 480.76998901
28.96100044 -17.04599953 480.76998901
28.96100044 -17.68700027 480.76998901
28.96100044 -18.32699966 480.76998901
28.95999908 -18.96699905 480.76000977
28.95999908 -19.60700035 480.76000977
28.95999908 -20.24699974 480.76000977
28.95999908 -20.88699913 480.75000000
28.95999908 -21.52799988 480.75000000
28.95899963 -22.16799927 480.75000000
28.95999908 -22.80800056 480.75000000
28.95999908 -23.44899940 480.75000000
28.95999908 -24.08900070 480.75000000
28.95899963 -24.72800064 480.73999023
28.95899963 -25.36700058 480.73001099
28.95800018 -26.64699936 480.72000122
28.95800018 -27.28800011 480.72000122
28.95800018 -27.92799950 480.73001099
28.95800018 -28.56800079 480.73001099
28.95899963 -29.20899963 480.73001099
28.95800018 -29.84900093 480.73001099
28.95800018 -30.48800087 480.72000122
28.95800018 -31.12899971 480.72000122
28.95800018 -31.76899910 480.72000122
28.95700073 -32.40800095 480.70999146
28.95700073 -33.04700089 480.70001221
28.95700073 -33.68700027 480.70001221
28.95599937 -34.32699966 480.69000244
28.95599937 -34.96699905 480.69000244
28.95599937 -35.60699844 480.69000244
28.95599937 -36.24800110 480.69000244
28.95599937 -36.88700104 480.70001221
28.95599937 -37.52799988 480.69000244
28.95599937 -38.16799927 480.70001221
28.95599937 -38.80699921 480.69000244
28.95599937 -39.44599915 480.67999268
28.95499992 -40.08499908 480.67001343
28.95400047 -40.72499847 480.66000366
28.95400047 -41.36500168 480.66000366
28.95400047 -42.00500107 480.66000366
28.95400047 -42.64400101 480.66000366
28.95400047 -43.28400040 480.66000366
28.95400047 -43.92399979 480.64999390
28.95400047 -44.56499863 480.66000366
28.95400047 -45.20500183 480.66000366
28.95299911 -45.84199905 480.64999390
28.95299911 -46.48099899 480.63000488
28.95199966 -47.12099838 480.63000488
28.95199966 -47.76200104 480.63000488
28.95199966 -48.40100098 480.63000488
29.59900093 -48.41299820 480.75000000
29.60000038 -47.77399826 480.75000000
29.60000038 -47.13299942 480.75000000
29.60000038 -46.49300003 480.76000977
29.60099983 -45.85400009 480.76998901
29.60099983 -45.21500015 480.77999878
29.60099983 -44.57600021 480.77999878
29.60099983 -43.93600082 480.77999878
29.60199928 -43.29600143 480.77999878
29.60199928 -42.65599823 480.79000854
29.60199928 -42.01599884 480.79000854
29.60199928 -41.37500000 480.79000854
29.60199928 -40.09500122 480.79000854
29.60300064 -39.45600128 480.79998779
29.60300064 -38.81700134 480.80999756
29.60400009 -38.17800140 480.82000732
29.60400009 -37.53799820 480.82000732
29.60400009 -36.89699936 480.82000732
29.60400009 -36.25699997 480.82000732
29.60400009 -35.61700058 480.82000732
29.60400009 -34.97700119 480.82000732
29.60499954 -34.33800125 480.83999634
29.60499954 -33.69699860 480.83999634
29.60499954 -33.05799866 480.83999634
29.60499954 -32.41699982 480.83999634
29.60499954 -31.77599907 480.83999634
29.60499954 -31.13699913 480.85000610
29.60600090 -30.49699974 480.85000610
29.60600090 -29.85600090 480.85000610
29.60600090 -29.21599960 480.85000610
29.60600090 -28.57500076 480.85000610
29.60600090 -27.93499947 480.85000610
29.60499954 -27.29500008 480.85000610
29.60499954 -26.65399933 480.83999634
29.60600090 -25.37299919 480.85000610
29.60700035 -24.73399925 480.85998535
29.60700035 -24.09499931 480.86999512
29.60700035 -23.45499992 480.86999512
29.60700035 -22.81399918 480.86999512
29.60700035 -22.17300034 480.86999512
29.60700035 -21.53300095 480.86999512
29.60700035 -20.89299965 480.88000488
29.60799980 -20.25300026 480.88000488
29.60799980 -19.61199951 480.88000488
29.60799980 -18.97200012 480.88000488
29.60799980 -18.33200073 480.89001465
29.60799980 -17.69099998 480.89001465
29.60799980 -17.04999924 480.89999390
29.60799980 -16.41099930 480.89001465
29.60899925 -14.48900032 480.89999390
29.60899925 -13.84899998 480.91000366
29.60899925 -13.20899963 480.91000366
29.61000061 -12.56900024 480.92001343
29.61000061 -11.93000031 480.92001343
29.61000061 -11.28800011 480.91000366
29.61000061 -10.64700031 480.92001343
29.61000061 -10.00699997 480.91000366
29.60899925 -9.36540031 480.91000366
29.61000061 -8.72519970 480.91000366
29.61000061 -8.08539963 480.92001343
29.61000061 -7.44490004 480.92001343
29.61000061 -6.80439997 480.92999268
29.61100006 -6.16419983 480.92999268
29.61100006 -5.52349997 480.94000244
29.61100006 -4.88329983 480.94000244
29.61199951 -4.24270010 480.95001221
29.61199951 -3.60190010 480.95001221
29.61199951 -2.96140003 480.95001221
29.61199951 -2.32089996 480.95001221
29.61199951 -1.67929995 480.95001221
29.61199951 -1.03989995 480.95999146
29.61199951 -0.39941999 480.95999146
29.61199951 0.24129000 480.95999146
29.61199951 0.88130999 480.95999146
29.61199951 1.52269995 480.95001221
29.61199951 2.16319990 480.95999146
29.61199951 2.80349994 480.95999146
29.61199951 3.44390011 480.95999146
29.61199951 4.08459997 480.95999146
29.61300087 4.72569990 480.95999146
29.61300087 5.36660004 480.97000122
29.61300087 6.00769997 480.97000122
29.61300087 6.64769983 480.97000122
29.61300087 7.28800011 480.97000122
29.61300087 7.92850018 480.97000122
29.61300087 8.56970024 480.98001099
29.61300087 9.21070004 480.98001099
29.61400032 9.85120010 480.98001099
29.61400032 10.49199963 480.98001099
29.61400032 11.13199997 480.98001099
29.61400032 11.77200031 480.98001099
29.61400032 12.41499996 480.98999023
29.61400032 13.05500031 480.98999023
29.61499977 13.69600010 481.00000000
29.61400032 14.33500004 480.98999023
29.61400032 14.97500038 480.98999023
29.61400032 15.61600018 480.98001099
29.61300087 16.25699997 480.98001099
29.61300087 16.89800072 480.97000122
29.61300087 17.53899956 480.98001099
29.61400032 18.17900085 480.98001099
29.61400032 18.82099915 480.98999023
29.61400032 19.46199989 480.98999023
29.61400032 20.10199928 480.98999023
29.61400032 20.74200058 480.98001099
29.61300087 21.38199997 480.98001099
29.61300087 22.02400017 480.98001099
29.61400032 22.66500092 480.98001099
29.61400032 23.30599976 480.98999023
29.61400032 23.94599915 480.98999023
29.61400032 24.58499908 480.98999023
29.61400032 25.22599983 480.98001099
29.61300087 25.86700058 480.97000122
29.61300087 26.50799942 480.98001099
29.61300087 27.14800072 480.97000122
29.61300087 27.79000092 480.98001099
29.61300087 28.43099976 480.97000122
29.61400032 29.07200050 480.98001099
29.61400032 29.71299934 480.98001099
29.61300087 30.35300064 480.98001099
29.61300087 30.99200058 480.97000122
29.61300087 31.63299942 480.97000122
29.61300087 32.27399826 480.95999146
29.61199951 32.91400146 480.95999146
29.61199951 33.55400085 480.95001221
29.61100006 34.19400024 480.95001221
29.61100006 34.83499908 480.95001221
29.61100006 35.47499847 480.95001221
29.61100006 36.11600113 480.94000244
29.61100006 36.75600052 480.94000244
29.61100006 37.39599991 480.92999268
29.61000061 38.03699875 480.92999268
29.61000061 38.67699814 480.92999268
29.61000061 39.31700134 480.92001343
29.61000061 39.95899963 480.92001343
29.61000061 40.59899902 480.92001343
29.61000061 41.24000168 480.92001343
29.60899925 41.87900162 480.91000366
29.60799980 42.51900101 480.89999390
29.60799980 43.15900040 480.89001465
29.60799980 43.79899979 480.89001465
29.60700035 44.43899918 480.88000488
29.60700035 45.07899857 480.88000488
29.60700035 45.72000122 480.86999512
29.60600090 46.35900116 480.85998535
29.60600090 46.99900055 480.85000610
30.25399971 47.01200104 480.98001099
30.25399971 46.37200165 480.98999023
30.25499916 45.73199844 481.00000000
30.25600052 45.09199905 481.01000977
30.25600052 44.45199966 481.01998901
30.25600052 43.81100082 481.01998901
30.25600052 43.16999817 481.01998901
30.25699997 41.88899994 481.02999878
30.25699997 41.24900055 481.04000854
30.25699997 40.60900116 481.04000854
30.25799942 39.96900177 481.04998779
30.25799942 39.32799911 481.04998779
30.25799942 38.68700027 481.04998779
30.25799942 38.04600143 481.05999756
30.25900078 37.40599823 481.05999756
30.25900078 36.76599884 481.05999756
30.25900078 36.12500000 481.05999756
30.25900078 35.48500061 481.07000732
30.25900078 34.84400177 481.07000732
30.25900078 34.20299911 481.07000732
30.26000023 33.56299973 481.07998657
30.26000023 32.92200089 481.07998657
30.26000023 32.28200150 481.08999634
30.26099968 31.64100075 481.08999634
30.26099968 31.00000000 481.10000610
30.26199913 30.36100006 481.10998535
30.26199913 29.71999931 481.10998535
30.26099968 29.07900047 481.10000610
30.26099968 28.43700027 481.08999634
30.26099968 27.79599953 481.08999634
30.26099968 27.15500069 481.08999634
30.26099968 26.51399994 481.10000610
30.26199913 25.87400055 481.10998535
30.26199913 25.23299980 481.10998535
30.26199913 24.59300041 481.11999512
30.26199913 23.95299911 481.11999512
30.26199913 23.31200027 481.10998535
30.26099968 22.67099953 481.10000610
30.26099968 22.02899933 481.10000610
30.26099968 21.38699913 481.10000610
30.26099968 20.74699974 481.10000610
30.26199913 20.10700035 481.10998535
30.26199913 19.46699905 481.10998535
30.26199913 18.82600021 481.10998535
30.26099968 18.18400002 481.10000610
30.26099968 17.54400063 481.10000610
30.26099968 16.90200043 481.10000610
30.26099968 16.26099968 481.10000610
30.26199913 15.61999989 481.10998535
30.26199913 14.97900009 481.11999512
30.26199913 14.33899975 481.11999512
30.26199913 13.69900036 481.11999512
30.26199913 13.05900002 481.10998535
30.26199913 12.41800022 481.10998535
30.26099968 11.77600002 481.10000610
30.26199913 11.13399982 481.10998535
30.26199913 10.49400043 481.10998535
30.26199913 9.85369968 481.10998535
30.26199913 9.21310043 481.10998535
30.26199913 8.57240009 481.10998535
30.26099968 7.93069983 481.08999634
30.26199913 7.29020023 481.10998535
30.26099968 6.64970016 481.10000610
30.26199913 6.00950003 481.10000610
30.26099968 5.36840010 481.10000610
30.26000023 4.72700024 481.08999634
30.26000023 4.08599997 481.07998657
30.26000023 3.44409990 481.08999634
30.26000023 2.80390000 481.08999634
30.26099968 2.16389990 481.08999634
30.26099968 1.52380002 481.08999634
30.26099968 0.88204998 481.08999634
30.26000023 0.24171001 481.07998657
30.26000023 -0.39962000 481.07998657
30.26000023 -1.03960001 481.07998657
30.25900078 -1.67960000 481.07000732
30.25900078 -2.32069993 481.07000732
30.25900078 -2.96190000 481.07000732
30.25900078 -3.60290003 481.07000732
30.25900078 -4.24359989 481.07000732
30.25900078 -4.88420010 481.07000732
30.25900078 -5.52479982 481.05999756
30.25900078 -6.16580009 481.05999756
30.25799942 -6.80630016 481.05999756
30.25799942 -7.44689989 481.04998779
30.25799942 -8.08720016 481.04998779
30.25799942 -8.72739983 481.04000854
30.25799942 -9.36769962 481.04000854
30.25799942 -10.00899982 481.04000854
30.25799942 -10.64999962 481.04000854
30.25799942 -11.29100037 481.04000854
30.25799942 -11.93200016 481.04000854
30.25799942 -12.57199955 481.04000854
30.25699997 -13.21199989 481.04000854
30.25699997 -13.85299969 481.02999878
30.25699997 -14.49300003 481.02999878
30.25600052 -17.05400085 481.01998901
30.25600052 -17.69499969 481.01000977
30.25600052 -18.33600044 481.01000977
30.25499916 -18.97599983 481.01000977
30.25499916 -19.61700058 481.01000977
30.25499916 -20.25699997 481.01000977
30.25499916 -20.89800072 481.00000000
30.25499916 -21.53899956 481.00000000
30.25499916 -22.17900085 481.00000000
30.25499916 -22.81999969 481.00000000
30.25499916 -23.45999908 480.98999023
30.25499916 -24.10099983 480.98999023
30.25399971 -24.73999977 480.98999023
30.25399971 -25.37999916 480.98001099
30.25300026 -27.30200005 480.97000122
30.25399971 -27.94300079 480.98001099
30.25399971 -28.58300018 480.98001099
30.25399971 -29.22400093 480.98001099
30.25399971 -29.86400032 480.98001099
30.25399971 -30.50499916 480.98001099
30.25300026 -31.14500046 480.97000122
30.25300026 -31.78400040 480.95999146
30.25300026 -32.42499924 480.95999146
30.25300026 -33.06499863 480.95999146
30.25200081 -33.70500183 480.95999146
30.25200081 -34.34500122 480.95999146
30.25200081 -34.98600006 480.95001221
30.25200081 -35.62599945 480.94000244
30.25200081 -36.26699829 480.94000244
30.25099945 -36.90700150 480.94000244
30.25200081 -37.54800034 480.95001221
30.25099945 -38.18700027 480.94000244
30.25099945 -38.82699966 480.94000244
30.25000000 -39.46500015 480.92999268
30.25000000 -40.10499954 480.92001343
30.24900055 -40.74599838 480.91000366
30.24900055 -41.38600159 480.91000366
30.24900055 -42.02600098 480.91000366
30.24900055 -42.66600037 480.91000366
30.24900055 -43.30699921 480.91000366
30.24900055 -43.94699860 480.91000366
30.24900055 -44.58700180 480.91000366
30.24900055 -45.22700119 480.89999390
30.24900055 -45.86700058 480.89999390
30.24799919 -46.50600052 480.89001465
30.24699974 -47.14500046 480.88000488
30.24699974 -47.78599930 480.88000488
30.24699974 -48.42499924 480.86999512
30.89500046 -48.43700027 481.00000000
30.89500046 -47.79800034 481.00000000
30.89599991 -47.15800095 481.01000977
30.89599991 -46.51800156 481.01998901
30.89699936 -45.87900162 481.01998901
30.89699936 -45.23899841 481.02999878
30.89699936 -44.59899902 481.02999878
30.89699936 -43.95899963 481.04000854
30.89800072 -43.31800079 481.04000854
30.89800072 -42.67800140 481.04000854
30.89800072 -42.03799820 481.04000854
30.89800072 -41.39699936 481.04000854
30.89800072 -40.75600052 481.04000854
30.89800072 -40.11600113 481.04000854
30.89800072 -39.47399902 481.04000854
30.89800072 -38.83599854 481.04998779
30.89900017 -38.19599915 481.05999756
30.89900017 -37.55599976 481.07000732
30.89999962 -36.91699982 481.07998657
30.89999962 -36.27700043 481.07998657
30.89999962 -35.63600159 481.07000732
30.89999962 -34.99499893 481.07000732
30.89999962 -34.35400009 481.07998657
30.90099907 -33.71400070 481.08999634
30.90099907 -33.07400131 481.08999634
30.90099907 -32.43299866 481.08999634
30.90099907 -31.79299927 481.08999634
30.90099907 -31.15200043 481.10000610
30.90200043 -30.51199913 481.10000610
30.90200043 -29.87199974 481.10000610
30.90200043 -29.23100090 481.10000610
30.90200043 -28.59000015 481.10000610
30.90200043 -27.95000076 481.10000610
30.90200043 -27.30900002 481.10000610
30.90200043 -25.38699913 481.10000610
30.90200043 -24.74699974 481.10998535
30.90200043 -24.10600090 481.10998535
30.90200043 -23.46599960 481.10998535
30.90299988 -22.82600021 481.13000488
30.90299988 -22.18499947 481.13000488
30.90299988 -21.54400063 481.13000488
30.90299988 -20.90399933 481.13000488
30.90299988 -20.26300049 481.13000488
30.90399933 -19.62199974 481.13000488
30.90399933 -18.98100090 481.13000488
30.90399933 -18.34000015 481.13000488
30.90399933 -17.70000076 481.14001465
30.90399933 -17.05900002 481.14001465
30.90500069 -16.41900063 481.14999390
30.90500069 -15.77900028 481.14999390
30.90500069 -15.13799953 481.14999390
30.90500069 -14.49600029 481.14999390
30.90500069 -13.85599995 481.14999390
30.90600014 -13.21500015 481.16000366
30.90600014 -12.57499981 481.17001343
30.90600014 -11.93500042 481.17001343
30.90600014 -11.29399967 481.17001343
30.90600014 -10.65299988 481.17001343
30.90600014 -10.01200008 481.17001343
30.90600014 -9.37040043 481.17001343
30.90600014 -8.72949982 481.16000366
30.90600014 -8.08930016 481.17001343
30.90699959 -7.44890022 481.17999268
30.90699959 -6.80789995 481.17999268
30.90699959 -6.16750002 481.17999268
30.90699959 -5.52610016 481.17999268
30.90699959 -4.88539982 481.17999268
30.90699959 -4.24490023 481.19000244
30.90699959 -3.60389996 481.19000244
30.90800095 -2.96259999 481.19000244
30.90699959 -2.32119989 481.19000244
30.90800095 -1.67999995 481.20001221
30.90800095 -1.03970003 481.20001221
30.90900040 -0.39958000 481.20999146
30.90900040 0.24263000 481.20999146
30.90900040 0.88283998 481.22000122
30.90900040 1.52440000 481.22000122
30.90900040 2.16450000 481.22000122
30.90900040 2.80450010 481.22000122
30.90800095 3.44460011 481.20999146
30.90800095 4.08699989 481.20999146
30.90900040 4.72819996 481.20999146
30.90900040 5.36980009 481.22000122
30.90999985 6.01079988 481.23001099
30.90999985 6.65159988 481.23001099
30.90900040 7.29180002 481.22000122
30.90900040 7.93330002 481.22000122
30.90999985 8.57489967 481.23001099
30.90999985 9.21619987 481.23999023
30.90999985 9.85649967 481.23999023
30.90999985 10.49699974 481.23999023
30.90999985 11.13700008 481.23001099
30.90999985 11.77900028 481.23001099
30.90900040 12.42000008 481.22000122
30.90999985 13.06200027 481.23001099
30.91099930 13.70300007 481.23999023
30.91099930 14.34300041 481.23999023
30.90999985 14.98400021 481.23999023
30.90999985 15.62500000 481.23001099
30.90999985 16.26600075 481.23001099
30.90999985 16.90699959 481.23001099
30.90999985 17.54800034 481.23001099
30.90999985 18.18899918 481.23001099
30.90999985 18.82999992 481.23999023
30.90999985 19.47200012 481.23999023
30.90999985 20.11199951 481.23001099
30.90999985 20.75300026 481.23001099
30.90999985 21.39299965 481.23001099
30.90999985 22.03400040 481.23001099
30.90999985 22.67600060 481.23001099
30.90999985 23.31699944 481.23001099
30.90999985 23.95899963 481.23999023
30.91099930 24.60000038 481.23999023
30.90999985 25.23999977 481.23999023
30.90999985 25.87999916 481.23001099
30.90900040 26.52099991 481.22000122
30.90900040 27.16300011 481.22000122
30.90900040 27.80299950 481.22000122
30.90900040 28.44400024 481.20999146
30.90900040 29.08600044 481.22000122
30.90900040 29.72699928 481.23001099
30.90999985 30.36800003 481.23001099
30.90900040 31.00799942 481.22000122
30.90900040 31.64800072 481.20999146
30.90800095 32.29000092 481.20999146
30.90800095 32.93099976 481.20999146
30.90800095 33.57099915 481.20001221
30.90800095 34.21200180 481.20001221
30.90699959 34.85300064 481.19000244
30.90699959 35.49300003 481.19000244
30.90699959 36.13399887 481.19000244
30.90699959 36.77399826 481.17999268
30.90699959 37.41500092 481.17999268
30.90600014 38.05599976 481.17999268
30.90600014 38.69699860 481.17001343
30.90600014 39.33800125 481.17001343
30.90500069 41.25999832 481.16000366
30.90500069 41.90000153 481.14999390
30.90399933 42.54100037 481.14999390
30.90399933 43.18099976 481.14001465
30.90399933 43.82300186 481.14001465
30.90399933 44.46400070 481.14001465
30.90399933 45.10400009 481.14001465
30.90299988 45.74399948 481.13000488
30.90299988 46.38399887 481.11999512
30.90200043 47.02500153 481.10998535
31.55100060 47.03799820 481.23999023
31.55100060 46.39599991 481.23999023
31.55200005 45.75600052 481.25000000
31.55200005 45.11500168 481.26000977
31.55299950 44.47499847 481.26998901
31.55299950 43.83399963 481.26998901
31.55299950 43.19300079 481.26998901
31.55299950 42.55199814 481.27999878
31.55400085 41.91199875 481.27999878
31.55400085 41.27099991 481.29000854
31.55500031 39.34799957 481.29998779
31.55500031 38.70800018 481.30999756
31.55599976 38.06800079 481.30999756
31.55599976 37.42699814 481.32000732
31.55599976 36.78499985 481.30999756
31.55500031 36.14300156 481.30999756
31.55599976 35.50199890 481.30999756
31.55599976 34.86199951 481.32000732
31.55599976 34.22100067 481.32000732
31.55699921 33.58000183 481.32998657
31.55699921 32.93899918 481.32998657
31.55699921 32.29800034 481.32998657
31.55699921 31.65600014 481.32998657
31.55800056 31.01600075 481.33999634
31.55800056 30.37599945 481.35998535
31.55800056 29.73500061 481.35000610
31.55800056 29.09399986 481.33999634
31.55699921 28.45100021 481.33999634
31.55699921 27.80999947 481.33999634
31.55800056 27.17000008 481.33999634
31.55800056 26.52799988 481.35000610
31.55900002 25.88699913 481.35998535
31.55900002 25.24699974 481.36999512
31.55900002 24.60600090 481.36999512
31.55900002 23.96500015 481.35998535
31.55800056 23.32299995 481.35998535
31.55800056 22.68199921 481.35000610
31.55800056 22.04000092 481.35000610
31.55800056 21.39900017 481.35000610
31.55800056 20.75799942 481.35000610
31.55900002 20.11800003 481.35998535
31.55900002 19.47699928 481.35998535
31.55900002 18.83499908 481.35998535
31.55900002 18.19400024 481.35998535
31.55800056 17.55200005 481.35000610
31.55800056 16.91099930 481.35000610
31.55800056 16.27000046 481.35000610
31.55800056 15.62899971 481.35000610
31.55800056 14.98700047 481.35998535
31.55900002 14.34700012 481.35998535
31.55900002 13.70600033 481.35998535
31.55900002 13.06499958 481.35998535
31.55900002 12.42399979 481.35998535
31.55900002 11.78199959 481.35998535
31.55900002 11.14099979 481.35998535
31.55900002 10.50000000 481.36999512
31.55900002 9.85929966 481.36999512
31.55900002 9.21840000 481.35998535
31.55900002 8.57750034 481.35998535
31.55800056 7.93580008 481.35000610
31.55800056 7.29419994 481.35000610
31.55800056 6.65329981 481.35000610
31.55800056 6.01219988 481.35000610
31.55800056 5.37120008 481.33999634
31.55699921 4.72970009 481.33999634
31.55699921 4.08850002 481.32998657
31.55699921 3.44580007 481.32998657
31.55699921 2.80469990 481.33999634
31.55800056 2.16479993 481.33999634
31.55800056 1.52499998 481.35000610
31.55800056 0.88340002 481.33999634
31.55800056 0.24322000 481.33999634
31.55699921 -0.39934000 481.32998657
31.55699921 -1.03980005 481.32998657
31.55599976 -1.68060005 481.32000732
31.55599976 -2.32179999 481.32000732
31.55599976 -2.96329999 481.32000732
31.55699921 -3.60479999 481.32998657
31.55599976 -4.24550009 481.32000732
31.55599976 -4.88630009 481.32000732
31.55599976 -5.52750015 481.30999756
31.55500031 -6.16860008 481.30999756
31.55500031 -6.80970001 481.30999756
31.55500031 -7.45100021 481.30999756
31.55500031 -8.09140015 481.30999756
31.55500031 -8.73200035 481.29998779
31.55500031 -9.37290001 481.29998779
31.55500031 -10.01399994 481.29998779
31.55400085 -10.65499973 481.29000854
31.55500031 -11.29699993 481.29000854
31.55400085 -11.93799973 481.29000854
31.55400085 -12.57900047 481.29000854
31.55400085 -13.21899986 481.27999878
31.55299950 -13.85999966 481.27999878
31.55299950 -15.14099979 481.27999878
31.55299950 -15.78299999 481.26998901
31.55299950 -16.42300034 481.26998901
31.55299950 -17.06399918 481.26998901
31.55200005 -17.70400047 481.26000977
31.55200005 -18.34499931 481.26000977
31.55200005 -18.98600006 481.26000977
31.55200005 -19.62700081 481.25000000
31.55200005 -20.26799965 481.25000000
31.55200005 -20.90900040 481.25000000
31.55200005 -21.54999924 481.26000977
31.55200005 -22.19099998 481.26000977
31.55200005 -22.83099937 481.25000000
31.55200005 -23.47200012 481.25000000
31.55200005 -24.11300087 481.25000000
31.55100060 -24.75300026 481.23999023
31.54999924 -25.39399910 481.23001099
31.54999924 -27.31599998 481.23001099
31.55100060 -27.95700073 481.23001099
31.55100060 -28.59799957 481.23001099
31.55100060 -29.23900032 481.23001099
31.54999924 -29.87800026 481.23001099
31.54999924 -30.52000046 481.22000122
31.54999924 -31.15999985 481.22000122
31.54899979 -31.80100060 481.22000122
31.54899979 -32.44200134 481.20999146
31.54899979 -33.08300018 481.20999146
31.54899979 -33.72200012 481.20999146
31.54899979 -34.36299896 481.20999146
31.54899979 -35.00500107 481.20001221
31.54899979 -35.64500046 481.20001221
31.54800034 -36.28499985 481.20001221
31.54800034 -36.92599869 481.20001221
31.54800034 -37.56499863 481.19000244
31.54700089 -38.20600128 481.19000244
31.54700089 -38.84600067 481.19000244
31.54700089 -39.48600006 481.17999268
31.54700089 -40.12699890 481.17001343
31.54599953 -40.76699829 481.17001343
31.54599953 -41.40800095 481.17001343
31.54599953 -42.04899979 481.17001343
31.54599953 -42.68899918 481.17001343
31.54599953 -43.33000183 481.16000366
31.54599953 -43.97000122 481.16000366
31.54599953 -44.61100006 481.16000366
31.54500008 -45.25000000 481.14999390
31.54500008 -45.89099884 481.14999390
31.54500008 -46.53099823 481.14001465
31.54400063 -47.16999817 481.14001465
31.54400063 -47.81000137 481.13000488
31.54299927 -48.45000076 481.11999512
32.19200134 -47.82300186 481.26000977
32.19300079 -47.18299866 481.26000977
32.19300079 -46.54299927 481.26998901
32.19400024 -45.90200043 481.26998901
32.19400024 -45.26200104 481.27999878
32.19400024 -44.62200165 481.27999878
32.19400024 -43.98099899 481.27999878
32.19400024 -43.34099960 481.29000854
32.19400024 -42.70000076 481.27999878
32.19499969 -42.05899811 481.29998779
32.19599915 -41.41899872 481.29998779
32.19599915 -40.77799988 481.29998779
32.19599915 -40.13800049 481.29998779
32.19599915 -39.49599838 481.30999756
32.19599915 -38.85599899 481.30999756
32.19599915 -38.21599960 481.29998779
32.19599915 -37.57400131 481.30999756
32.19699860 -36.93500137 481.32000732
32.19699860 -36.29399872 481.32000732
32.19699860 -35.65399933 481.32998657
32.19699860 -35.01300049 481.32998657
32.19699860 -34.37099838 481.32000732
32.19699860 -33.72999954 481.32000732
32.19699860 -33.09000015 481.32998657
32.19800186 -32.45000076 481.35000610
32.19900131 -31.80999947 481.35000610
32.19900131 -31.16900063 481.35998535
32.19900131 -30.52799988 481.35998535
32.19900131 -29.88599968 481.35998535
32.20000076 -29.24699974 481.35998535
32.20000076 -28.60600090 481.35998535
32.20000076 -27.96500015 481.35998535
32.19900131 -27.32299995 481.35998535
32.20000076 -25.40099907 481.35998535
32.20000076 -24.76000023 481.36999512
32.20000076 -24.11899948 481.36999512
32.20000076 -23.47800064 481.36999512
32.20100021 -22.83699989 481.38000488
32.20100021 -22.19700050 481.38000488
32.20100021 -21.55500031 481.38000488
32.20199966 -20.91500092 481.39999390
32.20100021 -20.27300072 481.39001465
32.20199966 -19.63199997 481.39001465
32.20199966 -18.99200058 481.39999390
32.20199966 -18.35099983 481.39001465
32.20100021 -17.70999908 481.39001465
32.20199966 -17.06900024 481.39999390
32.20199966 -16.42700005 481.39999390
32.20299911 -15.78699970 481.41000366
32.20299911 -15.14599991 481.41000366
32.20299911 -14.50500011 481.41000366
32.20299911 -13.86299992 481.41000366
32.20299911 -13.22200012 481.42001343
32.20399857 -12.58199978 481.42001343
32.20399857 -11.93999958 481.42001343
32.20399857 -11.30000019 481.42999268
32.20399857 -10.65799999 481.42999268
32.20399857 -10.01700020 481.42999268
32.20500183 -9.37559986 481.44000244
32.20399857 -8.73390007 481.42999268
32.20500183 -8.09340000 481.44000244
32.20500183 -7.45300007 481.44000244
32.20500183 -6.81169987 481.44000244
32.20500183 -6.17000008 481.44000244
32.20500183 -5.52880001 481.44000244
32.20500183 -4.88740015 481.44000244
32.20500183 -4.24679995 481.45001221
32.20600128 -3.60570002 481.45001221
32.20600128 -2.96350002 481.45001221
32.20600128 -2.32209992 481.45001221
32.20600128 -1.68120003 481.45999146
32.20700073 -1.03999996 481.47000122
32.20600128 -0.39945999 481.45999146
32.20700073 0.24309000 481.47000122
32.20700073 0.88398999 481.47000122
32.20700073 1.52400005 481.47000122
32.20700073 2.16490006 481.47000122
32.20600128 2.80539989 481.47000122
32.20600128 3.44679999 481.45999146
32.20600128 4.08939981 481.45999146
32.20600128 4.73089981 481.45999146
32.20700073 5.37290001 481.47000122
32.20700073 6.01350021 481.47000122
32.20700073 6.65469980 481.47000122
32.20700073 7.29610014 481.47000122
32.20700073 7.93809986 481.48001099
32.20800018 8.57979965 481.48999023
32.20800018 9.22070026 481.48999023
32.20800018 9.86240005 481.48999023
32.20800018 10.50300026 481.48999023
32.20800018 11.14400005 481.48999023
32.20800018 11.78600025 481.50000000
32.20800018 12.42700005 481.48999023
32.20800018 13.06799984 481.48999023
32.20800018 13.70899963 481.48999023
32.20800018 14.35000038 481.48001099
32.20700073 14.99199963 481.48001099
32.20700073 15.63300037 481.48001099
32.20700073 16.27499962 481.48001099
32.20700073 16.91600037 481.48001099
32.20700073 17.55699921 481.48001099
32.20800018 18.19899940 481.48001099
32.20800018 18.84099960 481.48999023
32.20800018 19.48200035 481.48999023
32.20800018 20.12299919 481.48999023
32.20700073 20.76399994 481.48001099
32.20700073 21.40500069 481.48001099
32.20700073 22.04599953 481.48001099
32.20700073 22.68799973 481.48001099
32.20700073 23.32900047 481.48001099
32.20700073 23.96999931 481.48001099
32.20800018 24.61199951 481.48999023
32.20800018 25.25399971 481.48999023
32.20700073 25.89399910 481.48001099
32.20700073 26.53700066 481.48001099
32.20700073 27.17799950 481.48001099
32.20700073 27.81800079 481.48001099
32.20700073 28.45899963 481.47000122
32.20700073 29.10000038 481.47000122
32.20700073 29.74200058 481.47000122
32.20700073 30.38500023 481.48001099
32.20700073 31.02499962 481.47000122
32.20600128 31.66600037 481.45999146
32.20600128 32.30699921 481.45999146
32.20600128 32.94800186 481.45999146
32.20600128 33.58900070 481.45001221
32.20500183 34.22999954 481.45001221
32.20500183 34.87099838 481.44000244
32.20399857 35.51200104 481.44000244
32.20399857 36.15299988 481.44000244
32.20500183 36.79499817 481.44000244
32.20500183 37.43700027 481.44000244
32.20500183 38.07799911 481.44000244
32.20399857 38.71799850 481.42999268
32.20299911 39.35800171 481.42001343
32.20299911 40.64099884 481.42001343
32.20299911 41.28099823 481.41000366
32.20199966 41.92200089 481.39999390
32.20199966 42.56499863 481.41000366
32.20199966 43.20500183 481.39999390
32.20199966 43.84700012 481.41000366
32.20199966 44.48699951 481.39999390
32.20100021 45.12599945 481.38000488
32.20000076 45.76699829 481.36999512
32.20000076 46.40700150 481.36999512
32.19900131 47.04899979 481.35998535
32.84799957 47.06000137 481.48001099
32.84799957 46.41899872 481.48001099
32.84899902 45.77799988 481.48999023
32.84999847 45.13800049 481.50000000
32.84999847 44.49800110 481.51998901
32.85100174 43.85800171 481.52999878
32.85100174 43.21699905 481.52999878
32.85100174 42.57600021 481.52999878
32.85100174 41.93299866 481.52999878
32.85200119 41.29299927 481.54000854
32.85300064 40.65299988 481.54998779
32.85300064 40.01200104 481.55999756
32.85300064 39.37099838 481.55999756
32.85300064 38.72800064 481.55999756
32.85400009 38.08700180 481.55999756
32.85400009 37.44699860 481.57000732
32.85400009 36.80500031 481.57000732
32.85400009 36.16299820 481.57000732
32.85400009 35.52199936 481.57000732
32.85499954 34.88100052 481.57000732
32.85499954 34.24000168 481.57998657
32.85499954 33.59799957 481.57998657
32.85499954 32.95700073 481.57998657
32.85599899 32.31600189 481.58999634
32.85599899 31.67499924 481.60000610
32.85699844 31.03400040 481.60000610
32.85699844 30.39299965 481.60000610
32.85699844 29.75099945 481.60998535
32.85699844 29.10799980 481.60000610
32.85699844 28.46699905 481.60998535
32.85699844 27.82600021 481.60998535
32.85699844 27.18499947 481.60998535
32.85699844 26.54400063 481.60998535
32.85699844 25.90200043 481.60000610
32.85699844 25.26000023 481.60998535
32.85699844 24.61899948 481.61999512
32.85699844 23.97699928 481.60998535
32.85699844 23.33499908 481.60998535
32.85699844 22.69400024 481.60998535
32.85699844 22.05299950 481.60998535
32.85699844 21.41099930 481.60000610
32.85699844 20.76899910 481.60998535
32.85699844 20.12800026 481.61999512
32.85800171 19.48699951 481.61999512
32.85699844 18.84600067 481.61999512
32.85699844 18.20400047 481.60998535
32.85699844 17.56100082 481.60000610
32.85599899 16.92000008 481.60000610
32.85599899 16.27799988 481.60000610
32.85599899 15.63700008 481.60000610
32.85599899 14.99600029 481.60000610
32.85599899 14.35400009 481.60000610
32.85699844 13.71300030 481.60998535
32.85699844 13.07100010 481.61999512
32.85800171 12.43000031 481.61999512
32.85800171 11.78899956 481.61999512
32.85699844 11.14700031 481.60998535
32.85699844 10.50599957 481.60998535
32.85699844 9.86470032 481.60998535
32.85699844 9.22290039 481.60000610
32.85699844 8.58180046 481.60000610
32.85599899 7.93970013 481.60000610
32.85599899 7.29750013 481.60000610
32.85599899 6.65609980 481.58999634
32.85599899 6.01440001 481.58999634
32.85599899 5.37379980 481.58999634
32.85599899 4.73239994 481.58999634
32.85499954 4.09049988 481.58999634
32.85599899 3.44810009 481.58999634
32.85599899 2.80690002 481.58999634
32.85599899 2.16610003 481.58999634
32.85599899 1.52489996 481.58999634
32.85599899 0.88388002 481.58999634
32.85599899 0.24269000 481.58999634
32.85599899 -0.39987999 481.58999634
32.85599899 -1.04009998 481.58999634
32.85499954 -1.68219995 481.58999634
32.85499954 -2.32310009 481.58999634
32.85499954 -2.96440005 481.57998657
32.85499954 -3.60649991 481.57998657
32.85499954 -4.24779987 481.57998657
32.85499954 -4.88870001 481.57998657
32.85400009 -5.53000021 481.57000732
32.85400009 -6.17150021 481.57000732
32.85400009 -6.81330013 481.57000732
32.85400009 -7.45489979 481.57000732
32.85400009 -8.09539986 481.55999756
32.85400009 -8.73610020 481.55999756
32.85400009 -9.37889957 481.55999756
32.85300064 -10.02000046 481.55999756
32.85400009 -10.66100025 481.55999756
32.85300064 -11.30200005 481.55999756
32.85300064 -11.94299984 481.54998779
32.85300064 -12.58500004 481.54998779
32.85300064 -13.22599983 481.54000854
32.85200119 -13.86699963 481.54000854
32.85200119 -14.50899982 481.54000854
32.85200119 -15.14999962 481.54000854
32.85200119 -15.79100037 481.54000854
32.85200119 -16.43199921 481.52999878
32.85100174 -17.07299995 481.52999878
32.85100174 -17.71400070 481.51998901
32.85100174 -18.35499954 481.51998901
32.85100174 -18.99699974 481.51998901
32.85100174 -19.63899994 481.51998901
32.85100174 -20.27899933 481.52999878
32.85100174 -20.92000008 481.51998901
32.84999847 -21.56100082 481.51000977
32.84999847 -22.20100021 481.51000977
32.84899902 -22.84199905 481.50000000
32.84999847 -23.48399925 481.50000000
32.84999847 -24.12500000 481.50000000
32.84899902 -24.76600075 481.50000000
32.84899902 -25.40699959 481.48999023
32.84799957 -26.04800034 481.48001099
32.84899902 -27.33099937 481.48999023
32.84899902 -27.97200012 481.48999023
32.84899902 -28.61300087 481.48999023
32.84899902 -29.25399971 481.48999023
32.84799957 -29.89399910 481.48001099
32.84799957 -30.53599930 481.48001099
32.84799957 -31.17700005 481.48001099
32.84799957 -31.81800079 481.48001099
32.84799957 -32.45899963 481.48001099
32.84700012 -33.09899902 481.47000122
32.84700012 -33.74000168 481.45999146
32.84600067 -34.38100052 481.45001221
32.84600067 -35.02199936 481.44000244
32.84600067 -35.66199875 481.44000244
32.84500122 -36.30300140 481.44000244
32.84500122 -36.94300079 481.42999268
32.84500122 -37.58499908 481.44000244
32.84500122 -38.22600174 481.42999268
32.84500122 -38.86600113 481.42999268
32.84500122 -39.50699997 481.42999268
32.84500122 -40.14799881 481.42999268
32.84500122 -40.78900146 481.42999268
32.84400177 -41.43000031 481.42001343
32.84400177 -42.06900024 481.42001343
32.84299850 -42.71099854 481.41000366
32.84299850 -43.35200119 481.41000366
32.84299850 -43.99200058 481.41000366
32.84299850 -44.63299942 481.39999390
32.84299850 -45.27399826 481.39999390
32.84299850 -45.91400146 481.39999390
32.84199905 -46.55500031 481.39999390
32.84199905 -47.19599915 481.39001465
32.84199905 -47.83599854 481.39001465
32.84099960 -48.47600174 481.38000488
33.49000168 -48.48799896 481.50000000
33.49100113 -47.84799957 481.51000977
33.49100113 -47.20700073 481.51998901
33.49200058 -46.56700134 481.51998901
33.49200058 -45.92599869 481.52999878
33.49200058 -45.28499985 481.52999878
33.49200058 -44.00400162 481.52999878
33.49300003 -43.36299896 481.52999878
33.49300003 -42.72200012 481.52999878
33.49300003 -42.08000183 481.54000854
33.49300003 -41.43999863 481.54000854
33.49399948 -40.79899979 481.54998779
33.49399948 -40.15900040 481.54998779
33.49399948 -39.51800156 481.55999756
33.49499893 -38.87699890 481.55999756
33.49499893 -38.23699951 481.57000732
33.49499893 -37.59500122 481.57000732
33.49399948 -36.95299911 481.55999756
33.49399948 -36.31200027 481.55999756
33.49499893 -35.67100143 481.55999756
33.49499893 -35.02999878 481.55999756
33.49499893 -34.38899994 481.57000732
33.49599838 -33.74800110 481.57998657
33.49700165 -33.10800171 481.60000610
33.49800110 -32.46799850 481.60998535
33.49800110 -31.82699966 481.60998535
33.49800110 -31.18600082 481.60998535
33.49800110 -30.54400063 481.60000610
33.49800110 -29.90200043 481.60998535
33.49800110 -29.26199913 481.60998535
33.49800110 -28.62100029 481.60998535
33.49800110 -27.97999954 481.61999512
33.49800110 -27.33799934 481.60998535
33.49800110 -26.69599915 481.60998535
33.49800110 -26.05500031 481.60998535
33.49900055 -25.41399956 481.61999512
33.49900055 -24.77300072 481.61999512
33.49900055 -24.13100052 481.61999512
33.49900055 -23.48999977 481.61999512
33.49900055 -22.84799957 481.61999512
33.50000000 -22.20599937 481.64001465
33.50000000 -21.56599998 481.64001465
33.50099945 -20.92600060 481.64999390
33.50099945 -20.28499985 481.66000366
33.50099945 -19.64399910 481.64999390
33.50099945 -19.00200081 481.64999390
33.50099945 -18.36000061 481.64999390
33.50099945 -17.71899986 481.64999390
33.50099945 -17.07699966 481.64999390
33.50099945 -16.43600082 481.66000366
33.50199890 -15.79500008 481.67001343
33.50199890 -15.15299988 481.67001343
33.50299835 -14.51299953 481.67999268
33.50299835 -13.87100029 481.67999268
33.50299835 -13.22999954 481.67999268
33.50299835 -12.58899975 481.67999268
33.50199890 -11.94600010 481.67001343
33.50299835 -11.30500031 481.67999268
33.50299835 -10.66399956 481.69000244
33.50299835 -10.02299976 481.69000244
33.50299835 -9.38150024 481.69000244
33.50299835 -8.73810005 481.67999268
33.50299835 -8.09720039 481.69000244
33.50400162 -7.45629978 481.69000244
33.50400162 -6.81500006 481.69000244
33.50400162 -6.17290020 481.69000244
33.50400162 -5.53160000 481.70001221
33.50400162 -4.89020014 481.70001221
33.50400162 -4.24900007 481.70001221
33.50500107 -3.60719991 481.70999146
33.50500107 -2.96530008 481.70999146
33.50500107 -2.32419991 481.70999146
33.50500107 -1.68320000 481.70999146
33.50500107 -1.04040003 481.70999146
33.50500107 -0.40011999 481.70999146
33.50500107 0.24254000 481.72000122
33.50500107 0.88407999 481.72000122
33.50600052 1.52520001 481.72000122
33.50600052 2.16709995 481.73001099
33.50600052 2.80819988 481.73001099
33.50600052 3.44919991 481.72000122
33.50600052 4.09219980 481.72000122
33.50600052 4.73360014 481.72000122
33.50600052 5.37529993 481.72000122
33.50600052 6.01569986 481.72000122
33.50600052 6.65730000 481.72000122
33.50600052 7.94159985 481.72000122
33.50600052 8.58450031 481.73001099
33.50699997 9.22589970 481.73999023
33.50699997 9.86740017 481.73999023
33.50699997 10.50800037 481.73999023
33.50699997 11.14900017 481.73999023
33.50600052 11.79199982 481.73001099
33.50699997 12.43299961 481.73999023
33.50699997 13.07400036 481.73999023
33.50600052 13.71700001 481.73001099
33.50600052 14.35799980 481.73001099
33.50600052 15.00000000 481.73001099
33.50600052 15.64099979 481.73001099
33.50600052 16.92399979 481.73001099
33.50600052 17.56599998 481.73001099
33.50699997 18.20899963 481.73999023
33.50699997 18.85099983 481.73999023
33.50699997 19.49200058 481.75000000
33.50699997 20.13400078 481.73999023
33.50699997 20.77499962 481.73999023
33.50600052 21.41699982 481.73001099
33.50699997 22.05900002 481.73001099
33.50699997 22.70000076 481.73999023
33.50699997 23.34199905 481.73999023
33.50699997 23.98399925 481.73999023
33.50699997 24.62500000 481.73999023
33.50600052 25.26700020 481.73001099
33.50600052 25.90800095 481.73001099
33.50600052 26.55100060 481.73001099
33.50699997 27.19300079 481.73001099
33.50699997 27.83399963 481.73999023
33.50699997 28.47599983 481.73999023
33.50699997 29.11700058 481.73999023
33.50699997 29.75900078 481.73999023
33.50600052 30.40099907 481.73001099
33.50600052 31.04199982 481.73001099
33.50600052 31.68300056 481.72000122
33.50500107 32.32500076 481.72000122
33.50500107 32.96500015 481.70999146
33.50400162 33.60699844 481.70001221
33.50400162 34.24900055 481.70001221
33.50400162 34.88999939 481.70001221
33.50400162 35.53099823 481.70001221
33.50299835 36.17200089 481.69000244
33.50299835 36.81399918 481.69000244
33.50299835 37.45600128 481.69000244
33.50299835 38.09700012 481.67999268
33.50299835 38.73799896 481.67999268
33.50299835 39.38100052 481.67999268
33.50299835 40.02299881 481.69000244
33.50299835 40.66400146 481.67999268
33.50199890 41.30400085 481.67001343
33.50099945 41.94400024 481.66000366
33.50099945 42.58700180 481.66000366
33.50099945 43.22900009 481.66000366
33.50099945 43.86899948 481.64999390
33.50000000 44.50899887 481.64001465
33.49900055 45.15000153 481.63000488
33.49800110 46.43099976 481.60998535
33.49700165 47.07199860 481.60000610
34.14699936 47.08399963 481.72000122
34.14799881 46.44300079 481.73999023
34.14799881 45.80300140 481.73999023
34.14899826 45.16099930 481.76000977
34.14899826 44.52000046 481.76000977
34.15000153 43.88000107 481.76998901
34.15100098 43.23899841 481.77999878
34.15100098 42.59700012 481.77999878
34.15100098 41.95500183 481.79000854
34.15100098 41.31399918 481.79000854
34.15299988 40.67399979 481.80999756
34.15299988 40.03300095 481.80999756
34.15299988 39.39099884 481.80999756
34.15200043 38.74800110 481.79998779
34.15200043 38.10599899 481.79998779
34.15299988 37.46400070 481.80999756
34.15299988 36.82300186 481.80999756
34.15299988 36.18199921 481.82000732
34.15399933 35.54100037 481.82000732
34.15399933 34.89899826 481.82998657
34.15399933 34.25699997 481.82998657
34.15499878 33.61600113 481.82998657
34.15499878 32.97399902 481.83999634
34.15499878 32.33300018 481.83999634
34.15599823 31.69199944 481.85000610
34.15599823 31.04999924 481.85000610
34.15599823 30.40900040 481.85998535
34.15599823 29.76600075 481.85998535
34.15700150 29.12400055 481.85998535
34.15700150 28.48299980 481.85998535
34.15700150 27.84099960 481.85998535
34.15700150 27.20000076 481.86999512
34.15700150 26.55900002 481.85998535
34.15599823 25.91500092 481.85998535
34.15599823 25.27300072 481.85000610
34.15599823 24.63100052 481.85998535
34.15700150 23.98999977 481.85998535
34.15700150 23.34799957 481.85998535
34.15700150 22.70599937 481.85998535
34.15599823 22.06399918 481.85998535
34.15599823 21.42300034 481.85998535
34.15700150 20.78100014 481.85998535
34.15700150 20.13899994 481.85998535
34.15800095 19.49699974 481.88000488
34.15800095 18.85600090 481.88000488
34.15700150 18.21400070 481.86999512
34.15700150 17.57099915 481.85998535
34.15599823 16.92900085 481.85000610
34.15599823 16.28700066 481.85000610
34.15599823 15.64500046 481.85000610
34.15599823 15.00399971 481.85998535
34.15599823 14.36299992 481.85998535
34.15700150 13.72099972 481.85998535
34.15700150 13.07900047 481.86999512
34.15599823 12.43700027 481.85998535
34.15700150 11.79500008 481.86999512
34.15700150 11.15200043 481.85998535
34.15700150 10.51099968 481.85998535
34.15700150 9.86960030 481.86999512
34.15700150 9.22869968 481.85998535
34.15599823 8.58740044 481.85998535
34.15599823 7.94399977 481.85000610
34.15599823 7.30170012 481.85000610
34.15599823 6.65929985 481.85000610
34.15599823 6.01730013 481.85000610
34.15599823 5.37659979 481.85000610
34.15599823 4.73470020 481.85000610
34.15599823 4.09399986 481.85000610
34.15599823 3.45090008 481.85000610
34.15599823 2.80960011 481.85998535
34.15599823 2.16829991 481.85000610
34.15499878 1.52569997 481.83999634
34.15499878 0.88435000 481.83999634
34.15499878 0.24259999 481.82998657
34.15499878 -0.40002000 481.82998657
34.15399933 -1.04100001 481.82998657
34.15399933 -1.68369997 481.82998657
34.15499878 -2.32500005 481.82998657
34.15499878 -2.96690011 481.83999634
34.15499878 -3.60840011 481.83999634
34.15499878 -4.25019979 481.82998657
34.15499878 -4.89139986 481.82998657
34.15399933 -5.53289986 481.82998657
34.15399933 -6.17399979 481.82000732
34.15399933 -6.81610012 481.82998657
34.15399933 -7.45849991 481.82000732
34.15399933 -8.09910011 481.82000732
34.15299988 -8.73999977 481.80999756
34.15299988 -9.38329983 481.79998779
34.15299988 -10.02600002 481.80999756
34.15299988 -10.66699982 481.80999756
34.15299988 -11.30799961 481.80999756
34.15200043 -11.94900036 481.79998779
34.15200043 -12.59300041 481.79998779
34.15200043 -13.23400021 481.79998779
34.15299988 -13.87500000 481.80999756
34.15299988 -14.51700020 481.79998779
34.15200043 -15.15600014 481.79998779
34.15100098 -15.79800034 481.77999878
34.15100098 -16.44000053 481.77999878
34.15100098 -17.08200073 481.77999878
34.15000153 -17.72400093 481.76998901
34.15000153 -18.36499977 481.76998901
34.15100098 -19.00699997 481.77999878
34.15100098 -19.64900017 481.77999878
34.15100098 -20.29000092 481.77999878
34.15100098 -20.93099976 481.76998901
34.15000153 -21.57099915 481.76000977
34.14899826 -22.21199989 481.75000000
34.14799881 -22.85400009 481.73999023
34.14799881 -23.49600029 481.73999023
34.14899826 -24.13699913 481.75000000
34.14799881 -24.77899933 481.73999023
34.14799881 -25.42000008 481.73999023
34.14799881 -26.06200027 481.73999023
34.14799881 -26.70299911 481.73999023
34.14799881 -27.34499931 481.73999023
34.14899826 -27.98699951 481.75000000
34.14899826 -28.62800026 481.75000000
34.14899826 -29.27000046 481.75000000
34.14799881 -29.91099930 481.73001099
34.14799881 -30.55200005 481.73001099
34.14799881 -31.19400024 481.73001099
34.14799881 -31.83499908 481.73001099
34.14699936 -32.47600174 481.73001099
34.14699936 -33.11600113 481.72000122
34.14599991 -33.75699997 481.70999146
34.14400101 -36.96200180 481.67999268
34.14500046 -37.60499954 481.69000244
34.14500046 -38.24599838 481.69000244
34.14400101 -38.88600159 481.69000244
34.14400101 -39.52799988 481.67999268
34.14400101 -40.16899872 481.67001343
34.14300156 -40.81000137 481.67001343
34.14300156 -41.45000076 481.67001343
34.14300156 -42.09099960 481.67001343
34.14300156 -42.73300171 481.66000366
34.14300156 -43.37400055 481.66000366
34.14300156 -44.01599884 481.66000366
34.14199829 -44.65700150 481.66000366
34.14199829 -45.29700089 481.66000366
34.14199829 -45.93799973 481.64999390
34.14099884 -46.57899857 481.64001465
34.14099884 -47.22000122 481.64001465
34.13999939 -47.86000061 481.63000488
34.13999939 -48.50099945 481.63000488
34.79000092 -48.51300049 481.76000977
34.79100037 -47.87300110 481.76000977
34.79100037 -47.23199844 481.76998901
34.79100037 -46.59099960 481.76998901
34.79199982 -45.95000076 481.77999878
34.79299927 -45.30899811 481.79000854
34.79299927 -44.66799927 481.79000854
34.79299927 -44.02700043 481.79000854
34.79299927 -43.38600159 481.79000854
34.79299927 -42.74499893 481.79000854
34.79299927 -42.10300064 481.79000854
34.79299927 -41.46200180 481.79000854
34.79299927 -40.81999969 481.79998779
34.79399872 -40.17900085 481.79998779
34.79399872 -39.53699875 481.80999756
34.79499817 -38.89599991 481.82000732
34.79499817 -38.25600052 481.82998657
34.79600143 -37.61500168 481.82998657
34.79499817 -36.97299957 481.82000732
34.79499817 -36.33100128 481.82000732
34.79499817 -35.68899918 481.80999756
34.79499817 -35.04800034 481.82000732
34.79499817 -34.40700150 481.82998657
34.79700089 -33.76699829 481.85000610
34.79700089 -33.12500000 481.85000610
34.79700089 -32.48400116 481.85000610
34.79700089 -31.84199905 481.85000610
34.79700089 -31.20100021 481.85000610
34.79700089 -30.55999947 481.85000610
34.79800034 -29.91799927 481.85998535
34.79800034 -29.27599907 481.86999512
34.79899979 -28.63500023 481.88000488
34.79899979 -27.99399948 481.88000488
34.79899979 -27.35300064 481.86999512
34.79800034 -26.70999908 481.86999512
34.79899979 -26.06900024 481.86999512
34.79899979 -25.42700005 481.86999512
34.79899979 -24.78499985 481.86999512
34.79899979 -24.14299965 481.86999512
34.79899979 -23.50200081 481.86999512
34.79899979 -22.86000061 481.88000488
34.79999924 -22.21800041 481.89001465
34.80099869 -21.57699966 481.89999390
34.80099869 -20.93600082 481.89999390
34.80099869 -20.29500008 481.89999390
34.80099869 -19.65299988 481.89999390
34.80099869 -19.01199913 481.91000366
34.80099869 -18.37000084 481.91000366
34.80099869 -17.72800064 481.91000366
34.80099869 -17.08699989 481.91000366
34.80099869 -16.44400024 481.89999390
34.80099869 -15.80200005 481.91000366
34.80199814 -15.15999985 481.91000366
34.80199814 -14.51900005 481.91000366
34.80300140 -13.87899971 481.92999268
34.80300140 -13.23799992 481.92001343
34.80199814 -12.59500027 481.92001343
34.80300140 -11.95199966 481.92999268
34.80300140 -11.31099987 481.92999268
34.80300140 -10.66899967 481.92999268
34.80300140 -10.02799988 481.92999268
34.80300140 -9.38580036 481.92999268
34.80400085 -8.74349976 481.95001221
34.80400085 -8.10120010 481.95001221
34.80400085 -7.46010017 481.95001221
34.80500031 -6.81780005 481.95001221
34.80500031 -6.17579985 481.95001221
34.80500031 -5.53389978 481.95999146
34.80500031 -4.89239979 481.95999146
34.80500031 -4.25129986 481.95999146
34.80500031 -3.60940003 481.95999146
34.80500031 -2.96810007 481.95999146
34.80500031 -2.32520008 481.95001221
34.80500031 -1.68359995 481.95999146
34.80500031 -1.04159999 481.95999146
34.80500031 0.24250001 481.95999146
34.80500031 0.88441998 481.95999146
34.80500031 1.52639997 481.95999146
34.80599976 2.16880012 481.97000122
34.80599976 2.81049991 481.98001099
34.80599976 3.45230007 481.98001099
34.80699921 4.09520006 481.98001099
34.80599976 4.73570013 481.98001099
34.80699921 5.37779999 481.98001099
34.80599976 6.01919985 481.98001099
34.80599976 6.66099977 481.98001099
34.80599976 7.30389977 481.98001099
34.80599976 7.94640017 481.98001099
34.80699921 8.58950043 481.98999023
34.80699921 9.23069954 481.98999023
34.80799866 9.87300014 482.00000000
34.80799866 10.51399994 482.00000000
34.80699921 11.15499973 481.98999023
34.80699921 11.79699993 481.98999023
34.80699921 12.43900013 481.98001099
34.80699921 13.08199978 481.98999023
34.80699921 13.72399998 481.98999023
34.80699921 14.36699963 481.98999023
34.80699921 15.00800037 481.98999023
34.80699921 15.64900017 481.98001099
34.80599976 16.29100037 481.98001099
34.80599976 16.93300056 481.98001099
34.80699921 17.57600021 481.98001099
34.80699921 18.21899986 481.98999023
34.80799866 18.86100006 482.00000000
34.80799866 19.50200081 482.00000000
34.80799866 20.14399910 482.00000000
34.80699921 20.78700066 481.98999023
34.80699921 21.42799950 481.98001099
34.80699921 22.06999969 481.98001099
34.80699921 22.71199989 481.98999023
34.80699921 23.35400009 481.98999023
34.80699921 23.99600029 481.98999023
34.80699921 24.63800049 481.98001099
34.80599976 25.28000069 481.98001099
34.80699921 25.92200089 481.98001099
34.80699921 26.56500053 481.98999023
34.80699921 27.20700073 481.98999023
34.80699921 27.84799957 481.98999023
34.80699921 28.48999977 481.98999023
34.80699921 29.13199997 481.98999023
34.80699921 29.77400017 481.98001099
34.80599976 30.41600037 481.98001099
34.80599976 31.05800056 481.97000122
34.80500031 31.69899940 481.95999146
34.80500031 32.34099960 481.95999146
34.80500031 32.98300171 481.95999146
34.80500031 33.62500000 481.95999146
34.80500031 34.26599884 481.95001221
34.80400085 34.90800095 481.95001221
34.80400085 35.54899979 481.95001221
34.80400085 36.19100189 481.94000244
34.80300140 36.83200073 481.94000244
34.80300140 37.47399902 481.92999268
34.80300140 38.11600113 481.92999268
34.80300140 38.75799942 481.92999268
34.80300140 39.40100098 481.92999268
34.80300140 40.04299927 481.92999268
34.80199814 40.68399811 481.92001343
34.80099869 41.32400131 481.91000366
34.80099869 41.96599960 481.91000366
34.80099869 42.60800171 481.91000366
34.80099869 43.24900055 481.89999390
34.79999924 43.89099884 481.89001465
34.79999924 44.53200150 481.89001465
34.79800034 45.81399918 481.86999512
34.79800034 46.45500183 481.85998535
35.44800186 46.46699905 481.98001099
35.44900131 45.82600021 481.98999023
35.44900131 45.18500137 482.00000000
35.45000076 44.54299927 482.01000977
35.45100021 43.90200043 482.01998901
35.45100021 43.25999832 482.02999878
35.45199966 42.61899948 482.02999878
35.45199966 41.97700119 482.02999878
35.45199966 41.33499908 482.04000854
35.45299911 40.69300079 482.04998779
35.45399857 40.05300140 482.05999756
35.45399857 39.41199875 482.07000732
35.45399857 38.77000046 482.07000732
35.45399857 38.12799835 482.07000732
35.45399857 37.48400116 482.05999756
35.45399857 36.84199905 482.07000732
35.45399857 36.20100021 482.07000732
35.45500183 35.55799866 482.07000732
35.45500183 34.91699982 482.07998657
35.45500183 34.27500153 482.07998657
35.45500183 33.63399887 482.07998657
35.45600128 32.99100113 482.08999634
35.45600128 32.34899902 482.08999634
35.45600128 31.70800018 482.08999634
35.45600128 31.06599998 482.10000610
35.45700073 30.42399979 482.10000610
35.45800018 29.78199959 482.10998535
35.45800018 29.14100075 482.11999512
35.45800018 28.49799919 482.11999512
35.45800018 27.85600090 482.11999512
35.45800018 27.21500015 482.11999512
35.45800018 26.57200050 482.11999512
35.45800018 25.93000031 482.11999512
35.45700073 25.28700066 482.10998535
35.45700073 24.64399910 482.10998535
35.45800018 24.00300026 482.10998535
35.45700073 23.36000061 482.10998535
35.45700073 22.71800041 482.10998535
35.45700073 22.07600021 482.10998535
35.45800018 21.43300056 482.10998535
35.45800018 20.79199982 482.11999512
35.45899963 20.14999962 482.13000488
35.45899963 19.50799942 482.13000488
35.45899963 18.86599922 482.13000488
35.45800018 18.22400093 482.11999512
35.45800018 17.58099937 482.10998535
35.45700073 16.93799973 482.10998535
35.45700073 16.29500008 482.10998535
35.45700073 15.65299988 482.10998535
35.45800018 15.01200008 482.10998535
35.45800018 14.36999989 482.10998535
35.45700073 13.72799969 482.10998535
35.45700073 13.08500004 482.10998535
35.45800018 12.44299984 482.10998535
35.45800018 11.80000019 482.11999512
35.45800018 11.15799999 482.11999512
35.45800018 10.51700020 482.11999512
35.45800018 9.87570000 482.10998535
35.45700073 9.23219967 482.10998535
35.45700073 8.59080029 482.10998535
35.45700073 7.94850016 482.10998535
35.45700073 7.30600023 482.10000610
35.45700073 6.66330004 482.10000610
35.45600128 6.02089977 482.10000610
35.45700073 5.37909985 482.10000610
35.45700073 4.73710012 482.10000610
35.45700073 4.09590006 482.10998535
35.45700073 3.45339990 482.10000610
35.45700073 2.81100011 482.10000610
35.45600128 2.16960001 482.10000610
35.45600128 0.88492000 482.08999634
35.45500183 -1.68359995 482.07998657
35.45500183 -2.32550001 482.07998657
35.45500183 -2.96849990 482.07998657
35.45500183 -3.61019993 482.07998657
35.45600128 -4.25220013 482.07998657
35.45600128 -4.89330006 482.07998657
35.45600128 -5.53579998 482.08999634
35.45600128 -6.17740011 482.08999634
35.45500183 -6.81969976 482.07998657
35.45500183 -7.46180010 482.07998657
35.45500183 -8.10410023 482.07998657
35.45500183 -8.74610043 482.07998657
35.45500183 -9.38819981 482.07000732
35.45500183 -10.02999973 482.07000732
35.45399857 -10.67199993 482.07000732
35.45399857 -11.31400013 482.05999756
35.45299911 -11.95600033 482.04998779
35.45299911 -12.59799957 482.04998779
35.45299911 -13.24100018 482.04000854
35.45299911 -13.88199997 482.04998779
35.45299911 -14.52200031 482.04000854
35.45199966 -15.16399956 482.04000854
35.45199966 -17.09099960 482.02999878
35.45199966 -17.73299980 482.04000854
35.45199966 -18.37500000 482.04000854
35.45199966 -19.01700020 482.04000854
35.45199966 -19.65800095 482.02999878
35.45199966 -20.29999924 482.02999878
35.45100021 -20.94099998 482.01998901
35.45100021 -21.58200073 482.01998901
35.45000076 -22.22400093 482.01000977
35.45000076 -22.86599922 482.01000977
35.45000076 -23.50799942 482.01000977
35.45000076 -24.14999962 482.00000000
35.45000076 -24.79100037 482.00000000
35.44900131 -25.43400002 482.00000000
35.44900131 -26.07600021 482.00000000
35.44900131 -26.71699905 482.00000000
35.44900131 -27.36000061 482.00000000
35.44900131 -28.00099945 482.00000000
35.44900131 -28.64200020 482.00000000
35.44900131 -29.28300095 481.98999023
35.44900131 -29.92600060 481.98999023
35.44800186 -30.56699944 481.98001099
35.44800186 -31.20800018 481.97000122
35.44800186 -31.85000038 481.97000122
35.44699860 -32.49200058 481.97000122
35.44699860 -33.13299942 481.97000122
35.44699860 -33.77500153 481.95999146
35.44599915 -34.41600037 481.95001221
35.44599915 -35.05699921 481.95001221
35.44599915 -35.69900131 481.95001221
35.44599915 -36.34099960 481.95001221
35.44599915 -36.98300171 481.95001221
35.44599915 -37.62400055 481.95001221
35.44599915 -38.26599884 481.95001221
35.44499969 -38.90700150 481.94000244
35.44400024 -39.54800034 481.92999268
35.44400024 -40.18899918 481.92001343
35.44400024 -40.83100128 481.92999268
35.44400024 -41.47299957 481.92999268
35.44400024 -42.11399841 481.92999268
35.44400024 -42.75600052 481.92001343
35.44300079 -43.39699936 481.91000366
35.44300079 -44.03900146 481.92001343
35.44300079 -44.68000031 481.92001343
35.44300079 -45.32099915 481.91000366
35.44300079 -45.96300125 481.91000366
35.44200134 -46.60300064 481.89001465
35.44100189 -47.24399948 481.89001465
35.44100189 -47.88499832 481.88000488
35.43999863 -48.52600098 481.88000488
36.09099960 -48.53799820 482.00000000
36.09199905 -47.89799881 482.01000977
36.09199905 -47.25699997 482.01998901
36.09299850 -46.61500168 482.01998901
36.09400177 -45.97499847 482.04000854
36.09400177 -45.33300018 482.04998779
36.09500122 -44.69200134 482.04998779
36.09400177 -44.04999924 482.04000854
36.09400177 -42.76699829 482.04998779
36.09500122 -42.12599945 482.04998779
36.09500122 -41.48400116 482.05999756
36.09500122 -40.84199905 482.05999756
36.09500122 -40.20100021 482.05999756
36.09600067 -39.56000137 482.07000732
36.09600067 -38.91699982 482.07000732
36.09700012 -38.27600098 482.07998657
36.09700012 -37.63399887 482.07998657
36.09700012 -36.99200058 482.07998657
36.09799957 -36.35200119 482.08999634
36.09700012 -35.70999908 482.08999634
36.09799957 -35.06700134 482.08999634
36.09700012 -34.42599869 482.08999634
36.09700012 -33.78400040 482.08999634
36.09799957 -33.14199829 482.08999634
36.09799957 -32.50000000 482.08999634
36.09799957 -31.85799980 482.10000610
36.09799957 -31.21599960 482.10000610
36.09899902 -30.57500076 482.10998535
36.09999847 -29.93300056 482.11999512
36.09899902 -29.29100037 482.10998535
36.09999847 -28.64999962 482.11999512
36.09999847 -28.00799942 482.11999512
36.09999847 -27.36599922 482.11999512
36.09999847 -26.72400093 482.11999512
36.09999847 -26.08200073 482.11999512
36.09999847 -24.79700089 482.11999512
36.09999847 -24.15500069 482.13000488
36.10100174 -23.51399994 482.13000488
36.10100174 -22.87299919 482.14001465
36.10100174 -22.22999954 482.14001465
36.10100174 -21.58799934 482.14001465
36.10100174 -20.94599915 482.14001465
36.10200119 -20.30400085 482.14999390
36.10200119 -19.66300011 482.14999390
36.10200119 -19.02099991 482.14999390
36.10300064 -18.37999916 482.17001343
36.10300064 -17.73800087 482.16000366
36.10300064 -17.09600067 482.16000366
36.10300064 -15.16800022 482.16000366
36.10300064 -14.52700043 482.17001343
36.10300064 -13.88500023 482.17001343
36.10300064 -13.24300003 482.17001343
36.10300064 -12.60099983 482.17001343
36.10400009 -11.95800018 482.17001343
36.10400009 -11.31599998 482.17999268
36.10499954 -10.67399979 482.19000244
36.10599899 -10.03199959 482.20001221
36.10599899 -9.39060020 482.20001221
36.10599899 -8.74849987 482.20001221
36.10599899 -8.10620022 482.20001221
36.10599899 -7.46400023 482.20999146
36.10599899 -6.82159996 482.20999146
36.10599899 -6.17959976 482.20999146
36.10599899 -5.53770018 482.20999146
36.10599899 -4.89459991 482.20001221
36.10599899 -4.25320005 482.20001221
36.10599899 -3.61100006 482.20001221
36.10599899 -2.96919990 482.20001221
36.10599899 0.88468999 482.20999146
36.10599899 1.52719998 482.20999146
36.10699844 2.16950011 482.22000122
36.10699844 2.81150007 482.22000122
36.10800171 3.45420003 482.22000122
36.10800171 4.09689999 482.23001099
36.10800171 4.73899984 482.23001099
36.10800171 5.38079977 482.23001099
36.10800171 6.02279997 482.22000122
36.10800171 6.66499996 482.23001099
36.10800171 7.30810022 482.23001099
36.10800171 7.95039988 482.23001099
36.10900116 8.59319973 482.23999023
36.10900116 9.23499966 482.23999023
36.10900116 9.87800026 482.25000000
36.11000061 10.52000046 482.25000000
36.11000061 11.16300011 482.25000000
36.11000061 11.80399990 482.26000977
36.10900116 12.44600010 482.25000000
36.11000061 13.08899975 482.25000000
36.11000061 13.73099995 482.25000000
36.10900116 14.37300014 482.23999023
36.10900116 15.01599979 482.23999023
36.10800171 15.65699959 482.23001099
36.10800171 16.29999924 482.23001099
36.10900116 16.94300079 482.23999023
36.10900116 17.58600044 482.23999023
36.10900116 18.22800064 482.25000000
36.11000061 18.87100029 482.25000000
36.11000061 19.51300049 482.25000000
36.10900116 20.15399933 482.25000000
36.10900116 20.79599953 482.25000000
36.10900116 21.43799973 482.23999023
36.10800171 22.08099937 482.23999023
36.10800171 22.72400093 482.23999023
36.10800171 23.36599922 482.23001099
36.10900116 24.00900078 482.23999023
36.10800171 24.65099907 482.23999023
36.10900116 25.29299927 482.23999023
36.10900116 25.93600082 482.25000000
36.10900116 26.57900047 482.25000000
36.10900116 27.22299957 482.25000000
36.10900116 27.86400032 482.25000000
36.10900116 28.50600052 482.23999023
36.10900116 29.14800072 482.23999023
36.10800171 29.79000092 482.23001099
36.10800171 30.43199921 482.23001099
36.10800171 31.07500076 482.22000122
36.10800171 31.71699905 482.23001099
36.10800171 32.35900116 482.23001099
36.10699844 33.00099945 482.22000122
36.10699844 33.64199829 482.20999146
36.10599899 34.28400040 482.20001221
36.10599899 34.92599869 482.20001221
36.10599899 35.56800079 482.20001221
36.10499954 36.20999908 482.20001221
36.10499954 36.85200119 482.19000244
36.10499954 37.49399948 482.19000244
36.10499954 38.13800049 482.19000244
36.10499954 38.77999878 482.19000244
36.10499954 39.42300034 482.20001221
36.10499954 40.06399918 482.19000244
36.10400009 40.70399857 482.17001343
36.10300064 41.34600067 482.16000366
36.10200119 41.98799896 482.16000366
36.10200119 42.63000107 482.16000366
36.10200119 43.27199936 482.14999390
36.10200119 43.91400146 482.14999390
36.10100174 44.55500031 482.14001465
36.09999847 45.19599915 482.13000488
36.09899902 45.83800125 482.11999512
36.09899902 46.47900009 482.10998535
36.09799957 47.11999893 482.10000610
36.74900055 47.13199997 482.22000122
36.75000000 46.49100113 482.23999023
36.75099945 45.84899902 482.23999023
36.75099945 45.20800018 482.25000000
36.75199890 44.56700134 482.26000977
36.75299835 43.92499924 482.26998901
36.75299835 43.28300095 482.27999878
36.75400162 42.64099884 482.27999878
36.75400162 41.99800110 482.27999878
36.75400162 41.35699844 482.29000854
36.75500107 40.71500015 482.29998779
36.75600052 40.07400131 482.30999756
36.75699997 39.43299866 482.32000732
36.75600052 38.79000092 482.32000732
36.75600052 38.14699936 482.32000732
36.75600052 37.50400162 482.30999756
36.75600052 36.86199951 482.32000732
36.75699997 36.22000122 482.32000732
36.75699997 35.57799911 482.32998657
36.75699997 34.93500137 482.32998657
36.75799942 34.29299927 482.33999634
36.75799942 33.65100098 482.33999634
36.75899887 33.00999832 482.35000610
36.75899887 32.36800003 482.35000610
36.75899887 31.72500038 482.35000610
36.75899887 31.08300018 482.35000610
36.75999832 30.44000053 482.35998535
36.75999832 29.79700089 482.36999512
36.76100159 29.15600014 482.36999512
36.75999832 28.51399994 482.36999512
36.76100159 27.87199974 482.38000488
36.76100159 27.22900009 482.38000488
36.76100159 26.58600044 482.38000488
36.76100159 25.94400024 482.38000488
36.75999832 25.30100060 482.36999512
36.75999832 24.65800095 482.36999512
36.75999832 24.01499939 482.35998535
36.75899887 23.37199974 482.35998535
36.75999832 22.08699989 482.35998535
36.75999832 21.44400024 482.35998535
36.75999832 20.80100060 482.36999512
36.75999832 20.15900040 482.36999512
36.75999832 19.51799965 482.36999512
36.75999832 18.87599945 482.36999512
36.75999832 18.23299980 482.36999512
36.75999832 17.59000015 482.36999512
36.75999832 16.94799995 482.36999512
36.75999832 16.30500031 482.35998535
36.75999832 15.66199970 482.35998535
36.75899887 15.01900005 482.35998535
36.75999832 14.37600040 482.35998535
36.75999832 13.73400021 482.36999512
36.76100159 13.09200001 482.38000488
36.76100159 12.44999981 482.38000488
36.76100159 11.80799961 482.38000488
36.76100159 11.16600037 482.36999512
36.75999832 10.52200031 482.36999512
36.75999832 9.88029957 482.36999512
36.75999832 9.23729992 482.35998535
36.75999832 8.59519958 482.35998535
36.75899887 7.95249987 482.35000610
36.75899887 7.30999994 482.35000610
36.75899887 6.66709995 482.35000610
36.75899887 6.02419996 482.35000610
36.75899887 5.38199997 482.35000610
36.75999832 4.74020004 482.35998535
36.75999832 4.09770012 482.35998535
36.75899887 3.45519996 482.35000610
36.75799942 2.81229997 482.33999634
36.75799942 2.17009997 482.33999634
36.75799942 0.88510001 482.33999634
36.75799942 0.24246000 482.33999634
36.75799942 -0.40020001 482.32998657
36.75799942 -1.04240000 482.32998657
36.75699997 -1.68420005 482.32998657
36.75699997 -2.32640004 482.32998657
36.75699997 -2.96900010 482.32998657
36.75699997 -3.61129999 482.32998657
36.75699997 -4.25349998 482.32998657
36.75799942 -4.89559984 482.32998657
36.75799942 -5.53879976 482.32998657
36.75799942 -6.18109989 482.32998657
36.75799942 -6.82310009 482.32998657
36.75699997 -7.46579981 482.32998657
36.75799942 -8.10760021 482.32998657
36.75699997 -8.75049973 482.32998657
36.75699997 -9.39249992 482.32998657
36.75699997 -10.03400040 482.32000732
36.75600052 -10.67500019 482.30999756
36.75500107 -11.96100044 482.29998779
36.75500107 -12.60400009 482.29000854
36.75500107 -13.88799953 482.29000854
36.75500107 -15.17300034 482.29998779
36.75400162 -16.45800018 482.29000854
36.75500107 -17.10099983 482.29998779
36.75500107 -17.74200058 482.29000854
36.75400162 -18.38400078 482.29000854
36.75299835 -19.02599907 482.26998901
36.75299835 -19.66799927 482.26998901
36.75199890 -20.30999947 482.26000977
36.75099945 -20.95100021 482.25000000
36.75199890 -21.59300041 482.25000000
36.75099945 -22.23600006 482.25000000
36.75199890 -22.87800026 482.26000977
36.75199890 -23.52000046 482.26000977
36.75199890 -24.16200066 482.26000977
36.75199890 -24.80400085 482.25000000
36.75099945 -26.73100090 482.25000000
36.75099945 -27.37299919 482.23999023
36.75099945 -28.01600075 482.23999023
36.75099945 -28.65699959 482.23999023
36.75099945 -29.29899979 482.23999023
36.75000000 -29.94000053 482.23999023
36.75000000 -30.58200073 482.23001099
36.74900055 -31.86599922 482.22000122
36.74900055 -32.50799942 482.22000122
36.74900055 -33.15100098 482.22000122
36.74900055 -33.79199982 482.20999146
36.74900055 -34.43500137 482.20999146
36.74900055 -35.07600021 482.20999146
36.74900055 -35.71900177 482.20999146
36.74800110 -36.36000061 482.20999146
36.74800110 -37.00199890 482.20999146
36.74800110 -37.64400101 482.20001221
36.74800110 -38.28599930 482.20001221
36.74700165 -38.92599869 482.19000244
36.74700165 -39.57099915 482.19000244
36.74700165 -40.21200180 482.19000244
36.74700165 -40.85400009 482.19000244
36.74599838 -41.49499893 482.17999268
36.74599838 -42.13600159 482.17001343
36.74499893 -42.77799988 482.17001343
36.74499893 -43.41899872 482.16000366
36.74499893 -44.06100082 482.17001343
36.74499893 -44.70399857 482.17001343
36.74499893 -45.34500122 482.17001343
36.74499893 -45.98600006 482.16000366
36.74399948 -46.62699890 482.14999390
36.74300003 -47.26900101 482.14001465
36.74200058 -47.90999985 482.13000488
36.74200058 -48.55099869 482.13000488
37.39300156 -48.56299973 482.25000000
37.39400101 -47.92200089 482.26000977
37.39500046 -47.28099823 482.26998901
37.39599991 -46.63999939 482.27999878
37.39699936 -45.99900055 482.29998779
37.39699936 -45.35699844 482.29998779
37.39699936 -44.71599960 482.29998779
37.39599991 -44.07300186 482.29000854
37.39599991 -43.43000031 482.29000854
37.39699936 -42.78799820 482.29000854
37.39699936 -42.14699936 482.29998779
37.39799881 -41.50500107 482.30999756
37.39799881 -40.86399841 482.30999756
37.39699936 -40.22100067 482.29998779
37.39799881 -39.58000183 482.30999756
37.39799881 -38.93500137 482.30999756
37.39899826 -38.29499817 482.32000732
37.39899826 -37.65299988 482.32000732
37.39899826 -37.01100159 482.32998657
37.39899826 -36.36899948 482.32000732
37.40000153 -35.72700119 482.32998657
37.40000153 -35.08499908 482.32998657
37.40000153 -34.44400024 482.32998657
37.40000153 -33.80099869 482.33999634
37.40000153 -33.15900040 482.33999634
37.40100098 -32.51699829 482.35000610
37.40100098 -31.87400055 482.35000610
37.40100098 -30.59000015 482.35000610
37.40200043 -29.94899940 482.35998535
37.40299988 -29.30699921 482.36999512
37.40299988 -28.66500092 482.36999512
37.40299988 -28.02300072 482.36999512
37.40299988 -27.37999916 482.38000488
37.40299988 -26.73800087 482.38000488
37.40299988 -26.09600067 482.36999512
37.40299988 -24.81100082 482.36999512
37.40299988 -24.16799927 482.38000488
37.40299988 -23.52700043 482.38000488
37.40299988 -22.88400078 482.36999512
37.40299988 -20.31399918 482.38000488
37.40399933 -19.67200089 482.39001465
37.40599823 -19.03000069 482.41000366
37.40599823 -18.38899994 482.42001343
37.40599823 -17.74699974 482.42001343
37.40599823 -17.10400009 482.42001343
37.40599823 -16.46199989 482.42001343
37.40599823 -15.81900024 482.42001343
37.40700150 -15.17700005 482.42999268
37.40700150 -14.53400040 482.42999268
37.40700150 -13.89200020 482.42001343
37.40700150 -11.96399975 482.42001343
37.40700150 -11.32199955 482.42999268
37.40800095 -10.67899990 482.44000244
37.40900040 -10.03699970 482.45001221
37.40900040 -9.39480019 482.45001221
37.40900040 -8.75269985 482.45001221
37.40900040 -8.10929966 482.45001221
37.40800095 -7.46750021 482.44000244
37.40900040 -6.82460022 482.45001221
37.40900040 -6.18270016 482.45999146
37.40999985 -5.53989983 482.45999146
37.40999985 -4.89720011 482.45999146
37.40999985 -4.25460005 482.45999146
37.40900040 -3.61279988 482.45999146
37.40999985 -2.97009993 482.45999146
37.40900040 -2.32690001 482.45999146
37.40900040 -1.68449998 482.45999146
37.40999985 -1.04219997 482.45999146
37.40900040 -0.40007001 482.45999146
37.40999985 0.24291000 482.45999146
37.40999985 0.88559002 482.47000122
37.40999985 2.17050004 482.45999146
37.40999985 2.81279993 482.45999146
37.40999985 3.45580006 482.47000122
37.41099930 4.09880018 482.48001099
37.41099930 4.74139977 482.48999023
37.41099930 5.38339996 482.48001099
37.41099930 6.02580023 482.48001099
37.41099930 6.66890001 482.48001099
37.41099930 7.31239986 482.48001099
37.41099930 7.95499992 482.48999023
37.41199875 8.59799957 482.48999023
37.41199875 9.24009991 482.50000000
37.41199875 9.88249969 482.48999023
37.41199875 10.52499962 482.50000000
37.41199875 11.16800022 482.50000000
37.41299820 11.81099987 482.50000000
37.41299820 12.45400047 482.51000977
37.41299820 13.09599972 482.50000000
37.41199875 13.73799992 482.50000000
37.41199875 14.38000011 482.48999023
37.41099930 15.02299976 482.48001099
37.41099930 15.66699982 482.48999023
37.41199875 16.30900002 482.48999023
37.41199875 16.95199966 482.50000000
37.41199875 17.59499931 482.50000000
37.41199875 18.23699951 482.50000000
37.41099930 20.80699921 482.48999023
37.41099930 21.45000076 482.48999023
37.41199875 22.09300041 482.48999023
37.41199875 22.73600006 482.48999023
37.41199875 23.37899971 482.48999023
37.41199875 24.02199936 482.50000000
37.41199875 24.66399956 482.48999023
37.41199875 25.30900002 482.50000000
37.41299820 25.95100021 482.50000000
37.41299820 26.59300041 482.50000000
37.41199875 27.23600006 482.50000000
37.41199875 27.87800026 482.50000000
37.41199875 28.52099991 482.48999023
37.41199875 29.16399956 482.48999023
37.41099930 29.80500031 482.48999023
37.41099930 30.44799995 482.48001099
37.41099930 31.09099960 482.48001099
37.40999985 31.73299980 482.47000122
37.41099930 32.37599945 482.48001099
37.41099930 33.01800156 482.48001099
37.40999985 33.65999985 482.47000122
37.40999985 34.30300140 482.47000122
37.40900040 34.94499969 482.45999146
37.40900040 35.58700180 482.45999146
37.40900040 36.22999954 482.45001221
37.40800095 36.87099838 482.44000244
37.40800095 37.51399994 482.44000244
37.40800095 38.15700150 482.44000244
37.40700150 38.79899979 482.44000244
37.40800095 39.44200134 482.44000244
37.40700150 40.08399963 482.44000244
37.40700150 40.72600174 482.42001343
37.40599823 41.36800003 482.41000366
37.40499878 42.00899887 482.41000366
37.40499878 42.65200043 482.39999390
37.40499878 43.29399872 482.39999390
37.40399933 43.93600082 482.39001465
37.40299988 44.57799911 482.38000488
37.40299988 45.22000122 482.38000488
37.40299988 45.86199951 482.36999512
37.40200043 46.50400162 482.36999512
37.40100098 47.14500046 482.35000610
38.05300140 47.15800095 482.48001099
38.05400085 46.51699829 482.48999023
38.05500031 45.87500000 482.50000000
38.05500031 45.23300171 482.51000977
38.05599976 44.59000015 482.51000977
38.05599976 43.94900131 482.51998901
38.05599976 43.30599976 482.51998901
38.05699921 42.66299820 482.52999878
38.05699921 42.02000046 482.52999878
38.05699921 41.37799835 482.54000854
38.05799866 40.73699951 482.54998779
38.05899811 40.09500122 482.55999756
38.05899811 39.45199966 482.55999756
38.05899811 38.80899811 482.55999756
38.05899811 38.16600037 482.55999756
38.05899811 37.52299881 482.55999756
38.06000137 36.88100052 482.57000732
38.06100082 36.23899841 482.57998657
38.06100082 35.59700012 482.57998657
38.06100082 34.95399857 482.57998657
38.06200027 34.31200027 482.60000610
38.06100082 33.66799927 482.58999634
38.06200027 33.02600098 482.58999634
38.06299973 32.38399887 482.60998535
38.06299973 31.74300003 482.60998535
38.06299973 31.10000038 482.60998535
38.06299973 30.45599937 482.60998535
38.06299973 29.81299973 482.60998535
38.06299973 29.17000008 482.60998535
38.06299973 28.52799988 482.60998535
38.06299973 27.88500023 482.60998535
38.06399918 27.24200058 482.61999512
38.06399918 26.59900093 482.61999512
38.06399918 25.95700073 482.61999512
38.06399918 25.31500053 482.61999512
38.06399918 24.67099953 482.61999512
38.06399918 24.02799988 482.63000488
38.06399918 23.38500023 482.61999512
38.06399918 22.74200058 482.61999512
38.06399918 22.09799957 482.61999512
38.06299973 20.81299973 482.60998535
38.06399918 18.24200058 482.61999512
38.06399918 17.60000038 482.61999512
38.06399918 16.95700073 482.61999512
38.06399918 16.31399918 482.61999512
38.06399918 15.67099953 482.61999512
38.06399918 15.02799988 482.61999512
38.06399918 14.38399982 482.61999512
38.06499863 13.74100018 482.63000488
38.06399918 13.09899998 482.61999512
38.06399918 12.45699978 482.61999512
38.06399918 11.81400013 482.61999512
38.06399918 11.17199993 482.61999512
38.06399918 10.52799988 482.60998535
38.06399918 9.88469982 482.61999512
38.06399918 9.24250031 482.61999512
38.06399918 8.60009956 482.61999512
38.06299973 7.95739985 482.60998535
38.06299973 7.31440020 482.60998535
38.06200027 6.67089987 482.60000610
38.06200027 6.02759981 482.60000610
38.06299973 5.38479996 482.60000610
38.06299973 4.74249983 482.60998535
38.06299973 4.09969997 482.60000610
38.06200027 3.45659995 482.60000610
38.06200027 0.88602000 482.58999634
38.06200027 0.24301000 482.58999634
38.06200027 -0.40000999 482.58999634
38.06200027 -1.04219997 482.58999634
38.06200027 -1.68470001 482.58999634
38.06200027 -2.32750010 482.58999634
38.06200027 -2.97119999 482.58999634
38.06200027 -3.61360002 482.58999634
38.06200027 -4.25540018 482.58999634
38.06200027 -4.89820004 482.58999634
38.06100082 -5.54080009 482.57998657
38.06100082 -6.18410015 482.57998657
38.06000137 -6.82660007 482.57000732
38.06000137 -7.46939993 482.57000732
38.06000137 -8.11219978 482.57000732
38.06000137 -8.75469971 482.57000732
38.06000137 -9.39729977 482.57000732
38.06000137 -10.03999996 482.57000732
38.06000137 -10.68200016 482.55999756
38.05899811 -11.32499981 482.55999756
38.05899811 -11.96700001 482.54998779
38.05799866 -13.89500046 482.54998779
38.05799866 -14.53800011 482.54998779
38.05799866 -15.18000031 482.54998779
38.05899811 -15.82299995 482.54998779
38.05799866 -16.46599960 482.54998779
38.05799866 -17.10899925 482.54998779
38.05799866 -17.75099945 482.54000854
38.05799866 -18.39299965 482.54000854
38.05699921 -19.03499985 482.52999878
38.05500031 -22.88999939 482.50000000
38.05500031 -23.53300095 482.51000977
38.05500031 -24.17499924 482.50000000
38.05500031 -24.81699944 482.51000977
38.05400085 -25.45999908 482.50000000
38.05500031 -26.10199928 482.50000000
38.05500031 -26.74500084 482.50000000
38.05500031 -27.38699913 482.50000000
38.05400085 -28.03000069 482.50000000
38.05400085 -28.67200089 482.48999023
38.05400085 -29.31399918 482.48999023
38.05300140 -29.95599937 482.48001099
38.05300140 -30.59799957 482.47000122
38.05199814 -31.88299942 482.47000122
38.05199814 -32.52500153 482.47000122
38.05199814 -33.16799927 482.47000122
38.05099869 -34.45299911 482.45999146
38.05099869 -35.09400177 482.45001221
38.05099869 -35.73600006 482.45001221
38.05099869 -36.37799835 482.45001221
38.04999924 -37.02000046 482.45001221
38.04999924 -37.66299820 482.44000244
38.04999924 -38.30400085 482.44000244
38.04899979 -38.94499969 482.42999268
38.04999924 -39.59000015 482.44000244
38.04899979 -40.23099899 482.42999268
38.04899979 -40.87400055 482.42999268
38.04899979 -41.51499939 482.42999268
38.04899979 -42.15800095 482.42999268
38.04800034 -42.79899979 482.42001343
38.04800034 -43.44100189 482.41000366
38.04800034 -44.08499908 482.42001343
38.04899979 -44.72700119 482.42001343
38.04800034 -45.36800003 482.42001343
38.04800034 -46.00999832 482.41000366
38.04700089 -46.65100098 482.39999390
38.04700089 -47.29299927 482.39999390
38.04600143 -47.93500137 482.39999390
38.04600143 -48.57600021 482.39001465
38.69800186 -48.58900070 482.51998901
38.69800186 -47.94800186 482.51998901
38.69900131 -47.30500031 482.51998901
38.69900131 -46.66199875 482.52999878
38.70000076 -46.02099991 482.54000854
38.70000076 -45.38000107 482.54000854
38.70100021 -44.73799896 482.54998779
38.70100021 -44.09600067 482.54998779
38.70000076 -43.45199966 482.54998779
38.70100021 -42.81000137 482.54998779
38.70100021 -42.16799927 482.54998779
38.70100021 -41.52600098 482.55999756
38.70199966 -40.88299942 482.55999756
38.70199966 -40.24200058 482.55999756
38.70199966 -39.59899902 482.57000732
38.70199966 -38.95700073 482.57000732
38.70199966 -38.31399918 482.55999756
38.70199966 -37.67200089 482.57000732
38.70299911 -37.02999878 482.57000732
38.70299911 -36.38800049 482.57998657
38.70299911 -35.74499893 482.57998657
38.70399857 -35.10300064 482.58999634
38.70399857 -34.46099854 482.58999634
38.70399857 -33.81800079 482.58999634
38.70399857 -33.17599869 482.58999634
38.70500183 -32.53400040 482.60000610
38.70500183 -31.89100075 482.60000610
38.70500183 -31.24900055 482.60000610
38.70600128 -30.60700035 482.60998535
38.70600128 -29.96500015 482.61999512
38.70600128 -29.32200050 482.61999512
38.70600128 -28.67900085 482.61999512
38.70700073 -28.03700066 482.61999512
38.70700073 -27.39399910 482.63000488
38.70700073 -26.75200081 482.63000488
38.70700073 -26.10899925 482.63000488
38.70700073 -25.46599960 482.63000488
38.70800018 -24.82399940 482.64001465
38.70700073 -24.18099976 482.63000488
38.70700073 -23.53800011 482.63000488
38.70600128 -22.89599991 482.61999512
38.70899963 -19.03899956 482.64999390
38.70999908 -18.39699936 482.66000366
38.70999908 -17.75600052 482.67001343
38.70999908 -17.11300087 482.67001343
38.70999908 -16.46999931 482.67001343
38.71099854 -15.82699966 482.67999268
38.71099854 -15.18500042 482.67999268
38.71099854 -14.54199982 482.67999268
38.71099854 -13.89900017 482.67001343
38.70999908 -12.61299992 482.67001343
38.71099854 -11.97099972 482.67999268
38.71200180 -11.32800007 482.69000244
38.71200180 -10.68599987 482.69000244
38.71300125 -10.04300022 482.70001221
38.71300125 -9.39970016 482.70999146
38.71300125 -8.75689983 482.70001221
38.71300125 -8.11419964 482.70001221
38.71200180 -7.47079992 482.69000244
38.71300125 -6.82830000 482.70001221
38.71300125 -6.18550014 482.70001221
38.71300125 -5.54199982 482.70999146
38.71400070 -4.89890003 482.70999146
38.71400070 -4.25629997 482.72000122
38.71500015 -3.61439991 482.72000122
38.71400070 -2.97169995 482.72000122
38.71400070 -2.32809997 482.70999146
38.71400070 -1.68499994 482.72000122
38.71400070 -1.04229999 482.72000122
38.71500015 -0.39978999 482.72000122
38.71500015 0.24339999 482.72000122
38.71400070 0.88634002 482.72000122
38.71400070 3.45689988 482.72000122
38.71500015 4.10020018 482.72000122
38.71500015 4.74319983 482.72000122
38.71500015 5.38609982 482.73001099
38.71400070 6.02930021 482.72000122
38.71500015 6.67290020 482.72000122
38.71500015 7.31650019 482.73001099
38.71599960 7.95919991 482.73999023
38.71599960 8.60169983 482.75000000
38.71599960 9.24460030 482.73999023
38.71599960 9.88689995 482.73999023
38.71599960 10.53100014 482.73999023
38.71599960 11.17399979 482.73999023
38.71599960 11.81700039 482.73999023
38.71599960 12.46000004 482.73999023
38.71599960 13.10299969 482.73999023
38.71599960 13.74499989 482.73999023
38.71599960 14.38799953 482.73999023
38.71599960 15.03199959 482.75000000
38.71599960 15.67500019 482.75000000
38.71699905 16.31900024 482.75000000
38.71699905 16.96100044 482.75000000
38.71599960 17.60400009 482.73999023
38.71599960 18.24600029 482.73999023
38.71599960 20.17499924 482.73999023
38.71599960 20.81800079 482.73999023
38.71599960 21.46100044 482.73999023
38.71599960 22.10400009 482.73999023
38.71699905 22.74900055 482.75000000
38.71699905 23.39200020 482.75000000
38.71699905 24.03499985 482.75000000
38.71599960 24.67700005 482.75000000
38.71599960 25.32099915 482.73999023
38.71599960 25.96400070 482.73999023
38.71599960 26.60700035 482.75000000
38.71599960 27.24900055 482.75000000
38.71599960 27.89200020 482.73999023
38.71599960 28.53499985 482.73999023
38.71500015 29.17799950 482.73001099
38.71500015 29.81999969 482.73001099
38.71500015 30.46400070 482.73001099
38.71500015 31.10700035 482.73001099
38.71500015 31.74900055 482.73001099
38.71500015 32.39199829 482.73001099
38.71400070 33.03400040 482.72000122
38.71300125 33.67699814 482.70999146
38.71400070 34.31999969 482.70999146
38.71300125 34.96300125 482.70999146
38.71300125 35.60599899 482.70999146
38.71300125 36.24900055 482.70001221
38.71200180 36.89099884 482.69000244
38.71200180 38.17599869 482.69000244
38.71099854 38.81900024 482.67999268
38.71099854 39.46200180 482.67999268
38.70999908 40.10300064 482.67001343
38.70800018 40.74399948 482.64999390
38.70899963 41.38800049 482.64999390
38.70800018 42.02899933 482.64001465
38.70800018 42.67499924 482.64001465
38.70800018 43.31700134 482.64001465
38.70800018 43.95999908 482.64001465
38.70700073 44.60200119 482.63000488
38.70700073 45.24499893 482.64001465
38.70700073 45.88700104 482.63000488
38.70600128 46.52899933 482.61999512
38.70600128 47.17200089 482.61999512
39.35900116 47.18399811 482.73999023
39.35800171 46.54000092 482.73999023
39.35900116 45.89799881 482.75000000
39.36000061 45.25699997 482.76000977
39.36000061 44.61399841 482.76000977
39.36100006 43.97100067 482.76998901
39.36100006 43.32799911 482.76998901
39.36100006 42.68899918 482.77999878
39.36100006 42.04299927 482.77999878
39.36100006 41.39899826 482.76998901
39.36000061 40.75400162 482.76000977
39.36000061 40.10900116 482.76000977
39.36100006 39.46900177 482.77999878
39.36299896 38.82799911 482.79998779
39.36399841 38.18600082 482.80999756
39.36399841 37.54299927 482.82000732
39.36500168 36.90000153 482.82000732
39.36500168 36.25799942 482.82998657
39.36600113 35.61500168 482.82998657
39.36600113 34.97200012 482.82998657
39.36600113 34.32899857 482.82998657
39.36700058 33.04299927 482.83999634
39.36700058 32.40100098 482.85000610
39.36800003 31.75900078 482.85998535
39.36800003 31.11499977 482.85998535
39.36800003 30.47200012 482.85998535
39.36700058 29.82799911 482.85000610
39.36800003 29.18499947 482.85998535
39.36800003 28.54199982 482.85998535
39.36899948 27.89999962 482.86999512
39.36899948 27.25699997 482.86999512
39.36800003 26.61300087 482.85998535
39.36800003 25.32600021 482.85998535
39.36899948 24.68300056 482.86999512
39.36999893 24.04100037 482.88000488
39.36999893 23.39900017 482.89001465
39.36999893 22.75499916 482.88000488
39.36899948 22.11100006 482.86999512
39.36899948 21.46699905 482.86999512
39.36899948 20.82399940 482.86999512
39.36899948 18.25099945 482.86999512
39.36899948 17.60899925 482.86999512
39.36899948 16.96599960 482.88000488
39.36999893 16.32299995 482.88000488
39.36899948 15.67899990 482.86999512
39.36899948 15.03600025 482.86999512
39.36899948 14.39299965 482.86999512
39.36800003 13.74899960 482.85998535
39.36899948 13.10599995 482.86999512
39.36899948 12.46300030 482.86999512
39.36899948 11.81999969 482.86999512
39.36899948 11.17599964 482.86999512
39.36800003 10.53299999 482.85998535
39.36800003 9.88959980 482.85998535
39.36800003 9.24660015 482.85998535
39.36899948 8.60350037 482.86999512
39.36800003 7.96070004 482.85998535
39.36800003 7.31850004 482.85998535
39.36700058 6.67449999 482.85000610
39.36700058 6.03130007 482.85000610
39.36700058 4.10190010 482.85000610
39.36700058 3.45779991 482.85000610
39.36800003 2.81520009 482.85998535
39.36800003 2.17249990 482.85998535
39.36800003 1.53009999 482.85998535
39.36700058 0.88767999 482.85000610
39.36700058 0.24363001 482.85000610
39.36700058 -0.39991000 482.85000610
39.36700058 -1.04260004 482.83999634
39.36700058 -1.68560004 482.83999634
39.36600113 -2.32879996 482.83999634
39.36700058 -2.97199988 482.83999634
39.36700058 -3.61520004 482.83999634
39.36600113 -4.25740004 482.83999634
39.36600113 -4.89960003 482.82998657
39.36600113 -5.54339981 482.82998657
39.36500168 -6.18690014 482.82000732
39.36500168 -6.82969999 482.82000732
39.36500168 -7.47279978 482.82000732
39.36500168 -8.11620045 482.82000732
39.36500168 -8.75920010 482.82000732
39.36500168 -9.40209961 482.82000732
39.36500168 -10.04500008 482.82000732
39.36500168 -10.68900013 482.82000732
39.36500168 -11.33199978 482.82000732
39.36500168 -11.97399998 482.82998657
39.36399841 -12.61600018 482.80999756
39.36399841 -13.25899982 482.79998779
39.36399841 -13.90200043 482.80999756
39.36299896 -14.54500008 482.79998779
39.36299896 -15.18799973 482.79998779
39.36299896 -15.83100033 482.79000854
39.36199951 -16.47400093 482.79000854
39.36199951 -17.11700058 482.79000854
39.36199951 -17.76000023 482.77999878
39.36199951 -18.40200043 482.77999878
39.36100006 -19.04400063 482.76998901
39.36000061 -22.90200043 482.75000000
39.36000061 -23.54500008 482.76000977
39.36000061 -24.18700027 482.76000977
39.36000061 -24.82999992 482.76000977
39.36000061 -25.47200012 482.76000977
39.35900116 -26.11499977 482.75000000
39.36000061 -26.75900078 482.76000977
39.36000061 -27.40200043 482.76000977
39.36000061 -28.04400063 482.75000000
39.35900116 -28.68700027 482.75000000
39.35900116 -29.32999992 482.73999023
39.35800171 -29.97200012 482.73999023
39.35800171 -30.61499977 482.73001099
39.35800171 -31.25699997 482.73001099
39.35800171 -31.89999962 482.73001099
39.35800171 -32.54199982 482.73001099
39.35699844 -33.18500137 482.72000122
39.35699844 -33.82699966 482.72000122
39.35599899 -34.47000122 482.70999146
39.35599899 -35.11199951 482.70999146
39.35599899 -35.75400162 482.70999146
39.35499954 -36.39699936 482.70001221
39.35499954 -37.03900146 482.70001221
39.35400009 -37.68199921 482.69000244
39.35400009 -38.32400131 482.69000244
39.35400009 -38.96699905 482.69000244
39.35400009 -39.60900116 482.69000244
39.35400009 -40.25099945 482.69000244
39.35400009 -40.89400101 482.69000244
39.35400009 -41.53699875 482.67999268
39.35300064 -42.17900085 482.67999268
39.35300064 -42.82099915 482.67999268
39.35300064 -43.46300125 482.67001343
39.35300064 -44.10699844 482.67001343
39.35200119 -44.74800110 482.67001343
39.35200119 -45.39099884 482.66000366
39.35200119 -46.03300095 482.66000366
39.35200119 -46.67499924 482.66000366
39.35100174 -47.31800079 482.64999390
39.35100174 -47.95999908 482.64999390
39.35100174 -48.60200119 482.64999390
40.00400162 -48.61500168 482.76998901
40.00400162 -47.97299957 482.77999878
40.00400162 -47.33000183 482.77999878
40.00400162 -46.68700027 482.77999878
40.00400162 -46.04499817 482.77999878
40.00500107 -45.40200043 482.79000854
40.00500107 -44.75999832 482.79000854
40.00600052 -44.11800003 482.79998779
40.00600052 -43.47499847 482.79998779
40.00600052 -42.83399963 482.80999756
40.00600052 -42.18999863 482.80999756
40.00699997 -41.54800034 482.80999756
40.00699997 -40.90499878 482.82000732
40.00699997 -40.26200104 482.80999756
40.00699997 -39.61899948 482.82000732
40.00699997 -38.97700119 482.82000732
40.00699997 -38.33399963 482.80999756
40.00699997 -37.69200134 482.82000732
40.00699997 -37.04899979 482.82000732
40.00799942 -36.40599823 482.82000732
40.00799942 -35.76300049 482.82998657
40.00899887 -35.12099838 482.83999634
40.00899887 -34.47900009 482.83999634
40.00999832 -33.83599854 482.85000610
40.00999832 -33.19400024 482.85000610
40.00999832 -32.55099869 482.85998535
40.01100159 -31.90800095 482.85998535
40.01100159 -31.26499939 482.85998535
40.01100159 -30.62199974 482.85998535
40.01100159 -29.97999954 482.86999512
40.01200104 -29.33699989 482.86999512
40.01200104 -28.69499969 482.88000488
40.01200104 -28.05100060 482.88000488
40.01200104 -27.40800095 482.88000488
40.01300049 -26.76600075 482.88000488
40.01200104 -26.12199974 482.88000488
40.01200104 -25.47900009 482.88000488
40.01300049 -24.83600044 482.88000488
40.01300049 -24.19300079 482.88000488
40.01300049 -23.54999924 482.88000488
40.01200104 -22.90800095 482.88000488
40.01200104 -22.26399994 482.88000488
40.01399994 -19.69199944 482.89999390
40.01499939 -19.04899979 482.91000366
40.01499939 -18.40699959 482.92001343
40.01499939 -17.76499939 482.92001343
40.01499939 -17.12100029 482.91000366
40.01499939 -16.47800064 482.91000366
40.01499939 -15.83500004 482.91000366
40.01599884 -15.19200039 482.92001343
40.01599884 -14.54899979 482.92999268
40.01699829 -13.90499973 482.94000244
40.01699829 -13.26200008 482.94000244
40.01800156 -12.61999989 482.94000244
40.01800156 -11.97700024 482.95001221
40.01800156 -11.33399963 482.95001221
40.01800156 -10.69099998 482.94000244
40.01800156 -10.04800034 482.94000244
40.01800156 -9.40429974 482.95001221
40.01800156 -8.76130009 482.94000244
40.01800156 -8.11810017 482.94000244
40.01699829 -7.47469997 482.94000244
40.01900101 -6.18849993 482.95001221
40.01900101 -5.54519987 482.95999146
40.01900101 -4.90180016 482.95999146
40.01900101 -4.25939989 482.97000122
40.01900101 -3.61590004 482.95999146
40.01900101 -2.97259998 482.95999146
40.01900101 -2.32960010 482.95999146
40.01900101 -1.68620002 482.95999146
40.01900101 -1.04330003 482.97000122
40.02000046 -0.39982000 482.97000122
40.02000046 0.24374001 482.97000122
40.02000046 0.88770002 482.98001099
40.02099991 1.53090000 482.98999023
40.02199936 2.17330003 482.98999023
40.02099991 2.81640005 482.98999023
40.02000046 3.45860004 482.98001099
40.02000046 4.10309982 482.97000122
40.02000046 6.03289986 482.98001099
40.02000046 6.67649984 482.98001099
40.02099991 7.31949997 482.98001099
40.02099991 7.96320009 482.98999023
40.02099991 8.60620022 482.98999023
40.02099991 9.24969959 482.98001099
40.02099991 9.89299965 482.98001099
40.02099991 10.53600025 482.98001099
40.02199936 11.17899990 482.98999023
40.02199936 11.82299995 483.00000000
40.02199936 12.46599960 483.00000000
40.02199936 13.10999966 482.98999023
40.02099991 13.75300026 482.98999023
40.02099991 14.39599991 482.98999023
40.02199936 15.03999996 482.98999023
40.02199936 15.68299961 483.00000000
40.02399826 16.97100067 483.01000977
40.02299881 17.61400032 483.01000977
40.02299881 18.25699997 483.00000000
40.02199936 18.89999962 483.00000000
40.02199936 19.54299927 483.00000000
40.02199936 20.18700027 483.00000000
40.02199936 20.82999992 483.00000000
40.02199936 21.47299957 483.00000000
40.02199936 22.11700058 483.00000000
40.02299881 22.76099968 483.01000977
40.02299881 23.40399933 483.01000977
40.02299881 24.04700089 483.01000977
40.02199936 24.69000053 483.00000000
40.02199936 25.33300018 482.98999023
40.02099991 25.97599983 482.98999023
40.02199936 26.62000084 482.98999023
40.02199936 27.26399994 482.98999023
40.02199936 27.90699959 482.98999023
40.02199936 28.54999924 482.98999023
40.02099991 29.19300079 482.98999023
40.02099991 29.83600044 482.98001099
40.02099991 30.47999954 482.98001099
40.02099991 31.12299919 482.98001099
40.02099991 31.76700020 482.98001099
40.02000046 32.40900040 482.98001099
40.02000046 33.05199814 482.97000122
40.01900101 33.69499969 482.95999146
40.01900101 34.33800125 482.95999146
40.01800156 34.98099899 482.95001221
40.01800156 35.62400055 482.95001221
40.01800156 36.26699829 482.94000244
40.01800156 36.91099930 482.95001221
40.01800156 37.55400085 482.95001221
40.01800156 38.19699860 482.95001221
40.01699829 38.83800125 482.92999268
40.01399994 39.47900009 482.89001465
40.01100159 40.11800003 482.86999512
40.01100159 40.76200104 482.86999512
40.01200104 41.40700150 482.86999512
40.01399994 42.05500031 482.89999390
40.01399994 42.69900131 482.89999390
40.01300049 43.33900070 482.89001465
40.01300049 43.98199844 482.89001465
40.01300049 44.62500000 482.89001465
40.01200104 45.26699829 482.88000488
40.01200104 45.90900040 482.86999512
40.01100159 46.55199814 482.85998535
40.01100159 47.19499969 482.85998535
40.66400146 47.20700073 482.98999023
40.66400146 46.56399918 482.98999023
40.66500092 45.92100143 483.00000000
40.66500092 45.27899933 483.00000000
40.66600037 44.63600159 483.01000977
40.66600037 43.99300003 483.01000977
40.66600037 43.34999847 483.01998901
40.66699982 42.70999908 483.02999878
40.66799927 42.06600189 483.02999878
40.66400146 41.41699982 482.98999023
40.66299820 40.77199936 482.98001099
40.66299820 40.12900162 482.98001099
40.66600037 39.48799896 483.01000977
40.66999817 38.84899902 483.05999756
40.67100143 38.20700073 483.07000732
40.67100143 37.56399918 483.07000732
40.67100143 36.91999817 483.07000732
40.67100143 36.27700043 483.07000732
40.67200089 35.63399887 483.07998657
40.67200089 34.99100113 483.07998657
40.67200089 34.34799957 483.08999634
40.67200089 33.70399857 483.08999634
40.67300034 33.06100082 483.08999634
40.67300034 32.41799927 483.10000610
40.67300034 31.77400017 483.10000610
40.67300034 31.13100052 483.10000610
40.67300034 30.48699951 483.10000610
40.67399979 29.84399986 483.10000610
40.67399979 29.20100021 483.10998535
40.67499924 28.55800056 483.11999512
40.67499924 27.91399956 483.11999512
40.67499924 27.27099991 483.11999512
40.67499924 26.62800026 483.11999512
40.67499924 25.98299980 483.10998535
40.67499924 25.34000015 483.11999512
40.67499924 24.69700050 483.11999512
40.67599869 24.05299950 483.13000488
40.67599869 23.40999985 483.13000488
40.67599869 22.76700020 483.13000488
40.67599869 22.12400055 483.13000488
40.67599869 21.47999954 483.13000488
40.67599869 20.83600044 483.13000488
40.67599869 20.19199944 483.13000488
40.67599869 19.54800034 483.13000488
40.67599869 18.90399933 483.13000488
40.67699814 18.26199913 483.14001465
40.67699814 17.61899948 483.14001465
40.67599869 16.97500038 483.13000488
40.67499924 15.68700027 483.11999512
40.67499924 15.04399967 483.11999512
40.67499924 14.39999962 483.10998535
40.67399979 13.75699997 483.10998535
40.67499924 13.11299992 483.11999512
40.67599869 12.46899986 483.13000488
40.67599869 11.82600021 483.11999512
40.67499924 11.18200016 483.11999512
40.67499924 7.96540022 483.10998535
40.67499924 7.32180023 483.10998535
40.67399979 6.67859983 483.10998535
40.67399979 6.03480005 483.10998535
40.67399979 3.46000004 483.10000610
40.67399979 2.81680012 483.10998535
40.67499924 2.17379999 483.11999512
40.67499924 1.53129995 483.10998535
40.67399979 0.88777000 483.10000610
40.67300034 0.24384999 483.08999634
40.67300034 -0.39994001 483.08999634
40.67200089 -1.04340005 483.08999634
40.67200089 -1.68630004 483.08999634
40.67200089 -2.32979989 483.07998657
40.67200089 -2.97309995 483.07998657
40.67200089 -3.61750007 483.07998657
40.67300034 -4.26060009 483.08999634
40.67300034 -4.90380001 483.08999634
40.67200089 -5.54670000 483.07998657
40.67200089 -6.19019985 483.07998657
40.67200089 -6.83269978 483.07998657
40.67100143 -8.12010002 483.07000732
40.67100143 -8.76340008 483.07000732
40.67100143 -9.40649986 483.07000732
40.67100143 -10.05000019 483.07000732
40.67100143 -10.69299984 483.07000732
40.67100143 -11.33699989 483.07000732
40.67100143 -11.98099995 483.07000732
40.67100143 -12.62300014 483.07000732
40.67100143 -13.26700020 483.07000732
40.67100143 -13.90900040 483.07000732
40.67100143 -14.55300045 483.07000732
40.66999817 -15.19600010 483.05999756
40.66899872 -15.83800030 483.04000854
40.66899872 -16.48200035 483.04000854
40.66899872 -17.12500000 483.04000854
40.66899872 -17.76899910 483.04000854
40.66899872 -18.41200066 483.04000854
40.66799927 -19.05400085 483.02999878
40.66699982 -19.69700050 483.01998901
40.66500092 -22.26899910 483.00000000
40.66500092 -22.91300011 483.00000000
40.66600037 -23.55599976 483.00000000
40.66600037 -24.19899940 483.01000977
40.66600037 -24.84300041 483.01000977
40.66600037 -25.48600006 483.01000977
40.66500092 -26.12899971 483.00000000
40.66600037 -26.77199936 483.01000977
40.66500092 -27.41600037 483.00000000
40.66600037 -28.05900002 483.00000000
40.66500092 -28.70199966 483.00000000
40.66500092 -29.34499931 483.00000000
40.66500092 -29.98699951 482.98999023
40.66500092 -30.62999916 482.98999023
40.66400146 -31.27300072 482.98999023
40.66400146 -31.91600037 482.98999023
40.66400146 -32.55899811 482.98999023
40.66299820 -33.20199966 482.98001099
40.66299820 -33.84500122 482.97000122
40.66199875 -34.48799896 482.97000122
40.66199875 -35.13000107 482.95999146
40.66199875 -35.77299881 482.97000122
40.66199875 -36.41600037 482.95999146
40.66199875 -37.05899811 482.95999146
40.66099930 -37.70199966 482.95001221
40.66099930 -38.34500122 482.95001221
40.66099930 -38.98699951 482.95001221
40.65999985 -39.63000107 482.94000244
40.65999985 -40.27299881 482.94000244
40.65999985 -40.91500092 482.94000244
40.65999985 -41.55799866 482.92999268
40.65900040 -42.20000076 482.92999268
40.65900040 -42.84400177 482.92999268
40.65900040 -43.48699951 482.92001343
40.65900040 -44.12900162 482.92001343
40.65800095 -44.77199936 482.92001343
40.65800095 -45.41400146 482.92001343
40.65800095 -46.05699921 482.91000366
40.65700150 -46.69900131 482.91000366
40.65700150 -47.34199905 482.89999390
40.65599823 -47.98500061 482.89999390
40.65599823 -48.62699890 482.89999390
41.31000137 -48.63999939 483.01998901
41.31000137 -47.99700165 483.02999878
41.31000137 -47.35400009 483.02999878
41.31000137 -46.71099854 483.02999878
41.31100082 -46.06900024 483.02999878
41.31100082 -45.42599869 483.04000854
41.31200027 -44.78400040 483.04000854
41.31200027 -44.14099884 483.04998779
41.31200027 -43.49800110 483.04998779
41.31299973 -42.85499954 483.05999756
41.31299973 -42.21200180 483.05999756
41.31299973 -41.56800079 483.05999756
41.31299973 -40.92499924 483.05999756
41.31299973 -40.28300095 483.05999756
41.31299973 -39.63899994 483.05999756
41.31299973 -38.99700165 483.07000732
41.31399918 -38.35300064 483.07000732
41.31399918 -37.71099854 483.07998657
41.31499863 -37.06900024 483.07998657
41.31499863 -36.42599869 483.08999634
41.31600189 -35.78300095 483.08999634
41.31600189 -35.13899994 483.08999634
41.31600189 -34.49700165 483.08999634
41.31600189 -33.85400009 483.10000610
41.31600189 -33.20999908 483.10000610
41.31700134 -32.56700134 483.10998535
41.31800079 -31.92399979 483.11999512
41.31800079 -31.28100014 483.10998535
41.31800079 -30.63800049 483.11999512
41.31900024 -29.99500084 483.13000488
41.31900024 -29.35199928 483.13000488
41.31900024 -28.70899963 483.13000488
41.31900024 -28.06599998 483.13000488
41.31900024 -27.42200089 483.11999512
41.31999969 -26.77899933 483.14001465
41.31999969 -26.13599968 483.14001465
41.31999969 -25.49399948 483.14001465
41.31999969 -24.85000038 483.14001465
41.31900024 -24.20599937 483.13000488
41.31900024 -23.56200027 483.13000488
41.31999969 -22.91900063 483.14001465
41.31900024 -22.27499962 483.13000488
41.31900024 -21.63199997 483.13000488
41.32099915 -19.70199966 483.14999390
41.32199860 -19.05900002 483.16000366
41.32199860 -18.41600037 483.17001343
41.32199860 -17.77400017 483.17001343
41.32300186 -17.12999916 483.17001343
41.32300186 -16.48600006 483.17001343
41.32199860 -15.84200001 483.17001343
41.32400131 -15.19900036 483.17999268
41.32400131 -14.55599976 483.19000244
41.32500076 -13.91300011 483.20001221
41.32500076 -13.27099991 483.20001221
41.32600021 -12.62699986 483.20999146
41.32600021 -11.98400021 483.20999146
41.32500076 -11.34000015 483.20001221
41.32400131 -10.69600010 483.19000244
41.32400131 -9.40880013 483.19000244
41.32500076 -8.76580048 483.20001221
41.32500076 -8.12230015 483.20001221
41.32500076 -7.47849989 483.20001221
41.32600021 -6.83440018 483.20999146
41.32600021 -6.19150019 483.20999146
41.32699966 -5.54799986 483.22000122
41.32699966 -4.90469980 483.22000122
41.32600021 -4.26140022 483.22000122
41.32600021 -3.61789989 483.20999146
41.32600021 -2.97399998 483.20999146
41.32699966 0.24398001 483.22000122
41.32699966 0.88806999 483.23001099
41.32799911 1.53199995 483.23999023
41.32899857 2.17470002 483.23999023
41.32799911 2.81760001 483.23999023
41.32699966 3.46180010 483.23001099
41.32799911 4.74980021 483.23001099
41.32799911 5.39309978 483.23999023
41.32899857 6.03700018 483.23999023
41.32899857 6.68039989 483.25000000
41.32899857 7.32380009 483.23999023
41.32899857 7.96759987 483.23999023
41.32799911 8.61089993 483.23999023
41.32899857 11.18500042 483.25000000
41.32899857 11.82900047 483.25000000
41.32899857 12.47299957 483.25000000
41.32899857 13.11699963 483.25000000
41.32899857 13.76000023 483.23999023
41.32899857 14.40499973 483.23999023
41.32899857 15.04800034 483.23999023
41.32899857 15.69099998 483.23999023
41.33000183 16.97900009 483.26000977
41.33000183 17.62400055 483.26000977
41.33100128 18.26700020 483.26998901
41.33000183 18.90900040 483.26000977
41.33000183 19.55299950 483.26000977
41.33000183 20.19799995 483.26000977
41.33000183 20.84199905 483.26000977
41.33000183 21.48600006 483.26000977
41.33000183 22.12999916 483.26000977
41.33000183 22.77300072 483.26000977
41.33000183 23.41600037 483.26000977
41.33000183 24.05999947 483.25000000
41.32899857 24.70400047 483.25000000
41.32899857 25.34700012 483.23999023
41.32899857 27.27799988 483.23999023
41.32899857 27.92200089 483.25000000
41.32899857 28.56500053 483.23999023
41.32899857 29.20899963 483.23999023
41.32699966 29.85199928 483.23001099
41.32699966 30.49500084 483.22000122
41.32699966 31.13800049 483.22000122
41.32600021 31.78199959 483.22000122
41.32600021 32.42499924 483.20999146
41.32600021 33.06900024 483.20999146
41.32600021 33.71400070 483.20999146
41.32600021 34.35699844 483.22000122
41.32600021 35.00000000 483.20999146
41.32500076 35.64300156 483.20999146
41.32400131 36.28599930 483.19000244
41.32400131 36.92900085 483.19000244
41.32400131 37.57300186 483.19000244
41.32400131 38.21699905 483.19000244
41.32400131 38.85900116 483.19000244
41.31900024 39.49900055 483.13000488
41.31800079 40.14199829 483.11999512
41.31900024 40.78599930 483.13000488
41.31999969 41.43099976 483.14001465
41.32199860 42.07600021 483.16000366
41.32099915 42.72000122 483.16000366
41.31999969 43.36100006 483.14001465
41.31999969 44.00400162 483.14001465
41.31900024 44.64799881 483.13000488
41.31900024 45.29000092 483.13000488
41.31800079 45.93299866 483.11999512
41.31700134 46.57600021 483.10998535
41.31700134 47.22000122 483.10998535
41.97100067 46.58900070 483.23999023
41.97200012 45.94499969 483.23999023
41.97200012 45.30199814 483.25000000
41.97299957 44.65900040 483.26000977
41.97399902 44.01599884 483.26998901
41.97399902 43.37200165 483.26998901
41.97499847 42.72800064 483.27999878
41.97499847 42.08399963 483.27999878
41.97399902 41.44100189 483.26998901
41.97499847 40.79800034 483.27999878
41.97499847 40.15499878 483.27999878
41.97600174 39.51300049 483.29000854
41.97800064 38.86999893 483.30999756
41.97800064 38.22600174 483.30999756
41.97800064 37.58200073 483.30999756
41.97800064 36.93899918 483.32000732
41.97800064 36.29499817 483.32000732
41.97900009 35.65200043 483.32998657
41.97999954 35.00899887 483.33999634
41.97999954 34.36600113 483.33999634
41.97999954 33.72200012 483.33999634
41.97900009 33.07699966 483.32998657
41.97999954 32.43399811 483.33999634
41.97999954 31.79000092 483.33999634
41.97999954 31.14599991 483.33999634
41.98099899 30.50300026 483.35000610
41.98099899 29.86000061 483.35000610
41.98199844 29.21599960 483.35998535
41.98300171 28.57299995 483.36999512
41.98300171 27.92900085 483.38000488
41.98300171 27.28499985 483.36999512
41.98199844 25.99699974 483.35998535
41.98300171 25.35400009 483.36999512
41.98300171 24.70999908 483.36999512
41.98300171 24.06599998 483.36999512
41.98300171 23.42200089 483.38000488
41.98400116 22.77799988 483.38000488
41.98400116 22.13500023 483.39001465
41.98400116 21.49099922 483.39001465
41.98400116 20.84700012 483.38000488
41.98400116 20.20299911 483.38000488
41.98400116 19.55900002 483.39001465
41.98400116 18.91399956 483.38000488
41.98500061 18.27199936 483.39001465
41.98400116 17.62800026 483.38000488
41.98400116 16.98299980 483.38000488
41.98300171 16.33900070 483.36999512
41.98300171 15.69499969 483.38000488
41.98300171 15.05200005 483.38000488
41.98300171 14.40799999 483.38000488
41.98300171 13.76399994 483.36999512
41.98300171 13.11999989 483.36999512
41.98199844 7.96969986 483.35998535
41.98199844 7.32569981 483.35998535
41.98300171 6.68219995 483.36999512
41.98300171 6.03859997 483.36999512
41.98199844 5.39459991 483.36999512
41.98199844 4.75080013 483.35998535
41.98099899 3.46250010 483.35000610
41.98199844 2.81900001 483.35998535
41.98199844 2.17549992 483.35998535
41.98199844 1.53209996 483.36999512
41.98199844 0.88849998 483.35998535
41.98099899 0.24406999 483.35000610
41.97999954 -1.04359996 483.33999634
41.97999954 -1.68690002 483.33999634
41.97999954 -2.33069992 483.32998657
41.97999954 -2.97449994 483.33999634
41.98099899 -3.61910009 483.33999634
41.98099899 -4.26249981 483.35000610
41.98099899 -4.90579987 483.35000610
41.98099899 -5.54960012 483.33999634
41.97900009 -6.19299984 483.32998657
41.97999954 -6.83610010 483.33999634
41.97900009 -7.48029995 483.32998657
41.97900009 -8.12399960 483.32998657
41.97900009 -8.76760006 483.32000732
41.97800064 -10.69799995 483.32000732
41.97800064 -11.34300041 483.32000732
41.97800064 -11.98700047 483.32000732
41.97900009 -12.63000011 483.32000732
41.97900009 -13.27499962 483.32000732
41.97800064 -13.91699982 483.32000732
41.97800064 -14.56000042 483.30999756
41.97700119 -15.20300007 483.30999756
41.97600174 -15.84599972 483.29998779
41.97600174 -16.48999977 483.29998779
41.97600174 -17.13400078 483.29000854
41.97499847 -17.77700043 483.27999878
41.97499847 -18.42099953 483.27999878
41.97499847 -19.06399918 483.27999878
41.97399902 -19.70700073 483.26998901
41.97399902 -21.63800049 483.26000977
41.97399902 -22.28100014 483.26000977
41.97399902 -22.92499924 483.26000977
41.97299957 -23.56800079 483.26000977
41.97299957 -24.21299934 483.26000977
41.97399902 -24.85700035 483.26998901
41.97399902 -25.50000000 483.26998901
41.97399902 -26.14200020 483.26000977
41.97299957 -26.78499985 483.25000000
41.97200012 -27.42900085 483.23999023
41.97200012 -28.07299995 483.25000000
41.97299957 -28.71599960 483.25000000
41.97299957 -29.35899925 483.25000000
41.97299957 -30.00300026 483.25000000
41.97200012 -30.64599991 483.25000000
41.97200012 -31.28899956 483.23999023
41.97100067 -31.93199921 483.23999023
41.97100067 -32.57500076 483.23001099
41.97000122 -33.21900177 483.23001099
41.97000122 -33.86199951 483.22000122
41.97000122 -34.50500107 483.22000122
41.97000122 -35.14899826 483.22000122
41.97000122 -35.79199982 483.22000122
41.96900177 -36.43500137 483.22000122
41.96900177 -37.07799911 483.20999146
41.96799850 -37.72000122 483.20001221
41.96699905 -40.29299927 483.17999268
41.96699905 -40.93600082 483.17999268
41.96599960 -41.57899857 483.17999268
41.96599960 -42.22200012 483.17999268
41.96599960 -42.86500168 483.17999268
41.96599960 -43.50899887 483.17001343
41.96599960 -44.15200043 483.17001343
41.96500015 -44.79499817 483.17001343
41.96500015 -45.43700027 483.17001343
41.96500015 -46.08000183 483.16000366
41.96500015 -46.72399902 483.16000366
41.96500015 -47.36700058 483.16000366
41.96500015 -48.00999832 483.16000366
41.96400070 -48.65299988 483.16000366
42.61800003 -48.66500092 483.27999878
42.61800003 -48.02199936 483.27999878
42.61899948 -47.37900162 483.29000854
42.61899948 -46.73600006 483.29000854
42.61899948 -46.09199905 483.29000854
42.61899948 -45.45000076 483.29000854
42.61899948 -44.80699921 483.29000854
42.61999893 -44.16299820 483.29998779
42.61999893 -43.52000046 483.29998779
42.61999893 -42.87599945 483.29998779
42.61999893 -42.23199844 483.29998779
42.61999893 -41.58900070 483.29998779
42.62099838 -40.94699860 483.30999756
42.62099838 -40.30300140 483.30999756
42.62200165 -39.66099930 483.32000732
42.62200165 -39.01800156 483.32998657
42.62200165 -38.37400055 483.32998657
42.62300110 -37.73199844 483.33999634
42.62300110 -37.08700180 483.32998657
42.62300110 -36.44300079 483.33999634
42.62300110 -35.79999924 483.33999634
42.62400055 -35.15800095 483.33999634
42.62400055 -34.51399994 483.35000610
42.62400055 -33.87099838 483.35000610
42.62400055 -33.22700119 483.35000610
42.62500000 -31.94000053 483.35998535
42.62500000 -31.29700089 483.35998535
42.62599945 -30.65399933 483.36999512
42.62699890 -30.01099968 483.38000488
42.62699890 -29.36800003 483.38000488
42.62699890 -28.72400093 483.38000488
42.62699890 -28.07999992 483.38000488
42.62599945 -27.43600082 483.36999512
42.62699890 -26.79299927 483.38000488
42.62699890 -26.14900017 483.39001465
42.62799835 -25.50600052 483.39001465
42.62799835 -24.86300087 483.39001465
42.62799835 -24.21899986 483.39001465
42.62799835 -23.57399940 483.39001465
42.62799835 -22.93099976 483.39001465
42.62799835 -22.28800011 483.39001465
42.62799835 -21.64399910 483.39001465
42.62799835 -19.71299934 483.39001465
42.62900162 -19.06900024 483.39999390
42.62900162 -18.42600060 483.39999390
42.62900162 -17.78199959 483.39999390
42.63000107 -17.13800049 483.41000366
42.63100052 -16.49500084 483.42001343
42.63100052 -15.85000038 483.42999268
42.63199997 -15.20699978 483.42999268
42.63199997 -14.56400013 483.42999268
42.63199997 -13.92099953 483.44000244
42.63299942 -13.27700043 483.44000244
42.63299942 -12.63300037 483.45001221
42.63299942 -11.98999977 483.45001221
42.63299942 -11.34500027 483.45001221
42.63199997 -10.70100021 483.44000244
42.63399887 -8.76990032 483.45001221
42.63399887 -8.12619972 483.45999146
42.63399887 -7.48220015 483.45999146
42.63399887 -6.83799982 483.45999146
42.63399887 -6.19439983 483.45999146
42.63499832 -5.55079985 483.47000122
42.63499832 -4.90689993 483.48001099
42.63600159 -4.26329994 483.48001099
42.63499832 -3.61960006 483.47000122
42.63499832 -2.97519994 483.47000122
42.63399887 -2.33089995 483.45999146
42.63399887 -1.68719995 483.45999146
42.63399887 -1.04380000 483.45999146
42.63499832 0.24399000 483.47000122
42.63600159 0.88867998 483.48001099
42.63700104 1.53260005 483.48999023
42.63700104 2.17650008 483.48999023
42.63700104 2.82040000 483.48999023
42.63600159 3.46359992 483.48999023
42.63600159 4.10809994 483.48999023
42.63700104 4.75229979 483.50000000
42.63700104 5.39610004 483.48999023
42.63700104 6.04020023 483.50000000
42.63700104 6.68389988 483.48999023
42.63700104 7.32810020 483.48999023
42.63600159 7.97149992 483.48999023
42.63700104 10.54800034 483.50000000
42.63800049 11.19200039 483.50000000
42.63800049 11.83600044 483.51000977
42.63800049 12.47900009 483.50000000
42.63700104 13.12300014 483.50000000
42.63800049 13.76799965 483.50000000
42.63800049 14.41199970 483.51000977
42.63800049 15.05599976 483.51000977
42.63800049 15.69999981 483.51000977
42.63700104 16.34300041 483.50000000
42.63700104 16.98699951 483.50000000
42.63700104 17.63199997 483.50000000
42.63800049 18.27599907 483.51000977
42.63800049 18.92000008 483.51000977
42.63800049 19.56299973 483.51000977
42.63800049 20.20800018 483.51000977
42.63800049 20.85199928 483.50000000
42.63800049 21.49699974 483.51000977
42.63899994 22.14100075 483.51998901
42.63899994 22.78499985 483.51000977
42.63800049 23.42799950 483.50000000
42.63700104 24.07200050 483.50000000
42.63700104 24.71599960 483.48999023
42.63700104 25.36000061 483.48999023
42.63700104 27.29199982 483.48999023
42.63700104 27.93600082 483.50000000
42.63700104 28.57999992 483.50000000
42.63700104 29.22400093 483.48999023
42.63600159 29.86700058 483.48001099
42.63600159 30.51099968 483.48001099
42.63499832 31.15500069 483.48001099
42.63499832 31.79899979 483.47000122
42.63499832 32.44300079 483.47000122
42.63499832 33.08700180 483.47000122
42.63499832 33.73199844 483.48001099
42.63499832 34.37400055 483.47000122
42.63399887 35.01800156 483.45999146
42.63499832 35.66400146 483.47000122
42.63399887 36.30599976 483.45999146
42.63299942 36.95000076 483.45001221
42.63299942 37.59199905 483.44000244
42.63100052 38.23500061 483.42999268
42.63100052 38.88000107 483.42999268
42.63100052 39.52299881 483.42999268
42.63000107 40.16600037 483.42001343
42.63100052 40.81100082 483.42001343
42.63000107 41.45299911 483.42001343
42.63000107 42.09700012 483.41000366
42.62900162 42.74100113 483.41000366
42.62799835 43.38399887 483.39999390
42.62799835 44.02799988 483.39999390
42.62799835 44.67200089 483.39001465
42.62799835 45.31600189 483.39001465
42.62699890 45.95899963 483.38000488
42.62699890 46.60200119 483.38000488
43.28200150 46.61399841 483.51000977
43.28200150 45.97100067 483.51000977
43.28200150 45.32799911 483.51998901
43.28300095 44.68399811 483.51998901
43.28300095 44.04000092 483.52999878
43.28300095 43.39599991 483.52999878
43.28400040 42.75199890 483.54000854
43.28400040 42.10900116 483.54000854
43.28499985 41.46400070 483.54000854
43.28499985 40.82099915 483.54998779
43.28499985 40.17599869 483.54000854
43.28499985 39.53300095 483.54998779
43.28599930 38.88899994 483.54998779
43.28599930 38.24499893 483.54998779
43.28699875 37.60100174 483.55999756
43.28799820 36.95899963 483.57998657
43.28799820 36.31600189 483.57998657
43.28799820 35.67200089 483.57998657
43.28799820 35.02700043 483.57998657
43.28900146 34.38199997 483.58999634
43.29000092 33.73899841 483.60000610
43.29000092 33.09600067 483.60000610
43.29100037 32.45199966 483.60998535
43.29000092 31.80699921 483.60998535
43.29100037 31.16300011 483.60998535
43.29100037 30.52000046 483.60998535
43.29100037 29.87500000 483.60998535
43.29100037 29.23100090 483.60998535
43.29100037 28.58699989 483.60998535
43.29100037 27.94300079 483.60998535
43.29100037 27.29899979 483.61999512
43.29100037 26.01000023 483.60998535
43.29100037 25.36599922 483.61999512
43.29199982 24.72200012 483.61999512
43.29199982 24.07799911 483.61999512
43.29199982 23.43400002 483.63000488
43.29299927 22.79000092 483.63000488
43.29299927 22.14699936 483.64001465
43.29299927 21.50200081 483.64001465
43.29299927 20.85799980 483.63000488
43.29399872 20.21299934 483.64001465
43.29399872 19.56800079 483.64001465
43.29399872 18.92499924 483.64999390
43.29299927 18.28100014 483.64001465
43.29199982 17.63599968 483.61999512
43.29199982 16.99200058 483.61999512
43.29199982 16.34700012 483.61999512
43.29299927 15.70400047 483.63000488
43.29299927 15.06000042 483.64001465
43.29299927 14.41600037 483.63000488
43.29299927 13.77200031 483.63000488
43.29199982 13.12699986 483.61999512
43.29299927 12.48299980 483.63000488
43.29299927 11.83899975 483.63000488
43.29299927 11.19499969 483.63000488
43.29299927 10.55200005 483.63000488
43.29199982 9.90639973 483.63000488
43.29199982 9.26239967 483.61999512
43.29199982 8.61859989 483.61999512
43.29100037 7.97380018 483.61999512
43.29199982 7.32989979 483.61999512
43.29299927 6.68610001 483.63000488
43.29299927 6.04190016 483.63000488
43.29299927 5.39839983 483.63000488
43.29299927 4.75390005 483.63000488
43.29199982 4.10979986 483.63000488
43.29100037 3.46490002 483.61999512
43.29199982 2.82119989 483.61999512
43.29100037 2.17689991 483.61999512
43.29100037 1.53289998 483.60998535
43.29100037 0.88907999 483.60998535
43.29000092 0.24414000 483.60000610
43.29000092 -0.40020001 483.60000610
43.28900146 -1.04390001 483.58999634
43.28900146 -1.68729997 483.60000610
43.28900146 -2.33109999 483.58999634
43.28900146 -2.97600007 483.58999634
43.28900146 -3.62069988 483.58999634
43.29000092 -4.26429987 483.60000610
43.29000092 -4.90829992 483.60998535
43.29000092 -5.55270004 483.60000610
43.28900146 -6.19689989 483.58999634
43.28900146 -6.84049988 483.58999634
43.28900146 -7.48400021 483.58999634
43.28900146 -8.12819958 483.58999634
43.28900146 -8.77229977 483.58999634
43.28699875 -10.70400047 483.57000732
43.28799820 -11.34799957 483.57998657
43.28799820 -11.99300003 483.57998657
43.28799820 -12.63599968 483.57998657
43.28699875 -13.27999973 483.57000732
43.28699875 -13.92399979 483.55999756
43.28699875 -14.56799984 483.55999756
43.28699875 -15.21199989 483.55999756
43.28599930 -15.85499954 483.55999756
43.28499985 -16.49900055 483.54998779
43.28400040 -17.14200020 483.54000854
43.28400040 -17.78599930 483.52999878
43.28400040 -18.43000031 483.52999878
43.28400040 -19.07399940 483.52999878
43.28400040 -19.71800041 483.52999878
43.28300095 -20.36199951 483.52999878
43.28300095 -21.00600052 483.51998901
43.28300095 -21.64999962 483.52999878
43.28300095 -22.29400063 483.52999878
43.28300095 -22.93700027 483.51998901
43.28300095 -23.57999992 483.51998901
43.28300095 -24.22500038 483.51998901
43.28200150 -24.86899948 483.51998901
43.28200150 -25.51300049 483.51000977
43.28200150 -26.15600014 483.51000977
43.28200150 -26.79899979 483.51000977
43.28099823 -28.08699989 483.50000000
43.28099823 -28.73100090 483.50000000
43.28099823 -29.37500000 483.50000000
43.28099823 -30.01799965 483.50000000
43.28099823 -30.66200066 483.50000000
43.27999878 -31.30599976 483.48999023
43.27999878 -31.94899940 483.48001099
43.27899933 -32.59099960 483.47000122
43.27899933 -34.52299881 483.48001099
43.27899933 -35.16699982 483.48001099
43.27899933 -35.81000137 483.47000122
43.27799988 -36.45299911 483.45999146
43.27700043 -37.09600067 483.45001221
43.27700043 -37.74000168 483.45001221
43.27700043 -38.38399887 483.45001221
43.27700043 -39.02700043 483.45001221
43.27600098 -39.67100143 483.45001221
43.27600098 -40.31399918 483.44000244
43.27600098 -40.95800018 483.44000244
43.27500153 -41.59999847 483.42999268
43.27500153 -42.24399948 483.44000244
43.27500153 -42.88800049 483.42999268
43.27399826 -43.53099823 483.42999268
43.27399826 -44.17499924 483.42999268
43.27399826 -44.81800079 483.42001343
43.27399826 -45.46099854 483.42001343
43.27299881 -46.10400009 483.41000366
43.27299881 -46.74800110 483.41000366
43.27299881 -47.39099884 483.41000366
43.27299881 -48.03400040 483.41000366
43.27199936 -48.67800140 483.41000366
43.92699814 -48.68999863 483.52999878
43.92699814 -48.04700089 483.52999878
43.92800140 -47.40299988 483.52999878
43.92800140 -46.75999832 483.54000854
43.92800140 -46.11600113 483.54000854
43.92800140 -45.47299957 483.54000854
43.92900085 -44.83000183 483.54998779
43.92900085 -44.18600082 483.54998779
43.92900085 -43.54199982 483.54998779
43.93000031 -42.89899826 483.55999756
43.93000031 -42.25500107 483.55999756
43.93000031 -41.61199951 483.55999756
43.93000031 -40.96799850 483.55999756
43.93099976 -39.68199921 483.57998657
43.93199921 -39.03799820 483.57998657
43.93199921 -38.39400101 483.57998657
43.93199921 -37.75000000 483.57998657
43.93199921 -37.10499954 483.57998657
43.93299866 -36.46200180 483.58999634
43.93299866 -35.81900024 483.60000610
43.93399811 -35.17599869 483.60000610
43.93399811 -34.53200150 483.60000610
43.93399811 -33.88800049 483.60000610
43.93399811 -33.24399948 483.60998535
43.93399811 -32.60100174 483.60998535
43.93500137 -31.95800018 483.60998535
43.93500137 -31.31299973 483.61999512
43.93600082 -30.67000008 483.61999512
43.93600082 -30.02599907 483.61999512
43.93600082 -29.38199997 483.63000488
43.93600082 -28.73800087 483.63000488
43.93700027 -28.09399986 483.63000488
43.93700027 -27.45000076 483.64001465
43.93799973 -26.80699921 483.64999390
43.93799973 -26.16399956 483.64999390
43.93799973 -25.52000046 483.64999390
43.93700027 -24.87599945 483.64001465
43.93799973 -24.23100090 483.64999390
43.93799973 -23.58699989 483.64999390
43.93799973 -22.94300079 483.64999390
43.93899918 -22.29899979 483.66000366
43.93899918 -21.65600014 483.66000366
43.93899918 -21.01199913 483.66000366
43.93999863 -20.36700058 483.67001343
43.93999863 -19.72400093 483.67001343
43.93999863 -19.07900047 483.67001343
43.93899918 -18.43499947 483.66000366
43.93899918 -17.79000092 483.66000366
43.93899918 -17.14699936 483.66000366
43.93999863 -16.50300026 483.67001343
43.94200134 -15.85900021 483.69000244
43.94200134 -15.21599960 483.70001221
43.94300079 -14.57199955 483.70001221
43.94200134 -13.92800045 483.70001221
43.94300079 -13.28400040 483.70001221
43.94200134 -12.64000034 483.70001221
43.94200134 -11.99499989 483.69000244
43.94200134 -11.35099983 483.69000244
43.94200134 -10.70699978 483.69000244
43.94300079 -8.77420044 483.70999146
43.94300079 -8.13000011 483.70999146
43.94300079 -7.48579979 483.70999146
43.94400024 -6.84159994 483.70999146
43.94400024 -6.19820023 483.70999146
43.94499969 -5.55399990 483.72000122
43.94499969 -4.90939999 483.72000122
43.94400024 -4.26490021 483.72000122
43.94400024 -3.62109995 483.72000122
43.94400024 -2.97620010 483.70999146
43.94499969 -2.33150005 483.72000122
43.94499969 -1.68739998 483.73001099
43.94499969 -1.04419994 483.73001099
43.94499969 -0.40022999 483.73001099
43.94499969 0.24440999 483.72000122
43.94499969 0.88884997 483.73001099
43.94599915 1.53340006 483.73001099
43.94599915 2.17729998 483.73999023
43.94599915 2.82179999 483.73999023
43.94599915 3.46589994 483.73999023
43.94699860 4.11129999 483.75000000
43.94699860 4.75530005 483.75000000
43.94800186 5.39979982 483.76000977
43.94800186 6.04360008 483.76000977
43.94800186 6.68779993 483.76000977
43.94800186 7.33209991 483.76000977
43.94699860 7.97590017 483.75000000
43.94699860 8.62110043 483.75000000
43.94699860 9.26509953 483.75000000
43.94699860 9.90919971 483.75000000
43.94800186 10.55500031 483.76000977
43.94800186 11.19799995 483.76000977
43.94800186 11.84200001 483.76000977
43.94800186 12.48700047 483.76000977
43.94699860 13.13000011 483.75000000
43.94800186 13.77600002 483.76000977
43.94800186 14.42000008 483.76000977
43.94800186 15.06400013 483.76000977
43.94800186 15.70800018 483.76000977
43.94699860 16.35199928 483.75000000
43.94699860 16.99600029 483.75000000
43.94699860 17.64100075 483.75000000
43.94800186 18.28700066 483.76000977
43.94900131 18.93099976 483.76998901
43.94900131 19.57399940 483.76998901
43.94800186 20.21800041 483.76000977
43.94800186 20.86300087 483.76000977
43.94800186 21.50799942 483.76000977
43.94800186 22.15200043 483.76000977
43.94800186 22.79599953 483.76000977
43.94699860 23.44099998 483.75000000
43.94699860 24.08499908 483.75000000
43.94699860 24.72900009 483.75000000
43.94699860 25.37299919 483.73999023
43.94599915 26.01700020 483.73999023
43.94599915 26.66099930 483.73999023
43.94599915 27.30599976 483.73999023
43.94599915 27.95000076 483.73999023
43.94599915 28.59499931 483.73999023
43.94599915 29.23999977 483.73999023
43.94599915 29.88299942 483.73999023
43.94699860 30.52799988 483.73999023
43.94599915 31.17200089 483.73999023
43.94599915 31.81599998 483.73001099
43.94599915 32.46099854 483.73001099
43.94499969 33.10499954 483.73001099
43.94400024 33.74800110 483.72000122
43.94300079 34.39099884 483.70999146
43.94300079 35.03599930 483.70001221
43.94300079 35.68099976 483.70999146
43.94300079 36.32600021 483.70999146
43.94200134 36.96799850 483.70001221
43.94100189 37.61100006 483.69000244
43.94100189 38.25500107 483.67999268
43.93999863 38.89899826 483.67999268
43.93999863 39.54299927 483.67001343
43.93899918 40.18700027 483.67001343
43.93999863 40.83100128 483.67001343
43.93899918 41.47499847 483.66000366
43.93899918 42.11899948 483.66000366
43.93899918 42.76300049 483.66000366
43.93799973 43.40700150 483.64999390
43.93799973 44.05099869 483.64999390
43.93700027 44.69599915 483.64001465
43.93700027 45.34000015 483.64001465
43.93700027 45.98400116 483.64001465
44.59000015 45.99200058 483.75000000
44.59199905 45.34999847 483.76000977
44.59199905 44.70600128 483.76000977
44.59199905 44.06200027 483.76000977
44.59199905 43.41799927 483.76998901
44.59299850 42.77399826 483.77999878
44.59299850 42.13000107 483.77999878
44.59400177 41.48500061 483.77999878
44.59400177 40.84199905 483.79000854
44.59500122 40.19699860 483.79000854
44.59500122 39.55300140 483.79998779
44.59600067 38.90900040 483.79998779
44.59600067 38.26499939 483.80999756
44.59700012 37.62099838 483.82000732
44.59799957 36.97800064 483.82998657
44.59899902 36.33599854 483.83999634
44.59899902 35.69100189 483.83999634
44.59799957 35.04499817 483.82998657
44.59899902 34.40100098 483.83999634
44.59999847 33.75799942 483.85000610
44.60100174 33.11500168 483.85998535
44.60100174 32.47000122 483.86999512
44.60200119 31.82600021 483.86999512
44.60100174 31.18000031 483.85998535
44.60200119 30.53599930 483.86999512
44.60100174 29.89100075 483.85998535
44.60200119 29.24699974 483.86999512
44.60200119 28.60300064 483.86999512
44.60200119 27.95800018 483.86999512
44.60200119 27.31399918 483.86999512
44.60100174 26.66799927 483.85998535
44.60100174 26.02300072 483.85998535
44.60200119 25.37899971 483.86999512
44.60200119 24.73500061 483.86999512
44.60200119 24.09099960 483.86999512
44.60300064 23.44700050 483.88000488
44.60300064 22.80299950 483.88000488
44.60300064 22.15800095 483.89001465
44.60300064 21.51300049 483.88000488
44.60300064 20.86800003 483.88000488
44.60300064 20.22299957 483.88000488
44.60400009 19.57900047 483.89001465
44.60400009 18.93499947 483.89001465
44.60300064 18.29100037 483.89001465
44.60300064 17.64599991 483.88000488
44.60300064 17.00099945 483.88000488
44.60300064 16.35600090 483.88000488
44.60400009 15.71300030 483.89001465
44.60400009 15.06799984 483.89001465
44.60400009 14.42399979 483.89001465
44.60300064 13.77900028 483.89001465
44.60300064 13.13399982 483.88000488
44.60300064 12.48999977 483.88000488
44.60300064 11.84500027 483.88000488
44.60300064 11.19999981 483.88000488
44.60400009 10.55700016 483.89001465
44.60300064 9.91230011 483.88000488
44.60300064 9.26809978 483.88000488
44.60300064 8.62349987 483.89001465
44.60300064 7.97800016 483.88000488
44.60400009 7.33379984 483.89001465
44.60400009 6.68959999 483.89001465
44.60300064 6.04549980 483.89001465
44.60300064 5.40180016 483.88000488
44.60200119 4.75740004 483.88000488
44.60100174 4.11199999 483.85998535
44.60100174 3.46679997 483.85998535
44.60100174 2.82229996 483.85998535
44.60100174 2.17770004 483.85998535
44.60100174 1.53369999 483.85998535
44.60100174 0.88885999 483.85000610
44.59999847 0.24484999 483.85000610
44.59999847 -0.39976999 483.85000610
44.60100174 -1.04419994 483.85998535
44.60100174 -1.68789995 483.85998535
44.59999847 -2.33249998 483.85000610
44.59999847 -3.62199998 483.85000610
44.59999847 -4.26609993 483.85000610
44.60100174 -4.91039991 483.85000610
44.60100174 -5.55499983 483.85998535
44.59999847 -6.19960022 483.85000610
44.59899902 -6.84350014 483.83999634
44.59899902 -7.48789978 483.82998657
44.59899902 -8.13199997 483.82998657
44.59700012 -10.70899963 483.82000732
44.59700012 -11.35400009 483.82000732
44.59700012 -11.99800014 483.82000732
44.59799957 -12.64299965 483.82000732
44.59700012 -13.28699970 483.82000732
44.59700012 -13.93099976 483.82000732
44.59799957 -14.57499981 483.82000732
44.59700012 -15.21899986 483.82000732
44.59700012 -15.86400032 483.80999756
44.59600067 -16.50699997 483.79998779
44.59500122 -17.15200043 483.79998779
44.59500122 -17.79500008 483.79000854
44.59500122 -18.44000053 483.79000854
44.59500122 -19.08499908 483.79998779
44.59600067 -19.72900009 483.79998779
44.59600067 -20.37199974 483.79998779
44.59500122 -21.01700020 483.79998779
44.59500122 -21.65999985 483.79000854
44.59400177 -22.30500031 483.79000854
44.59400177 -22.94899940 483.77999878
44.59400177 -23.59300041 483.77999878
44.59299850 -24.23699951 483.77999878
44.59299850 -24.88199997 483.76998901
44.59400177 -25.52599907 483.77999878
44.59299850 -26.17000008 483.77999878
44.59299850 -26.81399918 483.76998901
44.59199905 -27.45700073 483.76998901
44.59199905 -28.10099983 483.76000977
44.59099960 -28.74500084 483.76000977
44.59099960 -29.38899994 483.75000000
44.59099960 -30.03400040 483.76000977
44.59099960 -30.67799950 483.75000000
44.59099960 -31.32200050 483.75000000
44.59000015 -31.96599960 483.73999023
44.58900070 -32.60900116 483.73001099
44.58900070 -33.25299835 483.73001099
44.58900070 -33.89699936 483.72000122
44.58900070 -34.54100037 483.73001099
44.58900070 -35.18500137 483.73001099
44.58800125 -35.82899857 483.72000122
44.58700180 -36.47200012 483.70999146
44.58700180 -37.75999832 483.70999146
44.58700180 -38.40399933 483.70999146
44.58700180 -39.04800034 483.70999146
44.58599854 -39.69200134 483.70001221
44.58599854 -40.33499908 483.70001221
44.58599854 -40.97900009 483.69000244
44.58599854 -41.62300110 483.69000244
44.58499908 -42.26599884 483.69000244
44.58499908 -42.90999985 483.69000244
44.58499908 -43.55400085 483.67999268
44.58399963 -44.19800186 483.67999268
44.58399963 -44.84099960 483.67999268
44.58300018 -45.48400116 483.67001343
44.58300018 -46.12799835 483.67001343
44.58300018 -46.77199936 483.66000366
44.58300018 -47.41600037 483.66000366
44.58200073 -48.05899811 483.66000366
44.58200073 -48.70299911 483.66000366
45.23899841 -48.71599960 483.79000854
45.23799896 -48.07199860 483.79000854
45.23799896 -47.42800140 483.77999878
45.23799896 -46.78400040 483.77999878
45.23799896 -46.13999939 483.79000854
45.23799896 -45.49599838 483.79000854
45.24000168 -44.85300064 483.79998779
45.24000168 -44.20899963 483.80999756
45.24000168 -43.56499863 483.80999756
45.24100113 -42.92200089 483.82000732
45.24100113 -42.27799988 483.82000732
45.24100113 -41.63399887 483.82000732
45.24100113 -40.99000168 483.82000732
45.24100113 -40.34500122 483.82000732
45.24100113 -39.70100021 483.82000732
45.24200058 -39.05699921 483.82998657
45.24200058 -38.41299820 483.82998657
45.24300003 -37.76900101 483.83999634
45.24300003 -37.12500000 483.83999634
45.24399948 -36.48199844 483.85000610
45.24300003 -35.83800125 483.83999634
45.24399948 -35.19400024 483.85000610
45.24399948 -34.54999924 483.85000610
45.24399948 -33.90499878 483.85000610
45.24499893 -33.26200104 483.85998535
45.24599838 -32.61800003 483.86999512
45.24599838 -31.97400093 483.88000488
45.24700165 -31.32999992 483.88000488
45.24700165 -30.68600082 483.88000488
45.24700165 -30.04100037 483.88000488
45.24700165 -28.10899925 483.88000488
45.24800110 -27.46400070 483.89001465
45.24800110 -26.81999969 483.89001465
45.24800110 -26.17600060 483.89001465
45.24900055 -25.53199959 483.89999390
45.24900055 -24.88899994 483.89999390
45.24900055 -24.24300003 483.89999390
45.24900055 -23.59900093 483.91000366
45.25000000 -22.95499992 483.91000366
45.25000000 -22.31100082 483.92001343
45.25099945 -21.66600037 483.92001343
45.25000000 -21.02099991 483.92001343
45.25099945 -20.37800026 483.92001343
45.25099945 -19.73399925 483.92999268
45.25099945 -19.09000015 483.92001343
45.25099945 -18.44499969 483.92001343
45.25099945 -17.79999924 483.92001343
45.25099945 -17.15600014 483.92999268
45.25099945 -16.51199913 483.92999268
45.25099945 -15.86699963 483.92999268
45.25199890 -15.22299957 483.92999268
45.25199890 -14.57800007 483.94000244
45.25299835 -13.93500042 483.95001221
45.25299835 -13.28999996 483.94000244
45.25299835 -12.64599991 483.94000244
45.25299835 -12.00100040 483.94000244
45.25299835 -11.35599995 483.94000244
45.25299835 -10.71199989 483.94000244
45.25299835 -10.06799984 483.94000244
45.25400162 -9.42329979 483.95001221
45.25500107 -7.48999977 483.95999146
45.25500107 -6.84520006 483.97000122
45.25600052 -6.20120001 483.97000122
45.25600052 -5.55639982 483.98001099
45.25600052 -4.91190004 483.98001099
45.25600052 -4.26719999 483.98001099
45.25600052 -3.62350011 483.97000122
45.25600052 -2.33330011 483.98001099
45.25600052 -1.68850005 483.98001099
45.25600052 -1.04410005 483.98001099
45.25600052 -0.39967999 483.98001099
45.25600052 0.24505000 483.98001099
45.25600052 0.88915998 483.98001099
45.25600052 1.53390002 483.98001099
45.25699997 2.82310009 483.98999023
45.25699997 4.11320019 483.98999023
45.25699997 4.75820017 483.98999023
45.25799942 5.40310001 484.00000000
45.25899887 6.04720020 484.01000977
45.25899887 6.69140005 484.01000977
45.25899887 7.33549976 484.01000977
45.25899887 7.98029995 484.01000977
45.25999832 8.62559986 484.01998901
45.25899887 9.27040005 484.01000977
45.25899887 9.91479969 484.01000977
45.25899887 10.55900002 484.01000977
45.25799942 11.20300007 484.00000000
45.25799942 11.84799957 484.00000000
45.25899887 12.49300003 484.01000977
45.25899887 13.13799953 484.01000977
45.25899887 13.78299999 484.01000977
45.25899887 14.42800045 484.01000977
45.25899887 15.07199955 484.01000977
45.25899887 15.71700001 484.01000977
45.25899887 16.36100006 484.01000977
45.25899887 17.00499916 484.01000977
45.25899887 17.64999962 484.01000977
45.25799942 18.29599953 484.00000000
45.25799942 18.94000053 484.00000000
45.25799942 19.58399963 484.00000000
45.25799942 20.22800064 484.00000000
45.25799942 20.87299919 484.00000000
45.25799942 21.51899910 484.00000000
45.25799942 22.16300011 484.01000977
45.25799942 22.80800056 484.00000000
45.25799942 23.45299911 484.00000000
45.25799942 24.09700012 484.00000000
45.25799942 24.74200058 484.00000000
45.25699997 25.38599968 483.98999023
45.25799942 26.03100014 484.00000000
45.25699997 26.67499924 483.98999023
45.25799942 27.32099915 484.00000000
45.25799942 27.96599960 484.00000000
45.25799942 28.61100006 484.00000000
45.25799942 29.25600052 484.00000000
45.25699997 29.89999962 483.98999023
45.25699997 30.54400063 483.98999023
45.25600052 31.18899918 483.98001099
45.25600052 31.83399963 483.98001099
45.25600052 32.47800064 483.98001099
45.25600052 33.12200165 483.98001099
45.25500107 33.76599884 483.97000122
45.25400162 34.40900040 483.95001221
45.25400162 35.05500031 483.95999146
45.25400162 35.69900131 483.95999146
45.25400162 36.34400177 483.95999146
45.25299835 36.98699951 483.95001221
45.25199890 37.63100052 483.94000244
45.25199890 38.27500153 483.92999268
45.25099945 38.91999817 483.92999268
45.25099945 39.56399918 483.92001343
45.25000000 40.20800018 483.92001343
45.25000000 40.85200119 483.91000366
45.24900055 41.49599838 483.89999390
45.24800110 42.13999939 483.89999390
45.24800110 42.78400040 483.89999390
45.24800110 43.42800140 483.89001465
45.24700165 44.07300186 483.88000488
45.24700165 44.71699905 483.88000488
45.24599838 45.36100006 483.88000488
45.24300003 45.99300003 483.83999634
45.90200043 45.36800003 484.00000000
45.90200043 44.72800064 484.00000000
45.90200043 44.08399963 484.00000000
45.90299988 43.43899918 484.01000977
45.90399933 42.79499817 484.01998901
45.90399933 42.15100098 484.01998901
45.90499878 41.50600052 484.02999878
45.90599823 40.86299896 484.04000854
45.90599823 40.21900177 484.04000854
45.90700150 39.57400131 484.04998779
45.90700150 38.93000031 484.04998779
45.90700150 38.28499985 484.05999756
45.90800095 37.63999939 484.05999756
45.90900040 36.99700165 484.07000732
45.90999985 36.35300064 484.07998657
45.90999985 35.70899963 484.07998657
45.90999985 35.06499863 484.08999634
45.90999985 34.41799927 484.07998657
45.91099930 33.77500153 484.10000610
45.91199875 33.13100052 484.10998535
45.91299820 32.48699951 484.10998535
45.91299820 31.84300041 484.11999512
45.91299820 31.19799995 484.11999512
45.91400146 30.55299950 484.11999512
45.91400146 29.90800095 484.11999512
45.91400146 29.26399994 484.13000488
45.91400146 28.61800003 484.13000488
45.91500092 27.97400093 484.13000488
45.91500092 27.32900047 484.13000488
45.91400146 26.68300056 484.13000488
45.91400146 26.03899956 484.13000488
45.91400146 25.39299965 484.11999512
45.91400146 24.74799919 484.11999512
45.91400146 24.10300064 484.13000488
45.91400146 23.45800018 484.13000488
45.91400146 22.81399918 484.13000488
45.91500092 22.16900063 484.13000488
45.91500092 21.52499962 484.13000488
45.91400146 20.87899971 484.13000488
45.91400146 20.23399925 484.13000488
45.91400146 19.58900070 484.13000488
45.91400146 18.94499969 484.11999512
45.91400146 18.29999924 484.13000488
45.91400146 17.65399933 484.13000488
45.91500092 17.01000023 484.13000488
45.91500092 16.36499977 484.14001465
45.91500092 15.72099972 484.14001465
45.91500092 15.07600021 484.13000488
45.91500092 14.43099976 484.14001465
45.91500092 13.78600025 484.14001465
45.91500092 13.14200020 484.14001465
45.91500092 12.49600029 484.14001465
45.91500092 11.85099983 484.13000488
45.91400146 11.20600033 484.13000488
45.91500092 10.56200027 484.13000488
45.91500092 9.91720009 484.13000488
45.91500092 9.27260017 484.14001465
45.91500092 8.62779999 484.14001465
45.91500092 7.98260021 484.14001465
45.91500092 7.33729982 484.14001465
45.91500092 6.69299984 484.14001465
45.91500092 6.04869986 484.13000488
45.91500092 5.40450001 484.13000488
45.91400146 4.75909996 484.11999512
45.91299820 4.11369991 484.10998535
45.91299820 3.46860003 484.10998535
45.91299820 2.82380009 484.10998535
45.91299820 2.17930007 484.10998535
45.91299820 1.53450000 484.10998535
45.91199875 0.88941997 484.10000610
45.91199875 0.24526000 484.10000610
45.91099930 -0.39956000 484.10000610
45.91199875 -1.04429996 484.10000610
45.91199875 -1.68900001 484.10000610
45.91099930 -2.33410001 484.10000610
45.91099930 -3.62439990 484.10000610
45.91199875 -4.26879978 484.10000610
45.91199875 -4.91279984 484.10000610
45.91199875 -5.55760002 484.10000610
45.90999985 -6.20249987 484.08999634
45.90999985 -6.84689999 484.07998657
45.90999985 -7.49170017 484.07998657
45.90999985 -8.13589954 484.07998657
45.90900040 -9.42520046 484.07998657
45.90900040 -10.06999969 484.07000732
45.90900040 -10.71500015 484.07998657
45.90900040 -11.35900021 484.07998657
45.90900040 -12.00399971 484.07000732
45.90900040 -12.64900017 484.07000732
45.90900040 -13.29300022 484.07000732
45.90999985 -13.93900013 484.07998657
45.90999985 -14.58300018 484.07998657
45.90900040 -15.22700024 484.07998657
45.90900040 -15.87100029 484.07000732
45.90800095 -16.51600075 484.05999756
45.90800095 -17.16099930 484.05999756
45.90700150 -17.80500031 484.04998779
45.90700150 -18.45000076 484.04998779
45.90599823 -19.09499931 484.04998779
45.90700150 -19.73900032 484.04998779
45.90700150 -20.38299942 484.04998779
45.90700150 -21.02700043 484.04998779
45.90700150 -21.67099953 484.04998779
45.90599823 -22.31699944 484.04000854
45.90599823 -22.96100044 484.04000854
45.90599823 -23.60499954 484.04000854
45.90499878 -24.25000000 484.02999878
45.90399933 -24.89399910 484.01998901
45.90399933 -25.53800011 484.01998901
45.90299988 -26.18199921 484.01000977
45.90299988 -26.82600021 484.00000000
45.90299988 -27.47100067 484.01000977
45.90299988 -28.11599922 484.01000977
45.90299988 -28.76000023 484.01000977
45.90299988 -29.40399933 484.01000977
45.90299988 -30.04899979 484.01000977
45.90299988 -30.69400024 484.01000977
45.90299988 -31.33799934 484.01000977
45.90299988 -31.98200035 484.00000000
45.90200043 -32.62599945 484.00000000
45.90100098 -33.27000046 483.98999023
45.90000153 -33.91500092 483.98001099
45.90000153 -34.55899811 483.98001099
45.90000153 -35.20299911 483.97000122
45.89899826 -35.84700012 483.97000122
45.89899826 -36.49100113 483.97000122
45.89899826 -37.77899933 483.95999146
45.89899826 -38.42300034 483.95999146
45.89799881 -39.06700134 483.95999146
45.89699936 -39.71099854 483.95001221
45.89699936 -40.35499954 483.94000244
45.89699936 -41.00000000 483.94000244
45.89699936 -41.64400101 483.94000244
45.89699936 -42.28799820 483.94000244
45.89599991 -42.93299866 483.94000244
45.89599991 -43.57699966 483.92999268
45.89599991 -44.22100067 483.92999268
45.89500046 -44.86500168 483.92999268
45.89500046 -45.50799942 483.92001343
45.89500046 -46.15200043 483.92001343
45.89400101 -46.79600143 483.92001343
45.89400101 -47.43999863 483.91000366
45.89400101 -48.08399963 483.92001343
45.89500046 -48.72900009 483.92001343
46.55099869 -48.74200058 484.04998779
46.55099869 -48.09700012 484.04998779
46.55099869 -47.45299911 484.04998779
46.55099869 -46.80899811 484.04998779
46.55099869 -46.16400146 484.04998779
46.55099869 -45.52000046 484.04998779
46.55199814 -44.87699890 484.05999756
46.55199814 -44.23300171 484.05999756
46.55199814 -43.58800125 484.05999756
46.55300140 -42.94400024 484.07000732
46.55300140 -42.29899979 484.07000732
46.55300140 -41.65499878 484.07000732
46.55300140 -41.00999832 484.07000732
46.55300140 -40.36600113 484.07000732
46.55400085 -39.72200012 484.07998657
46.55400085 -39.07699966 484.07998657
46.55500031 -38.43299866 484.08999634
46.55500031 -37.78900146 484.08999634
46.55500031 -37.14500046 484.08999634
46.55599976 -36.50099945 484.10000610
46.55599976 -35.85599899 484.10000610
46.55599976 -35.21200180 484.10000610
46.55699921 -34.56800079 484.10998535
46.55699921 -33.92399979 484.10998535
46.55699921 -33.27899933 484.10998535
46.55799866 -32.63499832 484.11999512
46.55899811 -31.99099922 484.13000488
46.55899811 -31.34600067 484.13000488
46.55899811 -30.70100021 484.13000488
46.55899811 -30.05699921 484.13000488
46.55899811 -29.41200066 484.14001465
46.55899811 -28.76799965 484.14001465
46.55899811 -28.12299919 484.14001465
46.55899811 -27.47900009 484.14001465
46.55899811 -26.83399963 484.13000488
46.56000137 -26.18899918 484.14001465
46.56100082 -25.54400063 484.14999390
46.56100082 -24.90099907 484.16000366
46.56100082 -24.25600052 484.16000366
46.56200027 -23.61100006 484.16000366
46.56200027 -22.96699905 484.17001343
46.56299973 -22.32200050 484.17001343
46.56299973 -21.67700005 484.17999268
46.56299973 -21.03300095 484.17001343
46.56299973 -20.38800049 484.17001343
46.56299973 -19.74399948 484.17001343
46.56299973 -19.10000038 484.17001343
46.56299973 -18.45499992 484.17999268
46.56399918 -17.80900002 484.17999268
46.56399918 -17.16500092 484.17999268
46.56399918 -16.51899910 484.19000244
46.56499863 -15.87500000 484.19000244
46.56499863 -15.23099995 484.20001221
46.56499863 -14.58600044 484.19000244
46.56499863 -13.94200039 484.19000244
46.56499863 -13.29699993 484.19000244
46.56499863 -12.65200043 484.19000244
46.56600189 -12.00699997 484.20001221
46.56600189 -11.36200047 484.20001221
46.56600189 -10.71800041 484.20001221
46.56600189 -10.07299995 484.20001221
46.56600189 -9.42770004 484.20001221
46.56700134 -7.49350023 484.20999146
46.56700134 -6.84880018 484.20999146
46.56700134 -6.20410013 484.20999146
46.56800079 -5.55919981 484.22000122
46.56800079 -4.91459990 484.23001099
46.56800079 -4.26999998 484.23001099
46.56800079 -3.62500000 484.23001099
46.56800079 -2.33459997 484.22000122
46.56800079 -1.68959999 484.23001099
46.56800079 -1.04480004 484.22000122
46.56800079 -0.39982000 484.22000122
46.56800079 0.24523000 484.23001099
46.56800079 0.88967001 484.23001099
46.56900024 1.53470004 484.23001099
46.56900024 2.82489991 484.23999023
46.56900024 3.46989989 484.23999023
46.56999969 4.11569977 484.23999023
46.56999969 4.76060009 484.25000000
46.57199860 5.40609980 484.26000977
46.57199860 6.05000019 484.26000977
46.57199860 6.69549990 484.26998901
46.57199860 7.33930016 484.26998901
46.57199860 7.98470020 484.26000977
46.57199860 8.63039970 484.26998901
46.57099915 9.27509975 484.26000977
46.57099915 9.92000008 484.26000977
46.57099915 10.56499958 484.26000977
46.56999969 11.21000004 484.25000000
46.57099915 11.85499954 484.26000977
46.57099915 12.50000000 484.26000977
46.57199860 13.14500046 484.26998901
46.57199860 13.78999996 484.26000977
46.57099915 14.43400002 484.26000977
46.57099915 15.07900047 484.25000000
46.57099915 15.72399998 484.25000000
46.57099915 16.36899948 484.26000977
46.57099915 17.01499939 484.26000977
46.57099915 17.65900040 484.26000977
46.57099915 18.30500031 484.26000977
46.57099915 18.95000076 484.25000000
46.57099915 19.59499931 484.26000977
46.57099915 20.23999977 484.26000977
46.56999969 23.46500015 484.25000000
46.56999969 24.11000061 484.25000000
46.56999969 24.75499916 484.25000000
46.56999969 25.39999962 484.25000000
46.57099915 26.04599953 484.25000000
46.57099915 26.69099998 484.25000000
46.57099915 27.33600044 484.26000977
46.57099915 27.98100090 484.26000977
46.56999969 28.62500000 484.25000000
46.56999969 29.27099991 484.25000000
46.56999969 29.91500092 484.23999023
46.56900024 30.55999947 484.23999023
46.56900024 31.20599937 484.23999023
46.56900024 31.85000038 484.23999023
46.56900024 32.49499893 484.23001099
46.56800079 33.13999939 484.23001099
46.56700134 33.78300095 484.22000122
46.56600189 34.42699814 484.20999146
46.56600189 35.07300186 484.20999146
46.56600189 35.71699905 484.20001221
46.56600189 36.36199951 484.20001221
46.56499863 37.00600052 484.19000244
46.56399918 37.65000153 484.19000244
46.56299973 38.29499817 484.17999268
46.56299973 38.93999863 484.17001343
46.56299973 39.58399963 484.17001343
46.56299973 40.22900009 484.17001343
46.56200027 40.87300110 484.17001343
46.56100082 41.51699829 484.16000366
46.56000137 42.16199875 484.14999390
46.56000137 42.80599976 484.14001465
46.56000137 43.45100021 484.14001465
46.55899811 44.09600067 484.14001465
47.21699905 42.81700134 484.26998901
47.21699905 42.17300034 484.27999878
47.21799850 41.52799988 484.29000854
47.21900177 40.88499832 484.29000854
47.21900177 40.23899841 484.29000854
47.21900177 39.59400177 484.29998779
47.21900177 38.95000076 484.29998779
47.22000122 38.30500031 484.30999756
47.22100067 37.66099930 484.30999756
47.22100067 37.01599884 484.32000732
47.22100067 36.37099838 484.32000732
47.22200012 35.72499847 484.32000732
47.22200012 35.08100128 484.32998657
47.22299957 34.43600082 484.32998657
47.22299957 33.79100037 484.33999634
47.22399902 33.14799881 484.33999634
47.22399902 32.50299835 484.35000610
47.22399902 31.85799980 484.35000610
47.22499847 31.21299934 484.35998535
47.22499847 30.56699944 484.35998535
47.22600174 29.92200089 484.36999512
47.22700119 29.27799988 484.36999512
47.22700119 28.63299942 484.36999512
47.22700119 27.98800087 484.38000488
47.22700119 27.34300041 484.38000488
47.22700119 26.69799995 484.38000488
47.22700119 26.05200005 484.38000488
47.22700119 25.40600014 484.36999512
47.22700119 24.76099968 484.36999512
47.22700119 24.11599922 484.36999512
47.22800064 20.24600029 484.38000488
47.22800064 19.60000038 484.38000488
47.22700119 18.95499992 484.38000488
47.22700119 17.66399956 484.38000488
47.22700119 17.01899910 484.38000488
47.22700119 16.37400055 484.38000488
47.22700119 15.72799969 484.38000488
47.22700119 15.08300018 484.38000488
47.22800064 14.43799973 484.38000488
47.22800064 13.79300022 484.39001465
47.22900009 13.14900017 484.39001465
47.22800064 12.50300026 484.39001465
47.22800064 11.85799980 484.39001465
47.22700119 11.21300030 484.38000488
47.22700119 10.56799984 484.38000488
47.22700119 9.92249966 484.38000488
47.22700119 9.27750015 484.38000488
47.22800064 8.63199997 484.39001465
47.22800064 7.98719978 484.39001465
47.22800064 7.34259987 484.39001465
47.22800064 6.69719982 484.39001465
47.22800064 6.05159998 484.39001465
47.22800064 5.40689993 484.39001465
47.22700119 4.76140022 484.38000488
47.22700119 4.11670017 484.36999512
47.22600174 3.47059989 484.36999512
47.22600174 2.82559991 484.35998535
47.22600174 2.18070006 484.35998535
47.22499847 1.53530002 484.35998535
47.22399902 0.89019001 484.35000610
47.22499847 0.24527000 484.35000610
47.22399902 -0.40011999 484.35000610
47.22399902 -1.04519999 484.35000610
47.22399902 -1.69009995 484.35000610
47.22399902 -3.62500000 484.35000610
47.22399902 -4.27029991 484.33999634
47.22399902 -4.91550016 484.33999634
47.22399902 -5.56050014 484.33999634
47.22399902 -6.20550013 484.33999634
47.22399902 -6.85029984 484.33999634
47.22399902 -7.49520016 484.33999634
47.22299957 -8.14000034 484.33999634
47.22299957 -8.78499985 484.32998657
47.22299957 -9.43000031 484.33999634
47.22299957 -10.07499981 484.33999634
47.22299957 -10.72099972 484.33999634
47.22299957 -11.36499977 484.32998657
47.22200012 -12.01000023 484.32000732
47.22200012 -12.65600014 484.32000732
47.22200012 -13.30000019 484.32000732
47.22200012 -13.94600010 484.32998657
47.22200012 -14.59000015 484.32998657
47.22200012 -15.23400021 484.32998657
47.22100067 -15.87800026 484.32000732
47.22100067 -16.52300072 484.32000732
47.22100067 -17.16900063 484.30999756
47.22100067 -17.81399918 484.30999756
47.22100067 -18.45899963 484.30999756
47.22000122 -19.10499954 484.30999756
47.22100067 -19.74900055 484.30999756
47.21900177 -20.39299965 484.29998779
47.22000122 -21.03899956 484.29998779
47.21900177 -21.68300056 484.29998779
47.21900177 -22.32799911 484.29998779
47.21900177 -22.97200012 484.29000854
47.21799850 -23.61700058 484.27999878
47.21799850 -24.26199913 484.27999878
47.21799850 -24.90699959 484.27999878
47.21699905 -25.55100060 484.27999878
47.21699905 -26.19599915 484.26998901
47.21599960 -26.84099960 484.26998901
47.21599960 -27.48600006 484.26998901
47.21599960 -28.12999916 484.26000977
47.21599960 -28.77599907 484.26998901
47.21699905 -29.42000008 484.26998901
47.21599960 -30.06500053 484.26998901
47.21599960 -30.70899963 484.26998901
47.21599960 -31.35300064 484.26000977
47.21500015 -31.99900055 484.25000000
47.21500015 -32.64300156 484.25000000
47.21400070 -33.28799820 484.23999023
47.21400070 -33.93299866 484.23999023
47.21300125 -34.57699966 484.23999023
47.21300125 -35.22100067 484.23001099
47.21200180 -35.86500168 484.23001099
47.21200180 -36.50999832 484.22000122
47.21200180 -37.15399933 484.22000122
47.21200180 -37.79899979 484.22000122
47.21099854 -38.44300079 484.22000122
47.21099854 -39.08700180 484.20999146
47.20999908 -39.73199844 484.20001221
47.20999908 -40.37599945 484.20001221
47.20999908 -41.02099991 484.20001221
47.20999908 -41.66600037 484.20001221
47.20899963 -42.31000137 484.20001221
47.20899963 -42.95500183 484.19000244
47.20899963 -43.59899902 484.19000244
47.20899963 -44.24399948 484.19000244
47.20800018 -44.88800049 484.19000244
47.20800018 -45.53300095 484.19000244
47.20800018 -46.17699814 484.17999268
47.20800018 -46.82099915 484.17999268
47.20700073 -47.46599960 484.17999268
47.20700073 -48.11000061 484.17999268
47.20800018 -48.75500107 484.17999268
47.86500168 -48.76800156 484.30999756
47.86399841 -48.12300110 484.29998779
47.86500168 -47.47800064 484.30999756
47.86500168 -46.83399963 484.30999756
47.86500168 -46.18899918 484.30999756
47.86500168 -45.54399872 484.30999756
47.86500168 -44.90000153 484.30999756
47.86500168 -44.25500107 484.30999756
47.86500168 -43.61000061 484.30999756
47.86600113 -42.96599960 484.32000732
47.86600113 -42.32099915 484.32000732
47.86700058 -41.67699814 484.32998657
47.86700058 -41.03200150 484.32998657
47.86700058 -40.38700104 484.32998657
47.86700058 -39.74200058 484.32998657
47.86700058 -39.09700012 484.32998657
47.86800003 -38.45299911 484.33999634
47.86800003 -37.80799866 484.33999634
47.86899948 -37.16400146 484.35000610
47.86899948 -36.51900101 484.35000610
47.86999893 -35.87400055 484.35998535
47.86999893 -35.22999954 484.35998535
47.86999893 -34.58499908 484.35998535
47.87099838 -33.94100189 484.36999512
47.87099838 -33.29600143 484.36999512
47.87099838 -32.65100098 484.36999512
47.87099838 -32.00699997 484.36999512
47.87200165 -31.36199951 484.38000488
47.87200165 -30.71699905 484.38000488
47.87300110 -30.07200050 484.39001465
47.87300110 -29.42799950 484.39001465
47.87300110 -28.78300095 484.39001465
47.87300110 -28.13699913 484.39001465
47.87300110 -27.49200058 484.39001465
47.87300110 -26.84799957 484.39001465
47.87400055 -26.20299911 484.39999390
47.87500000 -25.55800056 484.41000366
47.87500000 -24.91300011 484.41000366
47.87400055 -24.26799965 484.39999390
47.87400055 -23.62299919 484.39999390
47.87500000 -22.97800064 484.41000366
47.87599945 -22.33300018 484.42001343
47.87599945 -21.68799973 484.42001343
47.87699890 -21.04400063 484.42999268
47.87599945 -20.39900017 484.42001343
47.87699890 -19.75399971 484.42999268
47.87699890 -19.10899925 484.44000244
47.87799835 -18.46400070 484.44000244
47.87799835 -17.81900024 484.44000244
47.87699890 -17.17300034 484.42999268
47.87799835 -16.52799988 484.44000244
47.87799835 -15.88199997 484.44000244
47.87799835 -15.23799992 484.44000244
47.87900162 -14.59300041 484.45001221
47.87900162 -13.94900036 484.45001221
47.87900162 -13.30399990 484.45001221
47.88000107 -12.65799999 484.45999146
47.88000107 -12.01299953 484.45999146
47.88100052 -11.36800003 484.47000122
47.88100052 -10.72299957 484.47000122
47.88100052 -10.07800007 484.47000122
47.88000107 -9.43239975 484.47000122
47.88000107 -8.78740025 484.45999146
47.88100052 -8.14239979 484.47000122
47.88000107 -7.49709988 484.45999146
47.88100052 -6.85230017 484.47000122
47.88100052 -6.20679998 484.47000122
47.88100052 -5.56160021 484.47000122
47.88100052 -4.91650009 484.47000122
47.88100052 -4.27120018 484.47000122
47.88100052 -3.62560010 484.48001099
47.88100052 -2.33570004 484.47000122
47.88100052 -1.69050002 484.47000122
47.88199997 -1.04530001 484.48001099
47.88199997 -0.40002000 484.48001099
47.88199997 0.24552999 484.48001099
47.88100052 0.89047003 484.47000122
47.88199997 1.53610003 484.48001099
47.88299942 2.18149996 484.48999023
47.88299942 2.82649994 484.48999023
47.88299942 3.47149992 484.48999023
47.88299942 4.11759996 484.48999023
47.88299942 4.76210022 484.48999023
47.88399887 5.40799999 484.50000000
47.88399887 6.05270004 484.50000000
47.88499832 6.69910002 484.51000977
47.88499832 7.34469986 484.51000977
47.88499832 7.98920012 484.51000977
47.88499832 8.63469982 484.51000977
47.88399887 9.28009987 484.50000000
47.88499832 9.92539978 484.51000977
47.88499832 10.57100010 484.51000977
47.88499832 11.21599960 484.51000977
47.88499832 11.86100006 484.51000977
47.88600159 12.50699997 484.51998901
47.88600159 13.15200043 484.51998901
47.88499832 13.79699993 484.51000977
47.88499832 14.44200039 484.51000977
47.88499832 15.08800030 484.51000977
47.88499832 15.73299980 484.51000977
47.88499832 16.37800026 484.51000977
47.88499832 18.95999908 484.51000977
47.88499832 19.60499954 484.51998901
47.88499832 20.25099945 484.51000977
47.88399887 23.47699928 484.50000000
47.88399887 24.12199974 484.50000000
47.88299942 24.76700020 484.50000000
47.88299942 25.41300011 484.50000000
47.88399887 26.05900002 484.50000000
47.88399887 26.70400047 484.50000000
47.88399887 27.35000038 484.51000977
47.88499832 27.99500084 484.51000977
47.88399887 28.64100075 484.51000977
47.88299942 29.28499985 484.50000000
47.88199997 29.93000031 484.48999023
47.88100052 30.57500076 484.48001099
47.88100052 31.21999931 484.47000122
47.88100052 31.86499977 484.47000122
47.88100052 32.50999832 484.47000122
47.88100052 33.15700150 484.47000122
47.88199997 33.80199814 484.48001099
47.88100052 34.44599915 484.47000122
47.88000107 35.09000015 484.45999146
47.87900162 35.73500061 484.45001221
47.87900162 36.38100052 484.45001221
47.87900162 37.02600098 484.45001221
48.54100037 21.54700089 484.61999512
48.54199982 20.90099907 484.63000488
48.54299927 20.25699997 484.64001465
48.54299927 19.61100006 484.64001465
48.54199982 18.96599960 484.64001465
48.54199982 18.31900024 484.63000488
48.54199982 16.38199997 484.64001465
48.54199982 15.73700047 484.64001465
48.54199982 15.09200001 484.64001465
48.54199982 14.44600010 484.64001465
48.54199982 13.80099964 484.64001465
48.54299927 13.15600014 484.64001465
48.54299927 12.51000023 484.64001465
48.54299927 11.86400032 484.64001465
48.54199982 11.21899986 484.64001465
48.54199982 10.57400036 484.64001465
48.54199982 9.92800045 484.64001465
48.54199982 9.28240013 484.63000488
48.54199982 8.63689995 484.63000488
48.54100037 7.99119997 484.63000488
48.54100037 7.34600019 484.61999512
48.54000092 6.69990015 484.61999512
48.54100037 6.05469990 484.61999512
48.54100037 5.40950012 484.61999512
48.53799820 4.76179981 484.60000610
48.53900146 4.11719990 484.60000610
48.53900146 3.47140002 484.60000610
48.54000092 2.82680011 484.60998535
48.54000092 2.18210006 484.60998535
48.53900146 1.53659999 484.60000610
48.53900146 0.89081001 484.60000610
48.53900146 0.24544001 484.60000610
48.53900146 -0.40019000 484.60998535
48.53900146 -1.04550004 484.60998535
48.53900146 -1.69079995 484.60000610
48.53799820 -3.62660003 484.60000610
48.53799820 -4.27209997 484.60000610
48.53799820 -4.91769981 484.60000610
48.53799820 -5.56290007 484.58999634
48.53799820 -6.20849991 484.60000610
48.53799820 -6.85400009 484.60000610
48.53799820 -7.49910021 484.60000610
48.53799820 -8.14459991 484.60000610
48.53799820 -8.78969955 484.58999634
48.53799820 -9.43490028 484.58999634
48.53799820 -10.07999992 484.58999634
48.53799820 -10.72599983 484.58999634
48.53799820 -11.37100029 484.58999634
48.53699875 -12.01599979 484.57998657
48.53699875 -12.66199970 484.57998657
48.53599930 -13.30700016 484.57998657
48.53599930 -13.95199966 484.57000732
48.53599930 -14.59700012 484.57000732
48.53599930 -15.24300003 484.57000732
48.53499985 -15.88799953 484.57000732
48.53499985 -16.53300095 484.55999756
48.53499985 -17.82399940 484.55999756
48.53499985 -18.46899986 484.55999756
48.53400040 -19.11300087 484.55999756
48.53499985 -19.76000023 484.55999756
48.53400040 -20.40399933 484.54998779
48.53400040 -21.04899979 484.54998779
48.53400040 -21.69400024 484.54998779
48.53300095 -22.33900070 484.54000854
48.53200150 -22.98399925 484.54000854
48.53200150 -23.62899971 484.52999878
48.53200150 -24.27400017 484.52999878
48.53200150 -24.92000008 484.52999878
48.53200150 -25.56500053 484.52999878
48.53099823 -26.20999908 484.52999878
48.53099823 -26.85400009 484.51998901
48.52999878 -27.50000000 484.51998901
48.52999878 -28.14500046 484.51998901
48.52999878 -28.79000092 484.51000977
48.52999878 -29.43499947 484.51000977
48.52999878 -30.07999992 484.51998901
48.52999878 -30.72500038 484.51000977
48.52999878 -31.37000084 484.51000977
48.52899933 -32.01499939 484.50000000
48.52899933 -32.65999985 484.50000000
48.52799988 -33.30400085 484.48999023
48.52799988 -33.94900131 484.48999023
48.52700043 -34.59400177 484.48999023
48.52700043 -35.23899841 484.48001099
48.52600098 -35.88299942 484.48001099
48.52600098 -36.52799988 484.48001099
48.52600098 -37.17300034 484.47000122
48.52600098 -37.81800079 484.47000122
48.52500153 -38.46300125 484.47000122
48.52500153 -39.10699844 484.45999146
48.52500153 -39.75299835 484.45999146
48.52399826 -40.39699936 484.45999146
48.52399826 -41.04199982 484.45001221
48.52399826 -41.68700027 484.45001221
48.52399826 -42.33200073 484.45001221
48.52299881 -42.97700119 484.45001221
48.52299881 -43.62200165 484.44000244
48.52299881 -44.26699829 484.44000244
48.52299881 -44.91099930 484.44000244
48.52299881 -45.55599976 484.44000244
48.52199936 -46.20100021 484.44000244
48.52299881 -46.84700012 484.44000244
48.52299881 -47.49100113 484.44000244
48.52199936 -48.13600159 484.44000244
49.18000031 -47.50299835 484.57000732
49.18000031 -46.85800171 484.57000732
49.18000031 -46.21300125 484.55999756
49.18000031 -45.56800079 484.57000732
49.18000031 -44.92300034 484.57000732
49.18000031 -44.27799988 484.57000732
49.18000031 -43.63299942 484.57000732
49.18099976 -42.98799896 484.57000732
49.18099976 -42.34299850 484.57000732
49.18099976 -41.69800186 484.57998657
49.18099976 -41.05300140 484.57998657
49.18199921 -40.40800095 484.58999634
49.18299866 -39.76300049 484.58999634
49.18299866 -39.11899948 484.60000610
49.18399811 -38.47299957 484.60000610
49.18299866 -37.82799911 484.60000610
49.18399811 -37.18299866 484.60000610
49.18399811 -36.53699875 484.60000610
49.18399811 -35.89300156 484.60998535
49.18500137 -35.24800110 484.60998535
49.18500137 -34.60300064 484.60998535
49.18500137 -33.95800018 484.61999512
49.18500137 -33.31299973 484.61999512
49.18600082 -32.66799927 484.63000488
49.18700027 -32.02299881 484.63000488
49.18700027 -31.37800026 484.63000488
49.18700027 -30.73299980 484.64001465
49.18799973 -30.08699989 484.64001465
49.18700027 -29.44199944 484.64001465
49.18799973 -28.79800034 484.64001465
49.18799973 -28.15200043 484.64001465
49.18799973 -27.50699997 484.64999390
49.18899918 -26.86100006 484.64999390
49.18899918 -26.21699905 484.66000366
49.18899918 -25.57099915 484.64999390
49.18899918 -24.92600060 484.64999390
49.18999863 -24.28100014 484.66000366
49.18899918 -23.63500023 484.66000366
49.18999863 -22.98999977 484.67001343
49.19100189 -22.34499931 484.67001343
49.19100189 -21.70000076 484.67001343
49.19200134 -21.05400085 484.67999268
49.19100189 -20.40900040 484.67999268
49.19200134 -19.76499939 484.67999268
49.19200134 -19.11899948 484.69000244
49.19200134 -18.47299957 484.69000244
49.19300079 -17.82799911 484.69000244
49.19200134 -17.18199921 484.69000244
49.19300079 -16.53700066 484.69000244
49.19300079 -15.89200020 484.69000244
49.19400024 -15.24600029 484.70001221
49.19400024 -14.60099983 484.70001221
49.19300079 -13.95499992 484.69000244
49.19400024 -13.31000042 484.70001221
49.19400024 -12.66499996 484.70999146
49.19400024 -12.01900005 484.70999146
49.19499969 -11.37399960 484.70999146
49.19499969 -10.72799969 484.72000122
49.19499969 -10.08300018 484.72000122
49.19599915 -9.43719959 484.72000122
49.19599915 -8.79179955 484.72000122
49.19599915 -8.14640045 484.73001099
49.19699860 -7.50080013 484.73001099
49.19699860 -6.85519981 484.73001099
49.19599915 -6.20970011 484.73001099
49.19599915 -5.56389999 484.72000122
49.19599915 -4.91839981 484.72000122
49.19599915 -4.27330017 484.72000122
49.19599915 -3.62770009 484.72000122
49.19599915 -2.98230004 484.72000122
49.19499969 -2.33699989 484.72000122
49.19499969 -1.69149995 484.72000122
49.19599915 -1.04579997 484.72000122
49.19699860 -0.40004000 484.73001099
